date	Gas	Strom
2018-01-01	899	1032
2018-01-02	899	1032
2018-01-03	899	1032
2018-01-04	902	1034
2018-01-05	903	1035
2018-01-06	890	1023
2018-01-07	890	1023
2018-01-08	890	1023
2018-01-09	901	1035
2018-01-10	854	1033
2018-01-11	899	1033
2018-01-12	900	1034
2018-01-13	894	1030
2018-01-14	894	1030
2018-01-15	894	1030
2018-01-16	897	1031
2018-01-17	899	1034
2018-01-18	899	1032
2018-01-19	898	1035
2018-01-20	887	1022
2018-01-21	887	1022
2018-01-22	887	1022
2018-01-23	899	1035
2018-01-24	897	1033
2018-01-25	897	1031
2018-01-26	897	1032
2018-01-27	896	1028
2018-01-28	896	1028
2018-01-29	896	1028
2018-01-30	896	1027
2018-01-31	893	1026
2018-02-01	894	1030
2018-02-02	891	1034
2018-02-03	888	1032
2018-02-04	888	1032
2018-02-05	888	1032
2018-02-06	888	1031
2018-02-07	893	1038
2018-02-08	895	1038
2018-02-09	892	1035
2018-02-10	892	1033
2018-02-11	892	1033
2018-02-12	892	1033
2018-02-13	888	1030
2018-02-14	888	1029
2018-02-15	887	1025
2018-02-16	890	1033
2018-02-17	889	1033
2018-02-18	889	1033
2018-02-19	889	1033
2018-02-20	891	1036
2018-02-21	893	1053
2018-02-22	884	1043
2018-02-23	890	1048
2018-02-24	888	1046
2018-02-25	888	1046
2018-02-26	888	1046
2018-02-27	894	1049
2018-02-28	894	1049
2018-03-01	894	1049
2018-03-02	890	1046
2018-03-03	880	1042
2018-03-04	880	1042
2018-03-05	880	1042
2018-03-06	885	1051
2018-03-07	889	1051
2018-03-08	891	1050
2018-03-09	891	1050
2018-03-10	874	1032
2018-03-11	874	1032
2018-03-12	874	1032
2018-03-13	875	1032
2018-03-14	882	1038
2018-03-15	883	1036
2018-03-16	891	1042
2018-03-17	886	1028
2018-03-18	886	1028
2018-03-19	886	1028
2018-03-20	886	1029
2018-03-21	898	1042
2018-03-22	897	1040
2018-03-23	900	1042
2018-03-24	887	1025
2018-03-25	887	1025
2018-03-26	887	1025
2018-03-27	907	1042
2018-03-28	911	1041
2018-03-29	909	1038
2018-03-30	896	1018
2018-03-31	896	1018
2018-04-01	896	1018
2018-04-02	896	1018
2018-04-03	896	1018
2018-04-04	895	1034
2018-04-05	881	1026
2018-04-06	878	1026
2018-04-07	874	1021
2018-04-08	874	1021
2018-04-09	874	1021
2018-04-10	881	1030
2018-04-11	881	1030
2018-04-12	878	1028
2018-04-13	881	1031
2018-04-14	872	1019
2018-04-15	872	1019
2018-04-16	872	1019
2018-04-17	879	1039
2018-04-18	878	1040
2018-04-19	877	1038
2018-04-20	879	1038
2018-04-21	869	1030
2018-04-22	869	1030
2018-04-23	869	1030
2018-04-24	872	1034
2018-04-25	875	1033
2018-04-26	873	1032
2018-04-27	874	1026
2018-04-28	863	1023
2018-04-29	863	1023
2018-04-30	863	1023
2018-05-01	863	1019
2018-05-02	863	1019
2018-05-03	867	1023
2018-05-04	868	1023
2018-05-05	863	1018
2018-05-06	863	1018
2018-05-07	863	1018
2018-05-08	863	1027
2018-05-09	864	1028
2018-05-10	864	1030
2018-05-11	864	1030
2018-05-12	861	1028
2018-05-13	861	1028
2018-05-14	861	1028
2018-05-15	858	1029
2018-05-16	860	1030
2018-05-17	862	1031
2018-05-18	862	1031
2018-05-19	855	1024
2018-05-20	855	1024
2018-05-21	855	1024
2018-05-22	855	1024
2018-05-23	857	1031
2018-05-24	737	1035
2018-05-25	857	1034
2018-05-26	894	1031
2018-05-27	894	1031
2018-05-28	894	1031
2018-05-29	897	1040
2018-05-30	897	1036
2018-05-31	892	1033
2018-06-01	892	1033
2018-06-02	893	1026
2018-06-03	893	1026
2018-06-04	893	1026
2018-06-05	915	1038
2018-06-06	914	1038
2018-06-07	914	1038
2018-06-08	914	1039
2018-06-09	914	1039
2018-06-10	914	1039
2018-06-11	914	1039
2018-06-12	919	1039
2018-06-13	918	1039
2018-06-14	918	1038
2018-06-15	918	1038
2018-06-16	918	1037
2018-06-17	918	1037
2018-06-18	918	1037
2018-06-19	918	1037
2018-06-20	921	1037
2018-06-21	921	1038
2018-06-22	921	1040
2018-06-23	913	1036
2018-06-24	913	1036
2018-06-25	913	1036
2018-06-26	919	1039
2018-06-27	919	1040
2018-06-28	919	1040
2018-06-29	919	1039
2018-06-30	920	1039
2018-07-01	920	1039
2018-07-02	920	1039
2018-07-03	920	1039
2018-07-04	920	1039
2018-07-05	920	1039
2018-07-06	920	1039
2018-07-07	920	1039
2018-07-08	920	1039
2018-07-09	920	1039
2018-07-10	920	1039
2018-07-11	920	1039
2018-07-12	919	1039
2018-07-13	919	1035
2018-07-14	904	1027
2018-07-15	904	1027
2018-07-16	904	1027
2018-07-17	908	1031
2018-07-18	910	1035
2018-07-19	910	1035
2018-07-20	910	1034
2018-07-21	908	1033
2018-07-22	908	1033
2018-07-23	908	1033
2018-07-24	911	1034
2018-07-25	911	1034
2018-07-26	911	1035
2018-07-27	911	1034
2018-07-28	910	1034
2018-07-29	910	1034
2018-07-30	910	1034
2018-07-31	911	1035
2018-08-01	911	1035
2018-08-02	911	1035
2018-08-03	911	1035
2018-08-04	912	1035
2018-08-05	912	1035
2018-08-06	912	1035
2018-08-07	910	1034
2018-08-08	912	1035
2018-08-09	908	1033
2018-08-10	911	1034
2018-08-11	907	1029
2018-08-12	907	1029
2018-08-13	907	1029
2018-08-14	912	1035
2018-08-15	910	1034
2018-08-16	910	1034
2018-08-17	910	1035
2018-08-18	906	1029
2018-08-19	906	1029
2018-08-20	906	1029
2018-08-21	912	1035
2018-08-22	908	1035
2018-08-23	907	1035
2018-08-24	907	1035
2018-08-25	904	1030
2018-08-26	904	1030
2018-08-27	904	1030
2018-08-28	802	980
2018-08-29	882	1031
2018-08-30	881	1031
2018-08-31	884	1033
2018-09-01	895	1023
2018-09-02	895	1023
2018-09-03	895	1023
2018-09-04	903	1035
2018-09-05	901	1035
2018-09-06	909	1034
2018-09-07	910	1034
2018-09-08	907	1031
2018-09-09	907	1031
2018-09-10	907	1031
2018-09-11	910	1034
2018-09-12	908	1035
2018-09-13	911	1035
2018-09-14	910	1034
2018-09-15	904	1030
2018-09-16	904	1030
2018-09-17	904	1030
2018-09-18	909	1034
2018-09-19	910	1032
2018-09-20	912	1033
2018-09-21	912	1033
2018-09-22	903	1027
2018-09-23	903	1027
2018-09-24	903	1027
2018-09-25	913	1035
2018-09-26	913	1035
2018-09-27	913	1035
2018-09-28	913	1030
2018-09-29	908	1030
2018-09-30	908	1030
2018-10-01	908	1030
2018-10-02	911	1028
2018-10-03	915	1031
2018-10-04	915	1031
2018-10-05	915	1031
2018-10-06	915	1029
2018-10-07	915	1029
2018-10-08	915	1029
2018-10-09	916	1029
2018-10-10	916	1030
2018-10-11	940	1030
2018-10-12	950	1029
2018-10-13	939	1030
2018-10-14	939	1030
2018-10-15	939	1030
2018-10-16	941	1030
2018-10-17	941	1057
2018-10-18	918	1057
2018-10-19	918	1057
2018-10-20	929	1051
2018-10-21	929	1051
2018-10-22	929	1051
2018-10-23	929	1056
2018-10-24	929	1059
2018-10-25	975	1054
2018-10-26	989	1053
2018-10-27	990	1053
2018-10-28	990	1053
2018-10-29	990	1053
2018-10-30	987	1053
2018-10-31	987	1051
2018-11-01	986	1051
2018-11-02	987	1051
2018-11-03	987	1051
2018-11-04	987	1051
2018-11-05	987	1050
2018-11-06	987	1051
2018-11-07	987	1052
2018-11-08	987	1052
2018-11-09	987	1052
2018-11-10	988	1052
2018-11-11	988	1052
2018-11-12	988	1052
2018-11-13	997	1052
2018-11-14	997	1054
2018-11-15	1002	1054
2018-11-16	999	1054
2018-11-17	1032	1071
2018-11-18	1032	1071
2018-11-19	1032	1071
2018-11-20	1040	1071
2018-11-21	1040	1071
2018-11-22	1041	1074
2018-11-23	1042	1076
2018-11-24	1043	1076
2018-11-25	1043	1076
2018-11-26	1043	1076
2018-11-27	1043	1076
2018-11-28	1044	1077
2018-11-29	1044	1078
2018-11-30	1044	1082
2018-12-01	1042	1082
2018-12-02	1042	1082
2018-12-03	1042	1082
2018-12-04	1042	1083
2018-12-05	1041	1083
2018-12-06	1042	1083
2018-12-07	1042	1083
2018-12-08	1044	1083
2018-12-09	1044	1083
2018-12-10	1044	1083
2018-12-11	1044	1083
2018-12-12	1044	1083
2018-12-13	1043	1083
2018-12-14	1044	1083
2018-12-15	1044	1084
2018-12-16	1044	1083
2018-12-17	1043	1083
2018-12-18	1052	1095
2018-12-19	1052	1095
2018-12-20	1052	1095
2018-12-21	1045	1096
2018-12-22	1063	1099
2018-12-23	1063	1099
2018-12-24	1063	1099
2018-12-25	1063	1099
2018-12-26	1063	1099
2018-12-27	1063	1099
2018-12-28	1063	1099
2018-12-29	1063	1099
2018-12-30	1063	1099
2018-12-31	1063	1099
2019-01-01	1080	1102
2019-01-02	1080	1102
2019-01-03	1080	1102
2019-01-04	1079	1102
2019-01-05	1084	1103
2019-01-06	1087	1106
2019-01-07	1090	1110
2019-01-08	1090	1110
2019-01-09	1087	1110
2019-01-10	1087	1110
2019-01-11	1080	1110
2019-01-12	1089	1111
2019-01-13	1089	1111
2019-01-14	1089	1111
2019-01-15	1089	1114
2019-01-16	1089	1114
2019-01-17	1080	1114
2019-01-18	1092	1115
2019-01-19	1092	1115
2019-01-20	1092	1115
2019-01-21	1092	1115
2019-01-22	1092	1115
2019-01-23	1091	1115
2019-01-24	1091	1115
2019-01-25	1091	1114
2019-01-26	1091	1114
2019-01-27	1092	1115
2019-01-28	1092	1115
2019-01-29	1092	1115
2019-01-30	1091	1115
2019-01-31	1092	1115
2019-02-01	1097	1115
2019-02-02	1100	1122
2019-02-03	1102	1122
2019-02-04	1103	1122
2019-02-05	1103	1122
2019-02-06	1103	1122
2019-02-07	1100	1125
2019-02-08	1104	1125
2019-02-09	1105	1127
2019-02-10	1105	1127
2019-02-11	1105	1127
2019-02-12	1107	1127
2019-02-13	1103	1128
2019-02-14	1104	1138
2019-02-15	1111	1142
2019-02-16	1108	1140
2019-02-17	1108	1140
2019-02-18	1108	1140
2019-02-19	1107	1145
2019-02-20	1107	1145
2019-02-21	1107	1145
2019-02-22	1107	1145
2019-02-23	1107	1145
2019-02-24	1107	1145
2019-02-25	1107	1145
2019-02-26	1107	1145
2019-02-27	1108	1145
2019-02-28	1107	1145
2019-03-01	1107	1145
2019-03-02	1107	1145
2019-03-03	1107	1145
2019-03-04	1107	1145
2019-03-05	1107	1146
2019-03-06	1107	1146
2019-03-07	1107	1146
2019-03-08	1104	1146
2019-03-09	1104	1133
2019-03-10	1104	1133
2019-03-11	1104	1133
2019-03-12	1104	1132
2019-03-13	1104	1132
2019-03-14	1104	1133
2019-03-15	1101	1133
2019-03-16	1100	1132
2019-03-17	1100	1132
2019-03-18	1100	1132
2019-03-19	1101	1132
2019-03-20	1100	1132
2019-03-21	1101	1134
2019-03-22	1096	1134
2019-03-23	1097	1134
2019-03-24	1097	1134
2019-03-25	1097	1134
2019-03-26	1097	1134
2019-03-27	1097	1134
2019-03-28	1097	1134
2019-03-29	1084	1140
2019-03-30	1084	1140
2019-03-31	1084	1140
2019-04-01	1084	1140
2019-04-02	1084	1140
2019-04-03	1084	1139
2019-04-04	1084	1138
2019-04-05	1081	1138
2019-04-06	1080	1137
2019-04-07	1081	1137
2019-04-08	1081	1137
2019-04-09	1081	1140
2019-04-10	1084	1141
2019-04-11	1083	1140
2019-04-12	1084	1138
2019-04-13	1082	1138
2019-04-14	1082	1138
2019-04-15	1082	1138
2019-04-16	1082	1138
2019-04-17	1082	1138
2019-04-18	1082	1138
2019-04-19	1081	1135
2019-04-20	1081	1135
2019-04-21	1081	1135
2019-04-22	1081	1135
2019-04-23	1081	1135
2019-04-24	1081	1134
2019-04-25	1080	1132
2019-04-26	1081	1129
2019-04-27	1080	1132
2019-04-28	1080	1132
2019-04-29	1080	1132
2019-04-30	1079	1134
2019-05-01	1079	1134
2019-05-02	1079	1134
2019-05-03	1081	1134
2019-05-04	1076	1134
2019-05-05	1076	1134
2019-05-06	1076	1134
2019-05-07	1076	1134
2019-05-08	1076	1134
2019-05-09	1076	1134
2019-05-10	1075	1134
2019-05-11	1078	1134
2019-05-12	1079	1134
2019-05-13	1079	1134
2019-05-14	1079	1134
2019-05-15	1078	1134
2019-05-16	1078	1134
2019-05-17	1078	1134
2019-05-18	1079	1134
2019-05-19	1079	1134
2019-05-20	1079	1134
2019-05-21	1079	1134
2019-05-22	1079	1134
2019-05-23	1079	1134
2019-05-24	1077	1134
2019-05-25	1076	1134
2019-05-26	1076	1134
2019-05-27	1076	1134
2019-05-28	1076	1134
2019-05-29	1076	1134
2019-05-30	1075	1134
2019-05-31	1075	1134
2019-06-01	1073	1134
2019-06-02	1073	1134
2019-06-03	1073	1134
2019-06-04	1073	1134
2019-06-05	1072	1134
2019-06-06	1071	1134
2019-06-07	1068	1134
2019-06-08	1067	1133
2019-06-09	1067	1133
2019-06-10	1067	1133
2019-06-11	1067	1133
2019-06-12	1065	1133
2019-06-13	1067	1133
2019-06-14	1065	1133
2019-06-15	1064	1133
2019-06-16	1064	1133
2019-06-17	1064	1134
2019-06-18	1064	1134
2019-06-19	1064	1134
2019-06-20	1064	1134
2019-06-21	1062	1133
2019-06-22	1061	1133
2019-06-23	1061	1133
2019-06-24	1061	1133
2019-06-25	1060	1133
2019-06-26	1060	1133
2019-06-27	1060	1133
2019-06-28	1059	1133
2019-06-29	1058	1133
2019-06-30	1058	1133
2019-07-01	1058	1134
2019-07-02	1054	1134
2019-07-03	1054	1134
2019-07-04	1054	1134
2019-07-05	1053	1133
2019-07-06	1053	1133
2019-07-07	1053	1133
2019-07-08	1053	1133
2019-07-09	1052	1133
2019-07-10	1052	1133
2019-07-11	1052	1133
2019-07-12	1051	1134
2019-07-13	1050	1133
2019-07-14	1050	1133
2019-07-15	1050	1133
2019-07-16	1051	1133
2019-07-17	1052	1133
2019-07-18	1052	1133
2019-07-19	1052	1134
2019-07-20	1060	1134
2019-07-21	1060	1134
2019-07-22	1060	1134
2019-07-23	1059	1134
2019-07-24	1059	1134
2019-07-25	1059	1134
2019-07-26	1056	1133
2019-07-27	1055	1133
2019-07-28	1055	1133
2019-07-29	1055	1133
2019-07-30	1055	1133
2019-07-31	1056	1133
2019-08-01	1055	1133
2019-08-02	1055	1133
2019-08-03	1055	1133
2019-08-04	1055	1133
2019-08-05	1055	1133
2019-08-06	1055	1133
2019-08-07	1054	1133
2019-08-08	1054	1133
2019-08-09	1054	1133
2019-08-10	1054	1132
2019-08-11	1054	1132
2019-08-12	1054	1132
2019-08-13	1054	1132
2019-08-14	1054	1132
2019-08-15	1052	1130
2019-08-16	1052	1132
2019-08-17	1051	1131
2019-08-18	1051	1131
2019-08-19	1051	1131
2019-08-20	1051	1131
2019-08-21	1047	1131
2019-08-22	1047	1131
2019-08-23	1042	1130
2019-08-24	1040	1130
2019-08-25	1040	1130
2019-08-26	1040	1130
2019-08-27	1040	1130
2019-08-28	1040	1130
2019-08-29	1040	1130
2019-08-30	1040	1130
2019-08-31	1040	1130
2019-09-01	1039	1130
2019-09-02	1039	1130
2019-09-03	1039	1130
2019-09-04	1039	1130
2019-09-05	1039	1130
2019-09-06	1035	1130
2019-09-07	1033	1130
2019-09-08	1033	1130
2019-09-09	1033	1130
2019-09-10	1033	1130
2019-09-11	1033	1130
2019-09-12	1032	1130
2019-09-13	1027	1131
2019-09-14	1031	1131
2019-09-15	1031	1131
2019-09-16	1030	1131
2019-09-17	1031	1131
2019-09-18	1038	1131
2019-09-19	1038	1131
2019-09-20	1034	1130
2019-09-21	1034	1130
2019-09-22	1034	1130
2019-09-23	1034	1130
2019-09-24	1034	1130
2019-09-25	1032	1130
2019-09-26	1034	1130
2019-09-27	1033	1131
2019-09-28	1023	1131
2019-09-29	1023	1131
2019-09-30	1023	1131
2019-10-01	1020	1129
2019-10-02	1021	1128
2019-10-03	1021	1128
2019-10-04	1021	1128
2019-10-05	1020	1125
2019-10-06	1020	1124
2019-10-07	1020	1123
2019-10-08	1013	1123
2019-10-09	1012	1123
2019-10-10	1013	1123
2019-10-11	1010	1120
2019-10-12	1010	1120
2019-10-13	1010	1119
2019-10-14	1010	1119
2019-10-15	1012	1119
2019-10-16	1012	1119
2019-10-17	1012	1119
2019-10-18	1012	1119
2019-10-19	1012	1119
2019-10-20	1012	1119
2019-10-21	1012	1119
2019-10-22	1012	1120
2019-10-23	1012	1120
2019-10-24	1012	1120
2019-10-25	1011	1124
2019-10-26	1014	1125
2019-10-27	1014	1125
2019-10-28	1014	1125
2019-10-29	1014	1125
2019-10-30	1014	1125
2019-10-31	1012	1125
2019-11-01	1011	1126
2019-11-02	1011	1126
2019-11-03	1011	1126
2019-11-04	1011	1126
2019-11-05	1012	1126
2019-11-06	1011	1126
2019-11-07	1011	1126
2019-11-08	1010	1126
2019-11-09	1010	1128
2019-11-10	1010	1128
2019-11-11	1011	1128
2019-11-12	1010	1130
2019-11-13	1010	1130
2019-11-14	1010	1130
2019-11-15	1009	1130
2019-11-16	1013	1127
2019-11-17	1013	1127
2019-11-18	1013	1127
2019-11-19	1012	1127
2019-11-20	1012	1127
2019-11-21	1014	1127
2019-11-22	1012	1131
2019-11-23	1012	1131
2019-11-24	1012	1131
2019-11-25	1012	1131
2019-11-26	1011	1131
2019-11-27	1011	1131
2019-11-28	1010	1131
2019-11-29	1010	1145
2019-11-30	1011	1146
2019-12-01	1011	1146
2019-12-02	1011	1146
2019-12-03	1011	1146
2019-12-04	1011	1146
2019-12-05	1011	1146
2019-12-06	999	1140
2019-12-07	998	1142
2019-12-08	998	1142
2019-12-09	998	1142
2019-12-10	998	1142
2019-12-11	998	1142
2019-12-12	998	1142
2019-12-13	1004	1142
2019-12-14	1004	1141
2019-12-15	1004	1141
2019-12-16	1004	1141
2019-12-17	1006	1141
2019-12-18	1004	1140
2019-12-19	1006	1141
2019-12-20	1006	1141
2019-12-21	1010	1140
2019-12-22	1010	1140
2019-12-23	1010	1140
2019-12-24	1011	1140
2019-12-25	1011	1140
2019-12-26	1011	1140
2019-12-27	1011	1141
2019-12-28	1011	1140
2019-12-29	1011	1140
2019-12-30	1011	1140
2019-12-31	1011	1140
2020-01-01	1011	1140
2020-01-02	1011	1140
2020-01-03	1011	1140
2020-01-04	1009	1141
2020-01-05	1009	1141
2020-01-06	1009	1141
2020-01-07	1009	1141
2020-01-08	1009	1141
2020-01-09	1009	1141
2020-01-10	1009	1142
2020-01-11	1009	1142
2020-01-12	1009	1142
2020-01-13	1009	1142
2020-01-14	1009	1142
2020-01-15	1009	1142
2020-01-16	1009	1142
2020-01-17	1009	1142
2020-01-18	1009	1142
2020-01-19	1009	1142
2020-01-20	1008	1141
2020-01-21	1008	1142
2020-01-22	1008	1141
2020-01-23	1008	1141
2020-01-24	1004	1141
2020-01-25	1004	1142
2020-01-26	1004	1142
2020-01-27	1004	1142
2020-01-28	1004	1142
2020-01-29	1005	1142
2020-01-30	1005	1141
2020-01-31	1004	1142
2020-02-01	1005	1142
2020-02-02	1005	1142
2020-02-03	1005	1142
2020-02-04	989	1141
2020-02-05	990	1141
2020-02-06	1004	1141
2020-02-07	1004	1141
2020-02-08	1004	1141
2020-02-09	1004	1141
2020-02-10	1004	1141
2020-02-11	1004	1141
2020-02-12	1003	1141
2020-02-13	1003	1141
2020-02-14	1002	1141
2020-02-15	966	1141
2020-02-16	966	1141
2020-02-17	966	1141
2020-02-18	966	1140
2020-02-19	966	1140
2020-02-20	966	1140
2020-02-21	966	1140
2020-02-22	966	1140
2020-02-23	966	1140
2020-02-24	966	1140
2020-02-25	966	1140
2020-02-26	966	1140
2020-02-27	966	1140
2020-02-28	965	1129
2020-02-29	965	1126
2020-03-01	965	1126
2020-03-02	965	1126
2020-03-03	965	1126
2020-03-04	965	1139
2020-03-05	964	1139
2020-03-06	962	1140
2020-03-07	962	1140
2020-03-08	962	1140
2020-03-09	962	1140
2020-03-10	962	1139
2020-03-11	962	1139
2020-03-12	962	1139
2020-03-13	960	1139
2020-03-14	960	1139
2020-03-15	960	1139
2020-03-16	960	1139
2020-03-17	960	1139
2020-03-18	960	1139
2020-03-19	960	1139
2020-03-20	950	1138
2020-03-21	950	1138
2020-03-22	950	1138
2020-03-23	950	1138
2020-03-24	950	1138
2020-03-25	950	1138
2020-03-26	950	1138
2020-03-27	943	1137
2020-03-28	940	1137
2020-03-29	940	1137
2020-03-30	940	1137
2020-03-31	940	1137
2020-04-01	940	1135
2020-04-02	940	1135
2020-04-03	931	1135
2020-04-04	931	1135
2020-04-05	931	1135
2020-04-06	931	1135
2020-04-07	930	1135
2020-04-08	926	1135
2020-04-09	926	1134
2020-04-10	926	1132
2020-04-11	926	1120
2020-04-12	926	1120
2020-04-13	926	1120
2020-04-14	926	1120
2020-04-15	926	1112
2020-04-16	926	1111
2020-04-17	924	1132
2020-04-18	924	1132
2020-04-19	924	1132
2020-04-20	924	1132
2020-04-21	924	1132
2020-04-22	924	1132
2020-04-23	924	1132
2020-04-24	923	1132
2020-04-25	923	1132
2020-04-26	923	1132
2020-04-27	923	1132
2020-04-28	924	1132
2020-04-29	924	1132
2020-04-30	924	1132
2020-05-01	918	1131
2020-05-02	918	1131
2020-05-03	918	1131
2020-05-04	918	1131
2020-05-05	917	1126
2020-05-06	917	1126
2020-05-07	964	1126
2020-05-08	965	1125
2020-05-09	917	1129
2020-05-10	917	1129
2020-05-11	917	1129
2020-05-12	917	1129
2020-05-13	917	1129
2020-05-14	917	1129
2020-05-15	916	1129
2020-05-16	916	1126
2020-05-17	916	1126
2020-05-18	916	1126
2020-05-19	916	1126
2020-05-20	916	1125
2020-05-21	916	1125
2020-05-22	916	1125
2020-05-23	916	1124
2020-05-24	916	1124
2020-05-25	916	1124
2020-05-26	916	1124
2020-05-27	916	1124
2020-05-28	916	1124
2020-05-29	914	1124
2020-05-30	913	1124
2020-05-31	913	1124
2020-06-01	913	1124
2020-06-02	913	1124
2020-06-03	912	1124
2020-06-04	912	1123
2020-06-05	912	1122
2020-06-06	912	1122
2020-06-07	912	1122
2020-06-08	912	1122
2020-06-09	912	1122
2020-06-10	912	1122
2020-06-11	912	1122
2020-06-12	912	1122
2020-06-13	911	1122
2020-06-14	911	1122
2020-06-15	911	1122
2020-06-16	912	1122
2020-06-17	911	1122
2020-06-18	911	1121
2020-06-19	911	1119
2020-06-20	911	1118
2020-06-21	911	1118
2020-06-22	911	1118
2020-06-23	911	1118
2020-06-24	911	1118
2020-06-25	911	1118
2020-06-26	911	1117
2020-06-27	911	1117
2020-06-28	911	1117
2020-06-29	911	1117
2020-06-30	911	1117
2020-07-01	772	1106
2020-07-02	778	955
2020-07-03	783	972
2020-07-04	890	1066
2020-07-05	888	1066
2020-07-06	887	1066
2020-07-07	887	1067
2020-07-08	885	1067
2020-07-09	886	1067
2020-07-10	880	1075
2020-07-11	879	1075
2020-07-12	879	1075
2020-07-13	878	1075
2020-07-14	878	1087
2020-07-15	878	1087
2020-07-16	878	1087
2020-07-17	877	1087
2020-07-18	877	1089
2020-07-19	877	1089
2020-07-20	877	1089
2020-07-21	876	1089
2020-07-22	877	1089
2020-07-23	877	1089
2020-07-24	877	1087
2020-07-25	877	1087
2020-07-26	877	1087
2020-07-27	877	1087
2020-07-28	876	1087
2020-07-29	876	1087
2020-07-30	875	1086
2020-07-31	875	1086
2020-08-01	874	1086
2020-08-02	874	1086
2020-08-03	874	1086
2020-08-04	873	1085
2020-08-05	873	1082
2020-08-06	873	1082
2020-08-07	873	1082
2020-08-08	873	1080
2020-08-09	873	1080
2020-08-10	873	1080
2020-08-11	873	1079
2020-08-12	873	1078
2020-08-13	873	1078
2020-08-14	873	1078
2020-08-15	872	1076
2020-08-16	872	1076
2020-08-17	872	1076
2020-08-18	872	1075
2020-08-19	873	1075
2020-08-20	873	1073
2020-08-21	873	570
2020-08-22	873	1068
2020-08-23	873	1068
2020-08-24	873	1068
2020-08-25	873	1070
2020-08-26	873	1072
2020-08-27	873	1073
2020-08-28	873	1072
2020-08-29	874	1063
2020-08-30	874	1063
2020-08-31	874	1063
2020-09-01	875	1066
2020-09-02	876	1070
2020-09-03	876	1070
2020-09-04	885	1070
2020-09-05	888	1058
2020-09-06	888	1058
2020-09-07	888	1058
2020-09-08	888	1058
2020-09-09	888	1068
2020-09-10	888	1059
2020-09-11	884	1059
2020-09-12	884	1059
2020-09-13	884	1059
2020-09-14	884	1059
2020-09-15	885	1060
2020-09-16	885	1067
2020-09-17	885	1068
2020-09-18	884	1063
2020-09-19	884	1064
2020-09-20	884	1064
2020-09-21	884	1064
2020-09-22	884	1067
2020-09-23	884	1064
2020-09-24	884	1065
2020-09-25	884	1064
2020-09-26	884	1066
2020-09-27	884	1066
2020-09-28	884	1066
2020-09-29	883	1062
2020-09-30	883	1067
2020-10-01	884	1069
2020-10-02	881	1069
2020-10-03	881	1070
2020-10-04	881	1069
2020-10-05	881	1068
2020-10-06	881	1067
2020-10-07	881	1069
2020-10-08	881	1069
2020-10-09	881	1069
2020-10-10	881	1070
2020-10-11	881	1070
2020-10-12	881	1070
2020-10-13	881	1070
2020-10-14	881	1070
2020-10-15	881	1070
2020-10-16	882	1070
2020-10-17	882	1070
2020-10-18	885	1070
2020-10-19	888	1070
2020-10-20	889	1070
2020-10-21	889	1070
2020-10-22	889	1070
2020-10-23	898	1070
2020-10-24	904	1069
2020-10-25	904	1069
2020-10-26	904	1069
2020-10-27	904	1067
2020-10-28	903	1067
2020-10-29	903	1068
2020-10-30	912	1068
2020-10-31	913	1067
2020-11-01	913	1067
2020-11-02	913	1067
2020-11-03	914	1064
2020-11-04	914	1064
2020-11-05	916	1064
2020-11-06	916	1064
2020-11-07	919	1063
2020-11-08	919	1063
2020-11-09	919	1063
2020-11-10	919	1063
2020-11-11	920	1063
2020-11-12	920	1064
2020-11-13	935	1064
2020-11-14	936	1051
2020-11-15	938	1051
2020-11-16	940	1051
2020-11-17	993	1061
2020-11-18	998	1062
2020-11-19	999	1061
2020-11-20	1001	1059
2020-11-21	1001	1059
2020-11-22	1001	1059
2020-11-23	1001	1059
2020-11-24	1001	1059
2020-11-25	1001	1059
2020-11-26	1002	1059
2020-11-27	1012	1059
2020-11-28	1012	1058
2020-11-29	1012	1058
2020-11-30	1012	1058
2020-12-01	1022	1058
2020-12-02	1025	1059
2020-12-03	1024	1059
2020-12-04	1015	1059
2020-12-05	1015	1059
2020-12-06	1015	1059
2020-12-07	1015	1059
2020-12-08	1015	1059
2020-12-09	1015	1060
2020-12-10	1017	1064
2020-12-11	1015	1063
2020-12-12	1016	1063
2020-12-13	1016	1063
2020-12-14	1016	1063
2020-12-15	938	1063
2020-12-16	1018	1063
2020-12-17	1020	1063
2020-12-18	1021	1064
2020-12-19	1020	1065
2020-12-20	1020	1065
2020-12-21	1020	1065
2020-12-22	1021	1065
2020-12-23	1017	1066
2020-12-24	1028	1067
2020-12-25	1028	1067
2020-12-26	1028	1067
2020-12-27	1028	1067
2020-12-28	1028	1067
2020-12-29	1028	1068
2020-12-30	1031	1068
2020-12-31	1031	1068
2021-01-01	1045	1082
2021-01-02	1058	1095
2021-01-03	1058	1095
2021-01-04	1058	1095
2021-01-05	1068	1096
2021-01-06	1071	1096
2021-01-07	1071	1096
2021-01-08	1074	1098
2021-01-09	1074	1098
2021-01-10	1074	1098
2021-01-11	1074	1098
2021-01-12	1075	1100
2021-01-13	1043	1100
2021-01-14	1074	1100
2021-01-15	1073	1099
2021-01-16	1084	1100
2021-01-17	1084	1100
2021-01-18	1084	1100
2021-01-19	1084	1100
2021-01-20	1084	1101
2021-01-21	1082	1100
2021-01-22	1083	1098
2021-01-23	1051	1098
2021-01-24	1051	1098
2021-01-25	1051	1098
2021-01-26	1052	1097
2021-01-27	1049	1096
2021-01-28	1049	1095
2021-01-29	1046	1095
2021-01-30	1046	1094
2021-01-31	1046	1094
2021-02-01	1046	1094
2021-02-02	1046	1094
2021-02-03	986	1093
2021-02-04	986	1089
2021-02-05	986	1093
2021-02-06	986	1099
2021-02-07	986	1099
2021-02-08	986	1099
2021-02-09	986	1099
2021-02-10	987	1099
2021-02-11	987	1099
2021-02-12	984	1098
2021-02-13	984	1098
2021-02-14	984	1098
2021-02-15	984	1098
2021-02-16	984	1098
2021-02-17	984	1097
2021-02-18	984	1097
2021-02-19	986	1097
2021-02-20	986	1098
2021-02-21	986	1098
2021-02-22	986	1098
2021-02-23	986	1100
2021-02-24	986	1096
2021-02-25	986	1096
2021-02-26	987	1096
2021-02-27	987	1096
2021-02-28	987	1096
2021-03-01	987	1096
2021-03-02	987	1097
2021-03-03	966	1096
2021-03-04	966	1096
2021-03-05	999	1096
2021-03-06	999	1096
2021-03-07	999	1096
2021-03-08	999	1096
2021-03-09	999	1096
2021-03-10	999	1097
2021-03-11	999	1100
2021-03-12	999	1101
2021-03-13	999	1103
2021-03-14	999	1103
2021-03-15	999	1103
2021-03-16	999	1103
2021-03-17	999	1106
2021-03-18	999	1106
2021-03-19	999	1108
2021-03-20	999	1109
2021-03-21	999	1109
2021-03-22	999	1109
2021-03-23	999	1110
2021-03-24	999	1111
2021-03-25	999	1111
2021-03-26	1000	1111
2021-03-27	1000	1111
2021-03-28	1000	1111
2021-03-29	1000	1111
2021-03-30	1000	1113
2021-03-31	1000	1113
2021-04-01	1000	1113
2021-04-02	1000	1113
2021-04-03	1000	1113
2021-04-04	1000	1113
2021-04-05	1000	1113
2021-04-06	1000	1113
2021-04-07	1000	1113
2021-04-08	1000	1113
2021-04-09	1000	1113
2021-04-10	1000	1113
2021-04-11	1000	1113
2021-04-12	1000	1113
2021-04-13	1000	1113
2021-04-14	1000	1113
2021-04-15	1001	1113
2021-04-16	1001	1116
2021-04-17	1002	1116
2021-04-18	1002	1116
2021-04-19	1002	1116
2021-04-20	1002	1116
2021-04-21	1002	1117
2021-04-22	1003	1117
2021-04-23	1003	1117
2021-04-24	1003	1117
2021-04-25	1003	1117
2021-04-26	1003	1117
2021-04-27	1003	1117
2021-04-28	1003	1117
2021-04-29	1003	1117
2021-04-30	1004	1117
2021-05-01	1004	1117
2021-05-02	1004	1117
2021-05-03	1004	1117
2021-05-04	1005	1119
2021-05-05	1054	1119
2021-05-06	1054	1119
2021-05-07	1004	1122
2021-05-08	1005	1122
2021-05-09	1014	1122
2021-05-10	1022	1122
2021-05-11	1023	1123
2021-05-12	1022	1124
2021-05-13	1023	1124
2021-05-14	1023	1124
2021-05-15	1023	1125
2021-05-16	1023	1125
2021-05-17	1023	1125
2021-05-18	1023	1126
2021-05-19	1023	1128
2021-05-20	1022	1127
2021-05-21	1023	1128
2021-05-22	1023	1105
2021-05-23	1023	1105
2021-05-24	1023	1105
2021-05-25	1028	1105
2021-05-26	1028	1105
2021-05-27	1028	1027
2021-05-28	1109	1027
2021-05-29	1110	1128
2021-05-30	1110	1128
2021-05-31	1110	1128
2021-06-01	1105	1128
2021-06-02	1107	1128
2021-06-03	1106	1127
2021-06-04	1111	1127
2021-06-05	1110	1128
2021-06-06	1110	1128
2021-06-07	1110	1128
2021-06-08	1115	1129
2021-06-09	1116	1129
2021-06-10	1116	1129
2021-06-11	1116	1128
2021-06-12	1116	1128
2021-06-13	1116	1128
2021-06-14	1116	1128
2021-06-15	1120	1127
2021-06-16	1120	1127
2021-06-17	1124	1127
2021-06-18	1124	1127
2021-06-19	1124	1127
2021-06-20	1124	1127
2021-06-21	1124	1127
2021-06-22	1124	1127
2021-06-23	1124	1127
2021-06-24	1124	1127
2021-06-25	1140	1128
2021-06-26	1146	1128
2021-06-27	1146	1128
2021-06-28	1146	1128
2021-06-29	1146	1128
2021-06-30	1146	1126
2021-07-01	1145	1128
2021-07-02	1145	1128
2021-07-03	1145	1128
2021-07-04	1145	1128
2021-07-05	1145	1128
2021-07-06	1149	1127
2021-07-07	1149	1127
2021-07-08	1149	1128
2021-07-09	1147	1127
2021-07-10	1149	1129
2021-07-11	1149	1129
2021-07-12	1149	1129
2021-07-13	1149	1129
2021-07-14	1150	1131
2021-07-15	1150	1131
2021-07-16	1150	1132
2021-07-17	1150	1132
2021-07-18	1150	1132
2021-07-19	1150	1132
2021-07-20	1152	1132
2021-07-21	1152	1132
2021-07-22	1153	1133
2021-07-23	1153	1133
2021-07-24	1153	1133
2021-07-25	1153	1133
2021-07-26	1153	1133
2021-07-27	1153	1133
2021-07-28	1153	1162
2021-07-29	1153	1162
2021-07-30	1153	1162
2021-07-31	1153	1162
2021-08-01	1165	1162
2021-08-02	1176	1162
2021-08-03	1176	1163
2021-08-04	1176	1163
2021-08-05	1180	1163
2021-08-06	1180	1163
2021-08-07	1182	1163
2021-08-08	1182	1163
2021-08-09	1182	1163
2021-08-10	1182	1163
2021-08-11	1193	1163
2021-08-12	1194	1163
2021-08-13	1198	1163
2021-08-14	1214	1163
2021-08-15	1215	1163
2021-08-16	1216	1164
2021-08-17	1216	1164
2021-08-18	1216	1164
2021-08-19	1217	1164
2021-08-20	1225	1164
2021-08-21	1229	1164
2021-08-22	1229	1164
2021-08-23	1229	1164
2021-08-24	1231	1164
2021-08-25	1231	1164
2021-08-26	1231	1164
2021-08-27	1235	1164
2021-08-28	1244	1164
2021-08-29	1244	1164
2021-08-30	1244	1164
2021-08-31	1244	1164
2021-09-01	1253	1164
2021-09-02	1193	1164
2021-09-03	1257	1164
2021-09-04	1257	1178
2021-09-05	1257	1178
2021-09-06	1257	1178
2021-09-07	1257	1180
2021-09-08	1257	1180
2021-09-09	1279	1184
2021-09-10	1281	1181
2021-09-11	1286	1185
2021-09-12	1286	1185
2021-09-13	1286	1185
2021-09-14	1286	1185
2021-09-15	1286	1185
2021-09-16	1284	1185
2021-09-17	1286	1185
2021-09-18	1286	1185
2021-09-19	1286	1185
2021-09-20	1286	1185
2021-09-21	1286	1185
2021-09-22	1806	1186
2021-09-23	1807	1187
2021-09-24	1300	1187
2021-09-25	1301	1187
2021-09-26	1301	1187
2021-09-27	1301	1187
2021-09-28	1301	1187
2021-09-29	1302	1187
2021-09-30	1321	1188
2021-10-01	1323	1189
2021-10-02	1357	1233
2021-10-03	1357	1233
2021-10-04	1357	1233
2021-10-05	1357	1234
2021-10-06	1362	1238
2021-10-07	1375	1239
2021-10-08	1413	1263
2021-10-09	1457	1263
2021-10-10	1457	1263
2021-10-11	1457	1263
2021-10-12	1645	1264
2021-10-13	1670	1290
2021-10-14	1683	1298
2021-10-15	1755	1328
2021-10-16	2117	1304
2021-10-17	2011	1304
2021-10-18	1906	1304
2021-10-19	2128	1303
2021-10-20	2293	1303
2021-10-21	2299	1286
2021-10-22	2451	1286
2021-10-23	2465	1286
2021-10-24	2465	1286
2021-10-25	2465	1286
2021-10-26	2467	1286
2021-10-27	2463	1307
2021-10-28	2533	1313
2021-10-29	2531	1312
2021-10-30	2400	1313
2021-10-31	2400	1313
2021-11-01	2400	1313
2021-11-02	2394	1313
2021-11-03	2394	1313
2021-11-04	2392	1310
2021-11-05	2391	1309
2021-11-06	2346	1394
2021-11-07	2346	1394
2021-11-08	2346	1394
2021-11-09	2343	1394
2021-11-10	2342	1394
2021-11-11	2297	1395
2021-11-12	2261	1395
2021-11-13	2261	1398
2021-11-14	2261	1398
2021-11-15	2261	1398
2021-11-16	2259	1397
2021-11-17	2075	1387
2021-11-18	2075	1387
2021-11-19	2270	1397
2021-11-20	2271	1397
2021-11-21	2271	1397
2021-11-22	2271	1397
2021-11-23	2262	1397
2021-11-24	2262	1397
2021-11-25	2260	1397
2021-11-26	2260	1399
2021-11-27	2257	1399
2021-11-28	2257	1399
2021-11-29	2256	1398
2021-11-30	2229	1412
2021-12-01	2269	1412
2021-12-02	2271	1410
2021-12-03	2273	1419
2021-12-04	2083	1410
2021-12-05	2181	1410
2021-12-06	2279	1410
2021-12-07	2264	1410
2021-12-08	2282	1419
2021-12-09	2322	1426
2021-12-10	2336	1426
2021-12-11	2389	1441
2021-12-12	2389	1427
2021-12-13	2389	1412
2021-12-14	2390	1412
2021-12-15	2400	1412
2021-12-16	2404	1415
2021-12-17	2459	1416
2021-12-18	2599	1465
2021-12-19	2609	1465
2021-12-20	2618	1465
2021-12-21	2860	1467
2021-12-22	3035	1489
2021-12-23	3261	1549
2021-12-24	4933	1623
2021-12-25	4933	1623
2021-12-26	4933	1623
2021-12-27	4933	1623
2021-12-28	4402	1642
2021-12-29	4294	1796
2021-12-30	4379	1872
2021-12-31	4477	1968
2022-01-01	4477	1968
2022-01-02	4477	1968
2022-01-03	4477	1968
2022-01-04	3761	1930
2022-01-05	4042	1930
2022-01-06	4202	1929
2022-01-07	4202	1920
2022-01-08	4013	1922
2022-01-09	4013	1922
2022-01-10	4013	1922
2022-01-11	3884	1905
2022-01-12	3884	1905
2022-01-13	3596	1896
2022-01-14	2968	1877
2022-01-15	2967	1764
2022-01-16	2967	1764
2022-01-17	2967	1764
2022-01-18	2856	1762
2022-01-19	2781	1763
2022-01-20	2780	1747
2022-01-21	2708	1745
2022-01-22	2670	1647
2022-01-23	2670	1647
2022-01-24	2670	1647
2022-01-25	2668	1647
2022-01-26	2650	1678
2022-01-27	2648	1686
2022-01-28	2647	1688
2022-01-29	2652	1658
2022-01-30	2652	1657
2022-01-31	2652	1656
2022-02-01	2741	1685
2022-02-02	2739	1682
2022-02-03	2680	1680
2022-02-04	2700	1682
2022-02-05	2694	1682
2022-02-06	2694	1682
2022-02-07	2694	1682
2022-02-08	2694	1693
2022-02-09	2682	1689
2022-02-10	2671	1565
2022-02-11	2613	1671
2022-02-12	2612	1666
2022-02-13	2612	1666
2022-02-14	2612	1666
2022-02-15	2604	1668
2022-02-16	2634	1667
2022-02-17	2431	1639
2022-02-18	2469	1616
2022-02-19	2466	1630
2022-02-20	2464	1630
2022-02-21	2462	1630
2022-02-22	2524	1631
2022-02-23	2515	1608
2022-02-24	2493	1602
2022-02-25	2569	1620
2022-02-26	2876	1623
2022-02-27	3035	1623
2022-02-28	3194	1622
2022-03-01	2854	1623
2022-03-02	2800	1626
2022-03-03	3334	1614
2022-03-04	2901	1671
2022-03-05	3021	1707
2022-03-06	3021	1707
2022-03-07	3021	1707
2022-03-08	3021	1707
2022-03-09	3041	1708
2022-03-10	4421	1805
2022-03-11	4538	1824
2022-03-12	4515	1833
2022-03-13	4515	1833
2022-03-14	4515	1833
2022-03-15	4515	1833
2022-03-16	4853	2010
2022-03-17	4153	1981
2022-03-18	4143	1958
2022-03-19	3986	1944
2022-03-20	3986	1944
2022-03-21	3986	1944
2022-03-22	3767	1927
2022-03-23	3653	1907
2022-03-24	3653	1907
2022-03-25	3494	1898
2022-03-26	3351	1897
2022-03-27	3351	1897
2022-03-28	3351	1897
2022-03-29	3256	1867
2022-03-30	3294	1867
2022-03-31	3300	1911
2022-04-01	3303	1923
2022-04-02	3374	1924
2022-04-03	3358	1924
2022-04-04	3342	1923
2022-04-05	3331	1915
2022-04-06	3333	1899
2022-04-07	3328	1903
2022-04-08	3310	1903
2022-04-09	3294	1903
2022-04-10	3294	1903
2022-04-11	3294	1903
2022-04-12	3276	1897
2022-04-13	3262	1892
2022-04-14	3258	1878
2022-04-15	3240	1872
2022-04-16	3240	1872
2022-04-17	3240	1872
2022-04-18	3240	1872
2022-04-19	3240	1872
2022-04-20	3217	1864
2022-04-21	3193	1859
2022-04-22	3131	1856
2022-04-23	3126	1841
2022-04-24	3126	1841
2022-04-25	3126	1841
2022-04-26	3113	1841
2022-04-27	3079	1828
2022-04-28	3096	1821
2022-04-29	3091	1808
2022-04-30	3079	1794
2022-05-01	3079	1794
2022-05-02	3079	1794
2022-05-03	3072	1782
2022-05-04	3071	1772
2022-05-05	3075	1762
2022-05-06	3092	1822
2022-05-07	3230	1802
2022-05-08	3230	1802
2022-05-09	3230	1802
2022-05-10	3232	1809
2022-05-11	3196	1792
2022-05-12	3218	1763
2022-05-13	3217	1760
2022-05-14	3220	1791
2022-05-15	3220	1791
2022-05-16	3220	1791
2022-05-17	3159	1776
2022-05-18	3148	1777
2022-05-19	3133	1758
2022-05-20	3131	1752
2022-05-21	3131	1759
2022-05-22	3131	1759
2022-05-23	3131	1759
2022-05-24	3083	1760
2022-05-25	3095	1751
2022-05-26	3073	1741
2022-05-27	3073	1741
2022-05-28	3058	1738
2022-05-29	3058	1738
2022-05-30	3058	1738
2022-05-31	3019	1739
2022-06-01	3016	1735
2022-06-02	3009	1735
2022-06-03	3009	1734
2022-06-04	3000	1597
2022-06-05	3000	1597
2022-06-06	3000	1597
2022-06-07	3000	1597
2022-06-08	2999	1597
2022-06-09	2984	1597
2022-06-10	2967	1597
2022-06-11	2962	1563
2022-06-12	2962	1563
2022-06-13	2962	1563
2022-06-14	2939	1563
2022-06-15	2941	1563
2022-06-16	2943	1563
2022-06-17	2943	1563
2022-06-18	2949	1563
2022-06-19	2949	1563
2022-06-20	2949	1563
2022-06-21	3163	1562
2022-06-22	3262	1562
2022-06-23	3262	1563
2022-06-24	3263	1563
2022-06-25	3271	1563
2022-06-26	3339	1563
2022-06-27	3408	1563
2022-06-28	4035	1563
2022-06-29	4169	1563
2022-06-30	4163	1563
2022-07-01	4199	1563
2022-07-02	4242	1567
2022-07-03	4233	1565
2022-07-04	4224	1564
2022-07-05	4223	1564
2022-07-06	4271	1564
2022-07-07	4326	1564
2022-07-08	4750	1564
2022-07-09	4756	1564
2022-07-10	4756	1564
2022-07-11	4756	1564
2022-07-12	4756	1604
2022-07-13	4780	1604
2022-07-14	5274	1604
2022-07-15	5274	1604
2022-07-16	5310	1604
2022-07-17	5310	1604
2022-07-18	5310	1604
2022-07-19	5310	1604
2022-07-20	5308	1604
2022-07-21	5312	1604
2022-07-22	5313	1605
2022-07-23	5313	1605
2022-07-24	5313	1605
2022-07-25	5313	1605
2022-07-26	5218	1605
2022-07-27	5310	1605
2022-07-28	5274	1605
2022-07-29	5274	1605
2022-07-30	5274	1721
2022-07-31	5274	1720
2022-08-01	5275	1719
2022-08-02	5275	2032
2022-08-03	5275	2047
2022-08-04	5421	2120
2022-08-05	5682	2120
2022-08-06	5682	2120
2022-08-07	5682	2120
2022-08-08	5682	2120
2022-08-09	5827	2120
2022-08-10	5827	2120
2022-08-11	5722	2124
2022-08-12	5842	2187
2022-08-13	5977	2187
2022-08-14	5977	2187
2022-08-15	5977	2187
2022-08-16	5977	2187
2022-08-17	6340	2187
2022-08-18	6340	2187
2022-08-19	6340	2187
2022-08-20	6340	2188
2022-08-21	6340	2188
2022-08-22	6340	2188
2022-08-23	6707	2203
2022-08-24	7075	2219
2022-08-25	7380	2219
2022-08-26	7380	2222
2022-08-27	7380	2222
2022-08-28	7380	2222
2022-08-29	7380	2222
2022-08-30	7332	2222
2022-08-31	7332	2222
2022-09-01	8225	2226
2022-09-02	8074	2228
2022-09-03	8075	2228
2022-09-04	8075	2228
2022-09-05	8075	2228
2022-09-06	8157	2596
2022-09-07	8071	2667
2022-09-08	7990	2668
2022-09-09	7852	2780
2022-09-10	7852	2780
2022-09-11	7852	2780
2022-09-12	7852	2780
2022-09-13	7807	2779
2022-09-14	7532	2793
2022-09-15	7371	2826
2022-09-16	7497	2827
2022-09-17	7513	2827
2022-09-18	7513	2827
2022-09-19	7513	2827
2022-09-20	7520	2827
2022-09-21	7151	2827
2022-09-22	7151	2837
2022-09-23	7118	2847
2022-09-24	7118	2847
2022-09-25	7118	2847
2022-09-26	7118	2847
2022-09-27	7118	2847
2022-09-28	7029	2907
2022-09-29	6916	2906
2022-09-30	6946	2896
2022-10-01	5726	2905
2022-10-02	5726	2905
2022-10-03	5726	2905
2022-10-04	5726	2905
2022-10-05	5726	2905
2022-10-06	5666	2717
2022-10-07	5708	2711
2022-10-08	4854	2385
2022-10-09	4854	2387
2022-10-10	4854	2389
2022-10-11	4854	2785
2022-10-12	4854	2786
2022-10-13	4852	2796
2022-10-14	4852	2796
2022-10-15	4808	2748
2022-10-16	4808	2748
2022-10-17	4808	2748
2022-10-18	4750	2747
2022-10-19	4716	2701
2022-10-20	4708	2724
2022-10-21	4643	2706
2022-10-22	4593	2655
2022-10-23	4594	2655
2022-10-24	4594	2655
2022-10-25	4510	2613
2022-10-26	4448	2612
2022-10-27	4333	2563
2022-10-28	4298	2563
2022-10-29	4261	2562
2022-10-30	4260	2562
2022-10-31	4259	2562
2022-11-01	4271	2521
2022-11-02	4271	2521
2022-11-03	4233	2565
2022-11-04	4215	2526
2022-11-05	4164	2524
2022-11-06	4164	2523
2022-11-07	4163	2523
2022-11-08	4137	2489
2022-11-09	4081	2444
2022-11-10	3947	2409
2022-11-11	3946	2339
2022-11-12	3908	2274
2022-11-13	3908	2274
2022-11-14	3908	2274
2022-11-15	3902	2227
2022-11-16	3890	2221
2022-11-17	3823	2207
2022-11-18	3824	2131
2022-11-19	3808	2035
2022-11-20	3808	2035
2022-11-21	3808	2035
2022-11-22	3808	2035
2022-11-23	3792	2017
2022-11-24	3799	2017
2022-11-25	3806	1996
2022-11-26	3825	1990
2022-11-27	3825	1990
2022-11-28	3825	1990
2022-11-29	3824	1967
2022-11-30	3846	2119
2022-12-01	3817	2116
2022-12-02	3827	2116
2022-12-03	4048	2116
2022-12-04	4048	2116
2022-12-05	4048	2116
2022-12-06	4034	2114
2022-12-07	4034	2116
2022-12-08	4037	2128
2022-12-09	4047	2128
2022-12-10	4076	2128
2022-12-11	4076	2128
2022-12-12	4076	2128
2022-12-13	4073	2128
2022-12-14	4077	1991
2022-12-15	4075	1988
2022-12-16	4063	1970
2022-12-17	4035	1953
2022-12-18	4035	1953
2022-12-19	4035	1953
2022-12-20	4100	2015
2022-12-21	4165	2076
2022-12-22	4229	2138
2022-12-23	4294	2200
2022-12-24	3574	1944
2022-12-25	3574	1944
2022-12-26	3574	1944
2022-12-27	3574	1944
2022-12-28	3554	1810
2022-12-29	3516	1901
2022-12-30	3516	1887
2022-12-31	3273	1805
2023-01-01	3273	1805
2023-01-02	3273	1805
2023-01-03	3232	1828
2023-01-04	3200	1814
2023-01-05	3123	1795
2023-01-06	2864	1773
2023-01-07	2625	1741
2023-01-08	2625	1741
2023-01-09	2625	1741
2023-01-10	2919	1730
2023-01-11	2894	1769
2023-01-12	2888	1753
2023-01-13	2888	1753
2023-01-14	2815	1723
2023-01-15	2814	1722
2023-01-16	2813	1721
2023-01-17	2751	1652
2023-01-18	2541	1639
2023-01-19	2477	1621
2023-01-20	2450	1596
2023-01-21	2419	1579
2023-01-22	2419	1579
2023-01-23	2419	1579
2023-01-24	2427	1607
2023-01-25	2415	1622
2023-01-26	2407	1595
2023-01-27	2443	1584
2023-01-28	2454	1565
2023-01-29	2454	1565
2023-01-30	2454	1565
2023-01-31	2427	1552
2023-02-01	2414	1577
2023-02-02	2418	1585
2023-02-03	2440	1579
2023-02-04	2414	1570
2023-02-05	2414	1570
2023-02-06	2414	1570
2023-02-07	2433	1578
2023-02-08	2439	1597
2023-02-09	2439	1584
2023-02-10	2430	1547
2023-02-11	2420	1532
2023-02-12	2420	1532
2023-02-13	2420	1532
2023-02-14	2413	1535
2023-02-15	2402	1531
2023-02-16	2390	1527
2023-02-17	2380	1527
2023-02-18	2356	1523
2023-02-19	2356	1523
2023-02-20	2356	1523
2023-02-21	2326	1513
2023-02-22	2308	1514
2023-02-23	2292	1498
2023-02-24	2290	1501
2023-02-25	2272	1500
2023-02-26	2272	1500
2023-02-27	2272	1500
2023-02-28	2267	1501
2023-03-01	2278	1487
2023-03-02	2313	1498
2023-03-03	2272	1507
2023-03-04	2263	1481
2023-03-05	2263	1481
2023-03-06	2263	1481
2023-03-07	2261	1472
2023-03-08	2238	1451
2023-03-09	2238	1451
2023-03-10	2223	1476
2023-03-11	2210	1452
2023-03-12	2210	1452
2023-03-13	2210	1452
2023-03-14	2196	1454
2023-03-15	2187	1454
2023-03-16	2189	1448
2023-03-17	2187	1438
2023-03-18	2165	1411
2023-03-19	2165	1411
2023-03-20	2165	1411
2023-03-21	2161	1410
2023-03-22	2151	1401
2023-03-23	2143	1395
2023-03-24	2130	1378
2023-03-25	2125	1336
2023-03-26	2125	1336
2023-03-27	2125	1336
2023-03-28	2091	1341
2023-03-29	2068	1345
2023-03-30	2080	1396
2023-03-31	2073	1396
2023-04-01	2068	1376
2023-04-02	2068	1376
2023-04-03	2068	1376
2023-04-04	2068	1385
2023-04-05	2147	1412
2023-04-06	2113	1413
2023-04-07	2137	1413
2023-04-08	2137	1413
2023-04-09	2137	1413
2023-04-10	2137	1413
2023-04-11	2137	1413
2023-04-12	2135	1401
2023-04-13	2132	1388
2023-04-14	2128	1408
2023-04-15	2126	1408
2023-04-16	2126	1408
2023-04-17	2126	1407
2023-04-18	2177	1412
2023-04-19	2156	1411
2023-04-20	2177	1455
2023-04-21	2139	1273
2023-04-22	2131	1271
2023-04-23	2131	1271
2023-04-24	2131	1271
2023-04-25	2113	1339
2023-04-26	2118	1340
2023-04-27	2102	1368
2023-04-28	2099	1365
2023-04-29	2088	1347
2023-04-30	2088	1347
2023-05-01	2089	1347
2023-05-02	2088	1347
2023-05-03	2083	1360
2023-05-04	2086	1382
2023-05-05	2084	1387
2023-05-06	2082	1363
2023-05-07	2082	1363
2023-05-08	2082	1363
2023-05-09	2082	1369
2023-05-10	2078	1373
2023-05-11	2073	1369
2023-05-12	2056	1367
2023-05-13	2047	1325
2023-05-14	2047	1325
2023-05-15	2047	1325
2023-05-16	2014	1359
2023-05-17	2006	1321
2023-05-18	2028	1307
2023-05-19	2028	1307
2023-05-20	1990	1294
2023-05-21	1990	1294
2023-05-22	1990	1294
2023-05-23	1967	1299
2023-05-24	1955	1295
2023-05-25	1942	1294
2023-05-26	1938	1292
2023-05-27	1898	1278
2023-05-28	1898	1278
2023-05-29	1898	1278
2023-05-30	1898	1278
2023-05-31	1877	1271
2023-06-01	1862	1271
2023-06-02	1854	1262
2023-06-03	1844	1249
2023-06-04	1844	1249
2023-06-05	1844	1249
2023-06-06	1843	1245
2023-06-07	1851	1246
2023-06-08	1843	1242
2023-06-09	1843	1242
2023-06-10	1820	1232
2023-06-11	1820	1232
2023-06-12	1820	1232
2023-06-13	1821	1234
2023-06-14	1822	1233
2023-06-15	1826	1232
2023-06-16	1805	1219
2023-06-17	1870	1210
2023-06-18	1870	1210
2023-06-19	1870	1210
2023-06-20	1872	1203
2023-06-21	1860	1199
2023-06-22	1869	1203
2023-06-23	1872	1218
2023-06-24	1865	1211
2023-06-25	1865	1211
2023-06-26	1865	1211
2023-06-27	1865	1209
2023-06-28	1854	1206
2023-06-29	1848	1206
2023-06-30	1842	1203
2023-07-01	1794	1204
2023-07-02	1794	1204
2023-07-03	1794	1204
2023-07-04	1789	1204
2023-07-05	1790	1211
2023-07-06	1835	1244
2023-07-07	1859	1249
2023-07-08	1859	1241
2023-07-09	1859	1241
2023-07-10	1859	1241
2023-07-11	1868	1239
2023-07-12	1884	1234
2023-07-13	1832	1215
2023-07-14	1820	1239
2023-07-15	1819	1218
2023-07-16	1819	1218
2023-07-17	1819	1218
2023-07-18	1819	1219
2023-07-19	1816	1237
2023-07-20	1814	1242
2023-07-21	1822	1244
2023-07-22	1821	1246
2023-07-23	1821	1246
2023-07-24	1821	1246
2023-07-25	1822	1249
2023-07-26	1813	1253
2023-07-27	1814	1251
2023-07-28	1815	1258
2023-07-29	1817	1253
2023-07-30	1817	1253
2023-07-31	1817	1253
2023-08-01	1819	1245
2023-08-02	1835	1245
2023-08-03	1835	1256
2023-08-04	1832	1254
2023-08-05	1834	1247
2023-08-06	1834	1247
2023-08-07	1834	1247
2023-08-08	1826	1243
2023-08-09	1823	1250
2023-08-10	1823	1250
2023-08-11	1817	1255
2023-08-12	1820	1237
2023-08-13	1820	1237
2023-08-14	1820	1237
2023-08-15	1814	1254
2023-08-16	1843	1251
2023-08-17	1837	1257
2023-08-18	1837	1264
2023-08-19	1839	1272
2023-08-20	1839	1272
2023-08-21	1839	1272
2023-08-22	1826	1273
2023-08-23	1826	1288
2023-08-24	1837	1291
2023-08-25	1838	1291
2023-08-26	1833	1268
2023-08-27	1833	1268
2023-08-28	1833	1268
2023-08-29	1819	1271
2023-08-30	1819	1271
2023-08-31	1819	1279
2023-09-01	1814	1280
2023-09-02	1817	1270
2023-09-03	1817	1270
2023-09-04	1817	1270
2023-09-05	1829	1263
2023-09-06	1829	1263
2023-09-07	1827	1267
2023-09-08	1826	1263
2023-09-09	1826	1247
2023-09-10	1826	1247
2023-09-11	1826	1247
2023-09-12	1819	1241
2023-09-13	1816	1242
2023-09-14	1811	1242
2023-09-15	1810	1250
2023-09-16	1813	1244
2023-09-17	1813	1244
2023-09-18	1813	1244
2023-09-19	1815	1243
2023-09-20	1814	1238
2023-09-21	1809	1242
2023-09-22	1825	1231
2023-09-23	1826	1225
2023-09-24	1826	1225
2023-09-25	1826	1225
2023-09-26	1830	1232
2023-09-27	1834	1246
2023-09-28	1832	1231
2023-09-29	1832	1231
2023-09-30	1824	1226
2023-10-01	1816	1226
2023-10-02	1808	1226
2023-10-03	1808	1226
2023-10-04	1808	1226
2023-10-05	1815	1218
2023-10-06	1810	1213
2023-10-07	1802	1212
2023-10-08	1799	1212
2023-10-09	1795	1212
2023-10-10	1788	1212
2023-10-11	1788	1228
2023-10-12	1786	1260
2023-10-13	1785	1284
2023-10-14	1783	1317
2023-10-15	1786	1317
2023-10-16	1790	1317
2023-10-17	1800	1315
2023-10-18	1797	1295
2023-10-19	1797	1295
2023-10-20	1797	1295
2023-10-21	1924	1317
2023-10-22	1924	1317
2023-10-23	1924	1317
2023-10-24	1795	1292
2023-10-25	1801	1290
2023-10-26	1793	1282
2023-10-27	1793	1283
2023-10-28	1794	1282
2023-10-29	1794	1282
2023-10-30	1794	1282
2023-10-31	1806	1281
2023-11-01	1816	1281
2023-11-02	1787	1272
2023-11-03	1783	1269
2023-11-04	1790	1264
2023-11-05	1790	1264
2023-11-06	1789	1264
2023-11-07	1789	1262
2023-11-08	1791	1253
2023-11-09	1791	1253
2023-11-10	1783	1094
2023-11-11	1766	1255
2023-11-12	1766	1255
2023-11-13	1766	1255
2023-11-14	1751	1244
2023-11-15	1753	1288
2023-11-16	1746	1293
2023-11-17	1746	1290
2023-11-18	1738	1280
2023-11-19	1738	1280
2023-11-20	1738	1280
2023-11-21	1737	1275
2023-11-22	1737	1278
2023-11-23	1735	1269
2023-11-24	1735	1255
2023-11-25	1728	1258
2023-11-26	1728	1258
2023-11-27	1728	1258
2023-11-28	1726	1258
2023-11-29	1726	1253
2023-11-30	1741	1250
2023-12-01	1721	1242
2023-12-02	1728	1272
2023-12-03	1728	1272
2023-12-04	1728	1272
2023-12-05	1713	1272
2023-12-06	1719	1260
2023-12-07	1726	1249
2023-12-08	1724	1255
2023-12-09	1720	1262
2023-12-10	1720	1262
2023-12-11	1719	1262
2023-12-12	1714	1250
2023-12-13	1709	1231
2023-12-14	1708	1224
2023-12-15	1706	1275
2023-12-16	1704	1275
2023-12-17	1704	1275
2023-12-18	1704	1275
2023-12-19	1704	1275
2023-12-20	1704	1275
2023-12-21	1748	1311
2023-12-22	1698	1281
2023-12-23	1694	1282
2023-12-24	1694	1282
2023-12-25	1694	1282
2023-12-26	1694	1282
2023-12-27	1694	1282
2023-12-28	1695	1282
2023-12-29	1692	1312
2023-12-30	1692	1312
2023-12-31	1692	1312
2024-01-01	1692	1312
2024-01-02	1692	1312
2024-01-03	1683	1306
2024-01-04	1688	1304
2024-01-05	1688	1278
2024-01-06	1684	1277
2024-01-07	1684	1277
2024-01-08	1684	1277
2024-01-09	1677	1278
2024-01-10	1678	1278
2024-01-11	1661	1278
2024-01-12	1659	1276
2024-01-13	1658	1231
2024-01-14	1658	1231
2024-01-15	1658	1231
2024-01-16	1641	1228
2024-01-17	1640	1218
2024-01-18	1639	1213
2024-01-19	1624	1204
2024-01-20	1609	1200
2024-01-21	1609	1200
2024-01-22	1609	1200
2024-01-23	1561	1199
2024-01-24	1564	1190
2024-01-25	1553	1190
2024-01-26	1538	1189
2024-01-27	1538	1189
2024-01-28	1530	1189
2024-01-29	1522	1188
2024-01-30	1487	1185
2024-01-31	1486	1184
2024-02-01	1486	1195
2024-02-02	1489	1213
2024-02-03	1491	1204
2024-02-04	1491	1204
2024-02-05	1491	1204
2024-02-06	1480	1207
2024-02-07	1478	1198
2024-02-08	1481	1201
2024-02-09	1480	1195
2024-02-10	1472	1189
2024-02-11	1472	1189
2024-02-12	1472	1189
2024-02-13	1454	1177
2024-02-14	1448	1167
2024-02-15	1439	1163
2024-02-16	1430	1158
2024-02-17	1429	1161
2024-02-18	1429	1161
2024-02-19	1429	1161
2024-02-20	1421	1158
2024-02-21	1419	1139
2024-02-22	1395	1144
2024-02-23	1388	1141
2024-02-24	1387	1133
2024-02-25	1387	1133
2024-02-26	1387	1133
2024-02-27	1373	1129
2024-02-28	1370	1142
2024-02-29	1359	1149
2024-03-01	1347	1165
2024-03-02	1331	1165
2024-03-03	1331	1165
2024-03-04	1331	1165
2024-03-05	1380	1176
2024-03-06	1359	1186
2024-03-07	1381	1199
2024-03-08	1383	1200
2024-03-09	1383	1200
2024-03-10	1383	1200
2024-03-11	1383	1200
2024-03-12	1385	1164
2024-03-13	1380	1145
2024-03-14	1374	1143
2024-03-15	1363	1143
2024-03-16	1358	1155
2024-03-17	1358	1155
2024-03-18	1358	1155
2024-03-19	1352	1162
2024-03-20	1383	1179
2024-03-21	1386	1176
2024-03-22	1385	1170
2024-03-23	1391	1159
2024-03-24	1391	1159
2024-03-25	1391	1159
2024-03-26	1391	1172
2024-03-27	1385	1190
2024-03-28	1420	1175
2024-03-29	1420	1175
2024-03-30	1420	1175
2024-03-31	1444	1176
2024-04-01	1469	1176
2024-04-02	1469	1176
2024-04-03	1537	1180
2024-04-04	1577	1163
2024-04-05	1574	1156
2024-04-06	1570	1158
2024-04-07	1570	1158
2024-04-08	1570	1158
2024-04-09	1552	1169
2024-04-10	1553	1185
2024-04-11	1546	1192
2024-04-12	1558	1194
2024-04-13	1586	1216
2024-04-14	1586	1216
2024-04-15	1586	1216
2024-04-16	1589	1220
2024-04-17	1591	1231
2024-04-18	1632	1234
2024-04-19	1598	1231
2024-04-20	1632	1234
2024-04-21	1632	1236
2024-04-22	1632	1238
2024-04-23	1626	1229
2024-04-24	1626	1229
2024-04-25	1628	1207
2024-04-26	1628	1207
2024-04-27	1613	1220
2024-04-28	1613	1220
2024-04-29	1613	1220
2024-04-30	1601	1210
2024-05-01	1608	1205
2024-05-02	1608	1205
2024-05-03	1620	1220
2024-05-04	1620	1221
2024-05-05	1620	1221
2024-05-06	1620	1221
2024-05-07	1610	1211
2024-05-08	1618	1221
2024-05-09	1640	1221
2024-05-10	1640	1221
2024-05-11	1631	1219
2024-05-12	1631	1219
2024-05-13	1631	1219
2024-05-14	1630	1223
2024-05-15	1630	1225
2024-05-16	1629	1224
2024-05-17	1633	1231
2024-05-18	1630	1226
2024-05-19	1630	1226
2024-05-20	1630	1226
2024-05-21	1631	1226
2024-05-22	1645	1233
2024-05-23	1652	1236
2024-05-24	1675	1252
2024-05-25	1690	1251
2024-05-26	1692	1252
2024-05-27	1693	1252
2024-05-28	1681	1254
2024-05-29	1715	1253
2024-05-30	1693	1252
2024-05-31	1693	1252
2024-06-01	1726	1238
2024-06-02	1726	1238
2024-06-03	1726	1238
2024-06-04	1730	1230
2024-06-05	1769	1249
2024-06-06	1743	1240
2024-06-07	1753	1249
2024-06-08	1754	1247
2024-06-09	1754	1247
2024-06-10	1754	1247
2024-06-11	1723	1235
2024-06-12	1740	1250
2024-06-13	1736	1236
2024-06-14	1751	1248
2024-06-15	1758	1251
2024-06-16	1758	1251
2024-06-17	1758	1251
2024-06-18	1758	1254
2024-06-19	1741	1254
2024-06-20	1751	1251
2024-06-21	1764	1252
2024-06-22	1758	1250
2024-06-23	1758	1250
2024-06-24	1758	1250
2024-06-25	1748	1250
2024-06-26	1749	1247
2024-06-27	1752	1240
2024-06-28	1738	1244
2024-06-29	1749	1247
2024-06-30	1749	1247
2024-07-01	1749	1247
2024-07-02	1750	1248
2024-07-03	1743	1249
2024-07-04	1752	1249
2024-07-05	1740	1248
2024-07-06	1740	1248
2024-07-07	1740	1248
2024-07-08	1740	1248
2024-07-09	1739	1247
2024-07-10	1733	1245
2024-07-11	1738	1224
2024-07-12	1724	1241
2024-07-13	1714	1239
2024-07-14	1714	1239
2024-07-15	1714	1239
2024-07-16	1720	1239
2024-07-17	1711	1235
2024-07-18	1712	1235
2024-07-19	1713	1223
2024-07-20	1718	1221
2024-07-21	1718	1221
2024-07-22	1718	1221
2024-07-23	1712	1221
2024-07-24	1704	1221
2024-07-25	1704	1225
2024-07-26	1721	1230
2024-07-27	1712	1230
2024-07-28	1712	1230
2024-07-29	1712	1230
2024-07-30	1721	1230
2024-07-31	1740	1242
2024-08-01	1745	1242
2024-08-02	1757	1243
2024-08-03	1774	1243
2024-08-04	1774	1243
2024-08-05	1774	1243
2024-08-06	1770	1266
2024-08-07	1761	1266
2024-08-08	1763	1249
2024-08-09	1841	1250
2024-08-10	1860	1253
2024-08-11	1860	1253
2024-08-12	1860	1253
2024-08-13	1862	1253
2024-08-14	1912	1209
2024-08-15	1912	1245
2024-08-16	1912	1254
2024-08-17	1924	1232
2024-08-18	1924	1232
2024-08-19	1924	1232
2024-08-20	1924	1211
2024-08-21	1926	1245
2024-08-22	1900	1270
2024-08-23	1890	1269
2024-08-24	1888	1261
2024-08-25	1888	1261
2024-08-26	1888	1261
2024-08-27	1889	1254
2024-08-28	1894	1254
2024-08-29	1903	1262
2024-08-30	1903	1262
2024-08-31	1937	1263
2024-09-01	1938	1263
2024-09-02	1940	1263
2024-09-03	1943	1263
2024-09-04	1925	1262
2024-09-05	1910	1261
2024-09-06	1890	1260
2024-09-07	1889	1250
2024-09-08	1889	1250
2024-09-09	1889	1250
2024-09-10	1888	1251
2024-09-11	1892	1250
2024-09-12	1872	1247
2024-09-13	1877	1255
2024-09-14	1861	1245
2024-09-15	1861	1245
2024-09-16	1861	1245
2024-09-17	1867	1242
2024-09-18	1849	1232
2024-09-19	1865	1241
2024-09-20	1863	1233
2024-09-21	1830	1224
2024-09-22	1830	1224
2024-09-23	1830	1224
2024-09-24	1838	1227
2024-09-25	1824	1202
2024-09-26	1824	1202
2024-09-27	1829	1210
2024-09-28	1840	1210
2024-09-29	1840	1210
2024-09-30	1840	1210
2024-10-01	1841	1193
2024-10-02	1843	1191
2024-10-03	1856	1186
2024-10-04	1856	1186
2024-10-05	1858	1185
2024-10-06	1858	1185
2024-10-07	1858	1185
2024-10-08	1877	1180
2024-10-09	1876	1179
2024-10-10	1870	1208
2024-10-11	1875	1208
2024-10-12	1887	1152
2024-10-13	1887	1152
2024-10-14	1887	1152
2024-10-15	1907	1169
2024-10-16	1920	1162
2024-10-17	1898	1162
2024-10-18	1882	1148
2024-10-19	1880	1146
2024-10-20	1880	1146
2024-10-21	1880	1146
2024-10-22	1868	1140
2024-10-23	1879	1140
2024-10-24	1894	1142
2024-10-25	1900	1133
2024-10-26	1910	1126
2024-10-27	1910	1126
2024-10-28	1910	1126
2024-10-29	1923	1142
2024-10-30	1916	1146
2024-10-31	1917	1138
2024-11-01	1897	1172
2024-11-02	1884	1172
2024-11-03	1884	1172
2024-11-04	1884	1172
2024-11-05	1857	1192
2024-11-06	1876	1205
2024-11-07	1879	1202
2024-11-08	1877	1202
2024-11-09	1896	1203
2024-11-10	1896	1203
2024-11-11	1896	1203
2024-11-12	1915	1208
2024-11-13	1940	1208
2024-11-14	1953	1213
2024-11-15	1978	1213
2024-11-16	2021	1267
2024-11-17	2021	1267
2024-11-18	2021	1267
2024-11-19	2027	1271
2024-11-20	2041	1271
2024-11-21	2033	1271
2024-11-22	2050	1272
2024-11-23	2079	1272
2024-11-24	2079	1272
2024-11-25	2079	1272
2024-11-26	2060	1272
2024-11-27	2084	1317
2024-11-28	2083	1337
2024-11-29	2078	1337
2024-11-30	2070	1330
2024-12-01	2070	1330
2024-12-02	2069	1329
2024-12-03	2077	1335
2024-12-04	2097	1340
2024-12-05	2090	1330
2024-12-06	2069	1327
2024-12-07	2060	1326
2024-12-08	2060	1326
2024-12-09	2060	1326
2024-12-10	2057	1326
2024-12-11	2052	1325
2024-12-12	2064	1319
2024-12-13	2054	1320
2024-12-14	2021	1318
2024-12-15	2021	1318
2024-12-16	2021	1318
2024-12-17	2013	1295
2024-12-18	2006	1286
2024-12-19	2029	1286
2024-12-20	1997	1287
2024-12-21	2036	1288
2024-12-22	2036	1288
2024-12-23	2036	1288
2024-12-24	2063	1286
2024-12-25	2063	1286
2024-12-26	2063	1286
2024-12-27	2063	1286
2024-12-28	2096	1287
2024-12-29	2096	1287
2024-12-30	2096	1287
2024-12-31	2124	1315
2025-01-01	2124	1315
2025-01-02	2124	1315
2025-01-03	2137	1316
2025-01-04	2160	1318
2025-01-05	2160	1318
2025-01-06	2160	1318
2025-01-07	2187	1318
2025-01-08	2171	1314
2025-01-09	2178	1320
2025-01-10	2115	1315
2025-01-11	2130	1312
2025-01-12	2130	1312
2025-01-13	2130	1312
2025-01-14	2134	1312
2025-01-15	2216	1315
2025-01-16	2223	1316
2025-01-17	2189	1316
2025-01-18	2180	1313
2025-01-19	2180	1313
2025-01-20	2180	1313
2025-01-21	2194	1315
2025-01-22	2203	1315
2025-01-23	2216	1315
2025-01-24	2203	1315
2025-01-25	2209	1315
2025-01-26	2209	1315
2025-01-27	2209	1315
2025-01-28	2214	1317
2025-01-29	2207	1321
2025-01-30	2207	1319
2025-01-31	2217	1319
2025-02-01	2225	1313
2025-02-02	2225	1313
2025-02-03	2225	1313
2025-02-04	2229	1322
2025-02-05	2227	1322
2025-02-06	2221	1330
2025-02-07	2227	1336
2025-02-08	2243	1336
2025-02-09	2243	1336
2025-02-10	2243	1336
2025-02-11	2245	1337
2025-02-12	2255	1337
2025-02-13	2255	1343
2025-02-14	2256	1336
2025-02-15	2248	1330
2025-02-16	2248	1330
2025-02-17	2248	1330
2025-02-18	2234	1327
2025-02-19	2187	1323
2025-02-20	2207	1316
2025-02-21	2192	1312
2025-02-22	2183	1310
2025-02-23	2183	1310
2025-02-24	2183	1310
2025-02-25	2206	1306
2025-02-26	2240	1304
2025-02-27	2208	1303
2025-02-28	2203	1299
2025-03-01	2227	1292
2025-03-02	2227	1292
2025-03-03	2227	1292
2025-03-04	2231	1290
2025-03-05	2117	1289
2025-03-06	2074	1283
2025-03-07	2072	1283
2025-03-08	2057	1263
2025-03-09	2057	1263
2025-03-10	2057	1263
2025-03-11	2076	1263
2025-03-12	2121	1276
2025-03-13	2100	1276
2025-03-14	2097	1276
2025-03-15	2118	1275
2025-03-16	2118	1275
2025-03-17	2118	1275
2025-03-18	2118	1275
2025-03-19	2096	1275
2025-03-20	2099	1276
2025-03-21	2118	1276
2025-03-22	2128	1277
2025-03-23	2128	1277
2025-03-24	2128	1277
2025-03-25	2130	1276
2025-03-26	2129	1288
2025-03-27	2121	1287
2025-03-28	2112	1281
2025-03-29	2100	1276
2025-03-30	2100	1276
2025-03-31	2100	1276
2025-04-01	2095	1281
2025-04-02	2093	1281
2025-04-03	2118	1278
2025-04-04	2104	1278
2025-04-05	2065	1269
2025-04-06	2065	1269
2025-04-07	2065	1269
2025-04-08	1974	1264
2025-04-09	1990	1266
2025-04-10	1965	1264
2025-04-11	1977	1261
2025-04-12	1977	1259
2025-04-13	1977	1259
2025-04-14	1977	1259
2025-04-15	1949	1259
2025-04-16	1968	1259
2025-04-17	1998	1259
2025-04-18	2006	1258
2025-04-19	2006	1258
2025-04-20	2006	1258
2025-04-21	2006	1258
2025-04-22	2006	1258
2025-04-23	2016	1259
2025-04-24	1961	1258
2025-04-25	1936	1234
2025-04-26	1934	1234
2025-04-27	1932	1234
2025-04-28	1930	1234
2025-04-29	1927	1240
2025-04-30	1903	1239
2025-05-01	1895	1249
2025-05-02	1895	1249
2025-05-03	1903	1249
2025-05-04	1903	1249
2025-05-05	1903	1249
2025-05-06	1917	1249
2025-05-07	1917	1249
2025-05-08	1954	1250
2025-05-09	1954	1250
2025-05-10	1967	1252
2025-05-11	1967	1252
2025-05-12	1967	1252
2025-05-13	1967	1253
2025-05-14	1968	1253
2025-05-15	1973	1254
2025-05-16	1967	1254
2025-05-17	1951	1259
2025-05-18	1951	1259
2025-05-19	1951	1259
2025-05-20	1950	1260
2025-05-21	1949	1260
2025-05-22	1977	1261
2025-05-23	1977	1262
2025-05-24	1971	1263
2025-05-25	1971	1263
2025-05-26	1971	1263
2025-05-27	1975	1265
2025-05-28	1988	1272
2025-05-29	1983	1273
2025-05-30	1983	1273
2025-05-31	1948	1273
2025-06-01	1948	1273
2025-06-02	1948	1273
2025-06-03	1927	1273
2025-06-04	1939	1273
2025-06-05	1957	1273
2025-06-06	1951	1272
2025-06-07	1964	1272
2025-06-08	1964	1272
2025-06-09	1964	1272
2025-06-10	1964	1272
2025-06-11	1952	1273
2025-06-12	1936	1273
2025-06-13	1960	1274
2025-06-14	1966	1274
2025-06-15	1966	1274
2025-06-16	1966	1274
2025-06-17	1997	1277
2025-06-18	1999	1277
2025-06-19	2015	1277
2025-06-20	2016	1277
2025-06-21	2025	1278
2025-06-22	2025	1278
2025-06-23	2025	1278
2025-06-24	2024	1278
2025-06-25	2050	1280
2025-06-26	1957	1280
2025-06-27	1957	1280
2025-06-28	1935	1274
2025-06-29	1935	1274
2025-06-30	1935	1274
2025-07-01	1935	1273
2025-07-02	1904	1272
2025-07-03	1916	1266
2025-07-04	1920	1272
2025-07-05	1921	1273
2025-07-06	1921	1252
2025-07-07	1921	1232
2025-07-08	1920	1232
2025-07-09	1917	1267
2025-07-10	1924	1274
2025-07-11	1927	1273
2025-07-12	1941	1278
2025-07-13	1941	1278
2025-07-14	1941	1278
2025-07-15	1945	1278
2025-07-16	1948	1280
2025-07-17	1919	1280
2025-07-18	1917	1280
2025-07-19	1915	1281
2025-07-20	1915	1281
2025-07-21	1915	1281
2025-07-22	1900	1280
2025-07-23	1916	1280
2025-07-24	1933	1280
2025-07-25	1919	1277
2025-07-26	1925	1275
2025-07-27	1925	1275
2025-07-28	1925	1275
2025-07-29	1927	1275
