                     .	Tschechien	Niederlande	Belgien	Polen	Norwegen	Dänemark	Frankreich	Österreich	Schweiz	Russland	LNG	Deutschland Import
01.01.2022	648	532	505	0	1258	0	0	0	62	1641		4646
02.01.2022	644	599	540	0	1242	0	0	1	0	1653		4679
03.01.2022	654	622	495	0	1234	0	0	0	0	1634		4639
04.01.2022	643	614	426	0	1243	0	0	0	0	1630		4556
05.01.2022	644	659	118	0	1297	0	0	7	0	1653		4378
06.01.2022	647	602	244	0	1314	0	0	12	0	1639		4458
07.01.2022	646	604	297	0	1324	0	0	9	0	1653		4533
08.01.2022	640	649	418	0	1289	0	0	7	0	1628		4631
09.01.2022	637	606	342	0	1321	0	0	7	0	1628		4541
10.01.2022	651	684	336	0	1328	0	0	0	0	1628		4627
11.01.2022	644	710	271	0	1399	0	0	0	0	1628		4652
12.01.2022	635	729	307	0	1419	0	0	0	0	1628		4718
13.01.2022	647	722	263	0	1340	0	0	0	0	1627		4599
14.01.2022	642	743	217	0	1368	0	0	0	0	1626		4596
15.01.2022	654	671	312	0	1316	0	0	8	0	1630		4591
16.01.2022	649	673	247	0	1324	0	0	30	0	1628		4551
17.01.2022	646	729	256	0	1322	0	0	0	0	1654		4607
18.01.2022	646	727	287	0	1246	0	0	0	0	1628		4534
19.01.2022	646	718	358	0	1354	0	0	0	0	1628		4704
20.01.2022	648	793	315	0	1370	0	0	0	0	1629		4755
21.01.2022	674	816	310	0	1344	0	0	0	0	1628		4772
22.01.2022	653	623	341	0	1349	0	0	0	0	1628		4594
23.01.2022	645	628	310	0	1338	0	0	0	0	1628		4549
24.01.2022	639	743	330	0	1281	0	0	0	0	1628		4621
25.01.2022	641	711	356	0	1322	0	0	0	0	1654		4684
26.01.2022	628	780	386	0	1339	0	0	0	0	1653		4786
27.01.2022	653	731	499	0	1376	0	0	0	0	1653		4912
28.01.2022	641	715	302	0	1324	0	0	0	0	1654		4636
29.01.2022	647	609	509	0	1339	0	0	0	0	1653		4757
30.01.2022	656	621	486	0	1333	0	0	2	0	1654		4752
31.01.2022	659	643	435	0	1312	0	0	0	0	1653		4702
01.02.2022	633	719	530	0	1354	0	0	0	0	1755		4991
02.02.2022	639	612	528	0	1352	0	0	0	0	1755		4886
03.02.2022	643	564	604	0	1344	0	0	0	0	1762		4917
04.02.2022	643	615	633	0	1359	0	0	0	0	1754		5004
05.02.2022	650	601	525	0	1384	0	0	0	0	1759		4919
06.02.2022	650	600	549	0	1384	0	0	2	0	1756		4941
07.02.2022	659	676	498	0	1382	0	0	0	0	1756		4971
08.02.2022	659	628	527	0	1328	0	0	0	0	1753		4895
09.02.2022	660	564	599	0	1381	0	0	0	0	1757		4961
10.02.2022	653	557	495	0	1356	0	0	0	0	1715		4776
11.02.2022	614	654	426	0	1396	0	0	0	0	1713		4803
12.02.2022	647	726	549	0	1367	0	0	0	0	1713		5002
13.02.2022	656	708	545	0	1395	0	0	0	0	1713		5017
14.02.2022	648	679	588	0	1335	0	0	0	0	1725		4975
15.02.2022	639	676	530	0	1345	0	0	0	0	1756		4946
16.02.2022	653	588	613	0	1296	0	0	0	0	1643		4793
17.02.2022	647	583	632	0	1269	0	0	0	0	1643		4774
18.02.2022	640	580	540	0	1205	0	0	0	0	1700		4665
19.02.2022	646	579	483	0	1225	0	0	0	0	1643		4576
20.02.2022	645	523	434	0	1249	0	0	1	0	1643		4495
21.02.2022	669	611	431	0	1273	0	0	0	0	1644		4628
22.02.2022	649	601	405	0	1265	0	0	0	0	1697		4617
23.02.2022	641	582	445	0	1328	0	0	0	0	1761		4757
24.02.2022	646	556	476	0	1309	0	0	0	0	1754		4741
25.02.2022	633	616	359	48	1236	0	0	4	0	1752		4648
26.02.2022	656	550	475	107	1256	0	0	8	0	1763		4815
27.02.2022	642	595	483	0	1261	0	0	14	0	1754		4749
28.02.2022	642	606	531	36	1299	0	0	0	0	1756		4870
01.03.2022	642	620	409	167	1286	0	0	0	0	1747		4871
02.03.2022	636	664	351	174	1253	0	0	5	0	1757		4840
03.03.2022	645	701	429	142	1219	0	0	5	0	1704		4845
04.03.2022	660	702	350	103	1304	0	0	1	0	1798		4918
05.03.2022	666	649	274	138	1272	0	0	16	18	1768		4801
06.03.2022	680	645	306	135	1272	0	0	15	14	1754		4821
07.03.2022	663	708	344	118	1296	0	0	0	0	1759		4888
08.03.2022	630	671	438	177	1298	0	0	0	0	1755		4969
09.03.2022	636	586	500	178	1294	0	0	0	0	1756		4950
10.03.2022	642	604	440	175	1293	0	0	0	0	1754		4908
11.03.2022	651	621	595	191	1227	0	0	0	0	1759		5044
12.03.2022	636	536	536	205	1277	0	0	0	0	1752		4942
13.03.2022	645	568	512	204	1276	0	0	0	0	1753		4958
14.03.2022	645	555	479	251	1290	0	0	0	0	1760		4980
15.03.2022	643	635	425	1	1266	0	0	0	0	1754		4724
16.03.2022	644	664	475	0	1080	0	0	0	0	1617		4480
17.03.2022	655	638	578	0	1158	0	0	0	0	1498		4527
18.03.2022	643	627	636	0	1194	0	0	0	0	1374		4474
19.03.2022	637	593	690	0	1271	0	0	0	112	1379		4682
20.03.2022	643	628	673	0	1266	0	0	0	156	1378		4744
21.03.2022	645	552	573	0	1280	0	0	0	0	1454		4504
22.03.2022	622	535	643	0	1283	0	0	0	0	1575		4658
23.03.2022	649	552	572	0	1253	0	0	0	0	1566		4592
24.03.2022	645	495	706	0	1249	0	0	0	22	1682		4799
25.03.2022	643	471	673	0	1098	0	0	0	97	1761		4743
26.03.2022	642	452	641	0	1079	0	0	0	99	1681		4594
27.03.2022	660	491	672	0	1197	0	0	0	130	1761		4911
28.03.2022	649	519	621	0	1217	0	0	0	63	1761		4830
29.03.2022	713	466	541	0	1275	0	0	0	35	1761		4791
30.03.2022	721	598	586	120	1278	0	0	0	23	1756		5082
31.03.2022	651	577	693	154	1243	0	0	0	25	1755		5098
01.04.2022	680	834	664	0	1457	0	0	0	0	1751		5386
02.04.2022	656	774	774	0	1440	0	0	5	0	1761		5410
03.04.2022	677	703	820	0	1479	0	0	2	0	1756		5437
04.04.2022	676	679	827	0	1453	0	0	0	0	1756		5391
05.04.2022	643	774	826	0	1447	0	0	0	0	1762		5452
06.04.2022	667	756	827	83	1455	0	0	0	0	1756		5544
07.04.2022	667	714	827	0	1387	0	0	0	14	1752		5361
08.04.2022	604	824	819	0	1405	0	0	0	53	1755		5460
09.04.2022	658	729	802	0	1437	0	0	10	49	1756		5441
10.04.2022	649	784	821	0	1417	0	0	2	15	1754		5442
11.04.2022	653	805	823	0	1421	0	0	0	0	1764		5466
12.04.2022	670	612	820	0	1437	0	0	0	0	1756		5295
13.04.2022	655	563	811	0	1434	0	0	0	0	1755		5218
14.04.2022	665	583	802	0	1281	0	0	0	0	1756		5087
15.04.2022	659	526	791	0	1283	0	0	0	0	1755		5014
16.04.2022	663	517	789	0	1286	0	0	0	0	1756		5011
17.04.2022	650	506	806	0	1296	0	0	0	4	1754		5016
18.04.2022	641	515	804	0	1280	0	0	0	46	1756		5042
19.04.2022	644	611	800	0	1308	0	0	0	0	1751		5114
20.04.2022	666	621	840	0	1333	0	0	0	0	1758		5218
21.04.2022	664	693	846	0	1366	0	0	0	0	1757		5326
22.04.2022	657	696	820	0	1338	0	0	0	0	1752		5263
23.04.2022	659	611	834	0	1380	0	0	0	0	1743		5227
24.04.2022	684	677	834	0	1386	0	0	0	0	1756		5337
25.04.2022	693	845	699	0	1523	0	0	0	81	1761		5602
26.04.2022	682	612	758	0	1497	0	0	0	208	1760		5517
27.04.2022	670	564	741	0	1265	0	0	0	27	1734		5001
28.04.2022	676	664	772	0	1274	0	0	0	14	1733		5133
29.04.2022	672	644	789	0	1300	0	0	0	0	1731		5136
30.04.2022	679	603	724	0	1139	0	0	0	0	1732		4877
01.05.2022	618	573	662	0	1179	0	0	0	0	1734		4766
02.05.2022	614	524	704	0	1055	0	0	0	0	1758		4655
03.05.2022	622	573	771	0	1056	0	0	0	0	1755		4777
04.05.2022	616	590	775	0	1058	0	0	0	0	1757		4796
05.05.2022	616	497	765	0	931	0	0	0	0	1756		4565
06.05.2022	616	723	758	0	988	0	0	0	150	1756		4991
07.05.2022	575	557	829	0	1029	0	0	0	22	1757		4769
08.05.2022	571	542	817	0	1034	0	0	0	35	1756		4755
09.05.2022	521	433	761	0	1243	0	0	0	175	1758		4891
10.05.2022	532	465	778	0	1066	0	0	0	284	1755		4880
11.05.2022	411	379	793	0	1266	0	0	0	14	1755		4618
12.05.2022	343	285	803	0	1261	0	0	0	0	1751		4443
13.05.2022	429	365	808	0	1401	0	0	0	0	1757		4760
14.05.2022	424	419	826	0	1256	0	0	0	20	1756		4701
15.05.2022	425	413	819	0	1258	0	0	0	23	1760		4698
16.05.2022	422	452	619	0	1247	0	0	0	0	1759		4499
17.05.2022	539	446	635	0	1250	0	0	0	0	1756		4626
18.05.2022	530	451	616	0	1099	0	0	0	0	1754		4450
19.05.2022	469	465	631	0	1188	0	0	1	0	1757		4511
20.05.2022	478	437	788	0	1073	0	0	0	0	1756		4532
21.05.2022	501	403	763	0	1142	0	0	0	55	1756		4620
22.05.2022	490	501	711	0	1116	0	0	0	80	1756		4654
23.05.2022	484	488	740	0	1081	0	0	0	4	1756		4553
24.05.2022	583	547	683	0	1036	0	0	0	0	1756		4605
25.05.2022	574	574	828	0	1087	0	0	0	0	1756		4819
26.05.2022	491	528	826	0	1257	0	0	0	0	1756		4858
27.05.2022	511	523	820	0	1124	0	0	0	0	1726		4704
28.05.2022	557	538	754	0	1091	0	0	0	0	1757		4697
29.05.2022	559	565	693	0	1037	0	0	0	0	1755		4609
30.05.2022	559	502	703	0	1044	0	0	0	0	1757		4565
31.05.2022	538	426	808	0	1215	0	0	0	0	1578		4565
01.06.2022	649	439	804	0	1114	0	0	0	37	1752		4795
02.06.2022	590	446	834	0	1129	0	0	0	114	1739		4852
03.06.2022	623	421	826	0	1130	0	0	0	47	1718		4765
04.06.2022	619	400	817	0	1114	0	0	0	54	1600		4604
05.06.2022	616	427	804	0	1163	0	0	0	61	1601		4672
06.06.2022	616	376	814	0	1159	0	0	0	0	1625		4590
07.06.2022	614	378	791	0	1119	0	0	0	43	1583		4528
08.06.2022	672	398	802	0	954	0	0	0	36	1553		4415
09.06.2022	645	486	581	0	1075	0	0	0	0	1490		4277
10.06.2022	672	503	514	0	1116	0	0	0	24	1506		4335
11.06.2022	610	359	726	0	1114	0	0	0	74	1464		4347
12.06.2022	625	393	754	0	1103	0	0	0	80	1496		4451
13.06.2022	578	519	827	0	1043	0	0	0	0	1204		4171
14.06.2022	480	629	832	0	1107	0	0	0	0	1049		4097
15.06.2022	347	557	839	0	1078	0	0	0	0	987		3808
16.06.2022	224	491	826	0	1077	0	0	0	0	719		3337
17.06.2022	232	554	826	0	1177	0	0	0	0	702		3491
18.06.2022	217	456	795	0	1060	0	0	0	171	701		3400
19.06.2022	209	471	817	0	1037	0	0	0	164	703		3401
20.06.2022	224	549	834	0	1014	0	0	0	0	703		3324
21.06.2022	212	591	832	0	1136	0	0	0	0	704		3475
22.06.2022	231	487	830	0	1100	0	0	0	0	702		3350
23.06.2022	242	569	823	0	1130	0	0	0	0	703		3467
24.06.2022	217	619	830	0	1135	0	0	0	0	703		3504
25.06.2022	163	557	825	0	1321	0	0	0	0	703		3569
26.06.2022	159	573	832	0	1319	0	0	0	0	703		3586
27.06.2022	177	558	826	0	1283	0	0	0	0	703		3547
28.06.2022	218	577	830	0	1273	0	0	0	0	703		3601
29.06.2022	204	569	825	0	1261	0	0	0	0	703		3562
30.06.2022	199	608	818	0	1360	0	0	0	0	703		3688
01.07.2022	176	755	821	0	1347	0	0	0	0	703		3802
02.07.2022	215	775	826	0	1346	0	0	0	0	702		3864
03.07.2022	194	702	826	0	1440	0	0	0	0	703		3865
04.07.2022	238	783	823	0	1402	0	0	0	0	708		3954
05.07.2022	221	688	825	0	1460	0	0	0	0	697		3891
06.07.2022	229	684	828	0	1334	0	0	0	0	704		3779
07.07.2022	259	920	829	0	1269	0	0	0	0	703		3980
08.07.2022	242	726	824	0	1341	0	0	0	0	703		3836
09.07.2022	245	598	825	0	1303	0	0	0	0	708		3679
10.07.2022	221	579	814	0	1321	0	0	0	18	698		3651
11.07.2022	1	595	817	0	1286	0	0	0	0	60		2759
12.07.2022	16	573	794	0	1222	0	0	0	0	0		2605
13.07.2022	0	620	826	0	1217	0	0	0	0	0		2663
14.07.2022	0	676	826	0	1304	0	0	0	0	0		2806
15.07.2022	0	694	825	0	1232	0	0	0	0	0		2751
16.07.2022	0	638	828	0	1262	0	0	0	0	0		2728
17.07.2022	0	606	827	0	1262	0	0	0	0	0		2695
18.07.2022	0	648	825	0	1278	0	0	0	0	0		2751
19.07.2022	0	794	787	0	1288	0	0	0	0	0		2869
20.07.2022	0	711	825	0	1304	0	0	0	0	0		2840
21.07.2022	233	635	807	0	1310	0	0	0	0	695		3680
22.07.2022	260	473	826	0	1300	0	0	0	0	702		3561
23.07.2022	224	697	832	0	1275	0	0	0	0	697		3725
24.07.2022	224	691	826	0	1294	0	0	0	0	700		3735
25.07.2022	229	683	824	0	1267	0	0	0	0	702		3705
26.07.2022	237	645	828	0	1390	0	0	0	0	669		3769
27.07.2022	149	684	829	0	1414	0	0	0	0	373		3449
28.07.2022	113	707	832	0	1426	0	0	0	0	346		3424
29.07.2022	134	626	825	0	1426	0	0	0	0	346		3357
30.07.2022	143	618	827	0	1330	0	0	0	0	346		3264
31.07.2022	139	600	826	0	1324	0	0	0	0	317		3206
01.08.2022	144	634	823	0	1279	0	0	0	0	334		3214
02.08.2022	144	636	825	0	1389	0	0	0	20	346		3360
03.08.2022	142	664	826	0	1358	0	0	0	0	346		3336
04.08.2022	138	608	750	0	1414	0	0	0	0	346		3256
05.08.2022	120	591	826	0	1428	0	0	0	0	346		3311
06.08.2022	143	670	828	0	1443	0	0	0	0	347		3431
07.08.2022	144	630	821	0	1476	0	0	0	0	346		3417
08.08.2022	143	645	826	0	1446	0	0	0	0	346		3406
09.08.2022	143	632	822	0	1479	0	0	0	0	346		3422
10.08.2022	148	600	826	0	1473	0	0	0	0	346		3393
11.08.2022	149	686	793	0	1378	0	0	0	0	348		3354
12.08.2022	104	652	826	0	1390	0	0	8	0	347		3327
13.08.2022	126	678	831	0	1376	0	0	0	45	351		3407
14.08.2022	144	676	828	0	1376	0	0	0	33	349		3406
15.08.2022	133	625	826	0	1336	0	0	0	70	350		3340
16.08.2022	139	600	832	0	1454	0	0	0	65	350		3440
17.08.2022	150	603	825	0	1408	0	0	1	28	347		3362
18.08.2022	151	596	825	0	1389	0	0	7	7	346		3321
19.08.2022	150	547	826	0	1348	0	0	3	80	347		3301
20.08.2022	143	511	825	0	1365	0	0	0	197	347		3388
21.08.2022	143	546	826	0	1368	0	0	0	183	347		3413
22.08.2022	137	711	826	0	1370	0	0	0	91	347		3482
23.08.2022	166	596	827	0	1318	0	0	0	30	347		3284
24.08.2022	147	608	829	0	1374	0	0	0	0	347		3305
25.08.2022	148	592	826	0	1384	0	0	0	0	347		3297
26.08.2022	121	495	828	0	1242	0	0	0	0	347		3033
27.08.2022	121	607	826	0	1269	0	0	0	50	347		3220
28.08.2022	123	665	827	0	1314	0	0	0	0	347		3276
29.08.2022	118	757	824	0	1329	0	0	0	0	348		3376
30.08.2022	178	775	841	0	1317	0	0	0	0	291		3402
31.08.2022	20	672	821	0	1441	0	0	0	0	0		2954
01.09.2022	28	703	827	0	1391	0	0	0	0	0		2949
02.09.2022	53	647	815	0	1231	0	0	8	102	0		2856
03.09.2022	54	673	824	0	1261	0	0	0	112	0		2924
04.09.2022	54	668	826	0	1261	0	0	1	80	0		2890
05.09.2022	35	780	810	0	1293	0	0	0	0	0		2918
06.09.2022	104	689	826	0	1332	0	0	0	0	0		2951
07.09.2022	56	789	826	0	812	0	0	0	0	0		2483
08.09.2022	100	667	827	0	1385	0	0	0	0	0		2979
09.09.2022	111	698	821	0	1315	0	0	0	0	0		2945
10.09.2022	96	651	823	0	1244	0	0	7	87	0		2908
11.09.2022	83	545	798	0	1268	0	0	11	157	0		2862
12.09.2022	97	649	830	0	1172	0	0	0	0	0		2748
13.09.2022	115	636	824	0	1152	0	0	3	0	0		2730
14.09.2022	116	671	723	0	1150	0	0	1	0	0		2661
15.09.2022	116	644	832	0	1128	0	0	12	22	0		2754
16.09.2022	111	797	824	0	1135	0	0	0	127	0		2994
17.09.2022	26	752	823	0	1249	0	0	0	201	0		3051
18.09.2022	0	770	826	0	1296	0	0	0	150	0		3042
19.09.2022	16	801	829	0	1305	0	0	0	43	0		2994
20.09.2022	94	709	825	0	1319	0	0	0	113	0		3060
21.09.2022	84	711	834	0	1395	0	0	0	169	0		3193
22.09.2022	30	761	826	0	1399	0	0	0	153	0		3169
23.09.2022	42	616	825	0	1403	0	0	0	44	0		2930
24.09.2022	20	610	827	0	1194	0	0	0	226	0		2877
25.09.2022	21	608	826	0	1163	0	0	0	225	0		2843
26.09.2022	16	791	826	0	1153	0	0	0	180	0		2966
27.09.2022	36	807	826	0	1212	0	0	0	231	0		3112
28.09.2022	55	793	826	0	1261	0	0	14	221	0		3170
29.09.2022	18	872	825	0	1340	0	0	21	180	0		3256
30.09.2022	1	960	825	0	1162	0	0	11	198	0		3157
01.10.2022	0	835	827	0	1395	0	0	0	119	0		3176
02.10.2022	0	726	829	0	1421	0	0	0	191	0		3167
03.10.2022	0	818	825	0	1358	0	0	0	84	0		3085
04.10.2022	0	846	825	0	1438	0	0	0	0	0		3109
05.10.2022	0	901	824	0	1472	0	0	1	0	0		3198
06.10.2022	0	960	826	0	1451	0	0	0	0	0		3237
07.10.2022	0	853	822	0	1467	0	0	0	105	0		3247
08.10.2022	0	759	830	0	1439	0	0	0	199	0		3227
09.10.2022	0	819	828	0	1436	0	0	0	200	0		3283
10.10.2022	0	934	835	0	1471	0	0	0	54	0		3294
11.10.2022	0	1086	827	0	1465	0	0	0	87	0		3465
12.10.2022	0	1185	847	0	1427	0	0	0	0	0		3459
13.10.2022	0	1057	841	0	1459	0	0	0	0	0		3357
14.10.2022	0	778	847	0	1454	0	0	0	117	0		3196
15.10.2022	0	847	828	0	1450	0	0	0	156	0		3281
16.10.2022	0	932	826	0	1463	0	0	0	135	0		3356
17.10.2022	0	964	786	0	1459	0	0	0	0	0		3209
18.10.2022	1	981	843	0	1436	0	39	0	0	0		3300
19.10.2022	10	847	846	0	1486	0	67	0	0	0		3256
20.10.2022	0	1051	771	0	1496	0	67	0	0	0		3385
21.10.2022	0	985	772	0	1490	0	69	0	0	0		3316
22.10.2022	0	879	703	0	1472	0	81	0	221	0		3356
23.10.2022	0	879	771	0	1474	0	62	0	222	0		3408
24.10.2022	0	953	788	0	1463	0	0	0	0	0		3204
25.10.2022	0	1027	775	0	1454	0	73	0	5	0		3334
26.10.2022	0	949	806	0	1486	0	94	0	33	0		3368
27.10.2022	0	1016	838	0	1487	0	95	0	0	0		3436
28.10.2022	0	947	834	0	1478	0	89	0	70	0		3418
29.10.2022	0	896	807	0	1485	0	51	0	212	0		3451
30.10.2022	0	788	825	0	1461	0	49	0	141	0		3264
31.10.2022	0	860	798	0	1439	0	107	0	153	0		3357
01.11.2022	0	701	738	0	1392	0	84	0	170	0		3085
02.11.2022	0	805	809	0	1471	0	69	0	100	0		3254
03.11.2022	0	1079	818	0	1406	0	111	0	1	0		3415
04.11.2022	0	925	829	0	1470	0	111	0	21	0		3356
05.11.2022	0	956	827	0	1456	0	101	0	185	0		3525
06.11.2022	0	930	825	0	1463	0	101	0	198	0		3517
07.11.2022	0	944	827	0	1350	0	67	0	0	0		3188
08.11.2022	0	1056	825	0	1412	0	33	0	0	0		3326
09.11.2022	0	1037	822	0	1401	0	31	0	0	0		3291
10.11.2022	0	1048	810	0	1383	0	53	0	0	0		3294
11.11.2022	0	976	822	0	1377	0	68	0	33	0		3276
12.11.2022	0	893	817	0	1373	0	74	0	199	0		3356
13.11.2022	0	856	822	0	1407	0	84	0	205	0		3374
14.11.2022	0	1047	802	0	1334	0	25	0	0	0		3208
15.11.2022	0	960	652	0	1267	0	52	36	38	0		3005
16.11.2022	0	897	566	0	1290	0	29	121	182	0		3085
17.11.2022	0	939	576	0	1286	0	48	49	204	0		3102
18.11.2022	0	972	550	0	1336	0	69	133	242	0		3302
19.11.2022	0	958	548	0	1358	0	72	160	229	0		3325
20.11.2022	0	950	539	0	1376	0	66	199	234	0		3364
21.11.2022	0	962	619	0	1343	0	70	87	175	0		3256
22.11.2022	0	960	595	0	1392	0	57	18	172	0		3194
23.11.2022	0	951	616	0	1405	0	37	0	80	0		3089
24.11.2022	5	849	576	0	1459	0	37	36	134	0		3096
25.11.2022	0	866	639	0	1346	0	53	85	164	0		3153
26.11.2022	0	903	590	0	1371	0	59	171	195	0		3289
27.11.2022	0	838	582	0	1403	0	30	174	193	0		3220
28.11.2022	0	887	581	0	1356	0	47	33	85	0		2989
29.11.2022	0	843	568	0	1365	0	51	9	22	0		2858
30.11.2022	0	782	818	0	1373	0	0	50	39	0		3062
01.12.2022	0	868	825	0	1341	0	0	0	0	0		3034
02.12.2022	0	863	708	0	1367	0	0	1	0	0		2939
03.12.2022	0	809	826	0	1326	0	0	135	173	0		3269
04.12.2022	0	880	787	0	1328	0	0	174	217	0		3386
05.12.2022	0	959	810	0	1295	11	0	15	10	0		3100
06.12.2022	0	754	752	0	1288	7	0	0	0	0		2801
07.12.2022	0	683	645	0	1214	0	0	39	0	0		2581
08.12.2022	0	769	497	0	1263	0	0	173	123	0		2825
09.12.2022	0	755	445	0	1295	0	0	174	122	0		2791
10.12.2022	0	893	526	0	1300	0	0	181	139	0		3039
11.12.2022	0	807	487	0	1269	0	0	197	117	0		2877
12.12.2022	0	888	421	0	1264	0	0	12	0	0		2585
13.12.2022	71	1006	511	0	1344	0	0	0	0	0		2932
14.12.2022	0	1099	464	0	1335	0	0	0	0	0		2898
15.12.2022	0	957	441	0	1272	0	0	44	0	0		2714
16.12.2022	0	1012	571	0	1324	0	0	76	51	0		3034
17.12.2022	0	954	722	0	1387	0	0	206	167	0		3436
18.12.2022	0	947	786	0	1359	0	0	245	208	0		3545
19.12.2022	0	928	829	0	1368	0	0	96	78	0		3299
20.12.2022	0	913	829	0	1367	0	0	54	108	0	0.0	3271
21.12.2022	0	851	828	0	1345	0	0	33	111	0	45.0	3213
22.12.2022	0	874	827	0	1324	0	0	38	181	0	45.0	3289
23.12.2022	0	851	823	0	1290	0	0	52	231	0	49.0	3296
24.12.2022	0	826	826	0	1298	0	0	49	215	0	100.0	3314
25.12.2022	0	853	827	0	1305	0	26	33	204	0	102.0	3350
26.12.2022	0	859	810	0	1323	0	48	40	196	0	106.0	3382
27.12.2022	0	871	824	0	1338	0	95	41	195	0	40.0	3404
28.12.2022	0	920	825	0	1350	0	99	64	149	0	101.0	3508
29.12.2022	0	852	824	0	1346	0	102	0	199	0	153.0	3476
30.12.2022	0	783	830	0	1355	0	101	24	221	0	146.0	3460
31.12.2022	0	799	825	0	1291	0	100	37	125	0	29.0	3206
01.01.2023	0	727	765	0	1304	0	101	17	0	0	17.0	2931
02.01.2023	0	813	785	0	1310	0	102	3	0	0	29.0	3042
03.01.2023	0	870	816	0	1279	0	91	4	44	0	53.0	3157
04.01.2023	0	903	823	0	1287	0	95	0	0	0	101.0	3209
05.01.2023	0	866	825	0	1285	0	99	0	0	0	101.0	3176
06.01.2023	0	913	826	0	1302	0	99	0	0	0	100.0	3240
07.01.2023	0	931	834	0	1325	0	100	0	0	0	16.0	3206
08.01.2023	0	843	820	0	1357	0	99	0	0	0	17.0	3136
09.01.2023	0	949	824	0	1336	0	50	0	0	0	135.0	3294
10.01.2023	0	849	826	0	1323	0	90	0	0	0	135.0	3223
11.01.2023	0	927	826	0	1306	33	99	0	0	0	148.0	3339
12.01.2023	0	1229	816	0	941	35	99	0	0	0	121.0	3241
13.01.2023	0	1066	820	0	915	16	92	0	0	0	133.0	3042
14.01.2023	0	987	778	0	994	0	73	0	0	0	17.0	2849
15.01.2023	0	940	711	0	1211	0	84	0	0	0	18.0	2964
16.01.2023	0	888	573	0	1245	0	95	0	0	0	135.0	2936
17.01.2023	0	864	536	0	1266	13	104	0	0	0	135.0	2918
18.01.2023	0	956	735	0	1238	11	99	0	0	0	135.0	3174
19.01.2023	0	1063	549	0	1288	0	0	0	0	0	135.0	3035
20.01.2023	0	964	659	0	1277	0	0	0	0	0	135.0	3035
21.01.2023	0	976	582	0	1332	0	0	0	0	0	125.0	3015
22.01.2023	0	937	499	0	1310	0	0	0	0	0	125.0	2871
23.01.2023	0	965	469	0	1227	0	0	0	0	0	124.0	2785
24.01.2023	0	1076	393	0	1258	0	0	0	0	0	153.0	2880
25.01.2023	0	1052	503	0	1264	0	0	0	0	0	144.0	2963
26.01.2023	0	1016	656	0	1272	0	0	0	0	0	124.0	3068
27.01.2023	0	919	555	0	1219	0	0	0	0	0	124.0	2817
28.01.2023	0	953	552	0	1268	0	0	0	0	0	118.0	2891
29.01.2023	0	1008	611	0	1311	0	0	0	0	0	118.0	3048
30.01.2023	0	989	688	0	1286	0	0	0	0	0	133.0	3096
31.01.2023	0	883	733	0	1320	0	0	0	0	0	120.0	3056
01.02.2023	0	874	805	0	1314	0	97	0	0	0	137.0	3227
02.02.2023	0	870	748	0	1266	0	99	0	0	0	144.0	3127
03.02.2023	0	898	763	0	1291	0	99	0	0	0	121.0	3172
04.02.2023	0	964	669	0	1336	0	75	0	0	0	24.0	3068
05.02.2023	0	884	728	0	1303	0	89	0	0	0	43.0	3047
06.02.2023	0	781	722	0	1329	0	83	0	0	0	127.0	3042
07.02.2023	0	839	587	0	1377	0	4	0	0	0	204.0	3011
08.02.2023	0	833	723	0	1347	0	91	0	0	0	186.0	3180
09.02.2023	0	1021	711	0	1316	0	99	0	0	0	181.0	3328
10.02.2023	0	992	723	0	1229	0	99	0	0	0	184.0	3227
11.02.2023	0	987	644	0	1296	0	99	0	0	0	183.0	3209
12.02.2023	0	994	588	0	1350	0	70	0	0	0	183.0	3185
13.02.2023	0	988	612	0	1321	0	65	0	0	0	215.0	3201
14.02.2023	0	970	665	0	1291	0	98	0	0	0	192.0	3216
15.02.2023	0	892	689	0	1296	0	91	0	0	0	192.0	3160
16.02.2023	0	840	750	0	1206	0	63	0	0	0	154.0	3013
17.02.2023	0	772	821	0	1253	0	90	0	0	0	128.0	3064
18.02.2023	0	805	798	0	1337	0	54	0	0	0	194.0	3188
19.02.2023	0	857	766	0	1331	0	56	0	0	0	174.0	3184
20.02.2023	0	876	770	0	1306	0	41	0	0	0	176.0	3169
21.02.2023	0	752	693	0	1283	0	88	0	0	0	176.0	2992
22.02.2023	0	626	704	0	1238	0	99	0	0	0	177.0	2844
23.02.2023	0	606	664	0	1245	0	84	0	0	0	192.0	2791
24.02.2023	0	772	753	0	1192	0	98	0	0	0	178.0	2993
25.02.2023	0	752	649	0	1293	0	103	0	40	0	172.0	3009
26.02.2023	0	762	675	0	1320	0	103	0	24	0	175.0	3059
27.02.2023	0	800	764	0	1333	0	94	0	0	0	162.0	3153
28.02.2023	0	770	804	0	1357	0	3	0	0	0	168.0	3102
01.03.2023	0	833	751	0	1284	0	98	0	0	0	212.0	3178
02.03.2023	0	806	629	0	1340	0	95	0	0	0	160.0	3030
03.03.2023	0	828	532	0	1347	0	93	0	0	0	163.0	2963
04.03.2023	0	936	583	0	1287	0	19	5	0	0	174.0	3004
05.03.2023	0	921	593	0	1259	0	7	1	0	0	88.0	2869
06.03.2023	0	1009	513	0	1269	0	0	0	0	0	81.0	2872
07.03.2023	0	866	312	0	1269	0	0	0	0	0	79.0	2526
08.03.2023	0	794	274	0	1241	0	0	4	0	0	79.0	2392
09.03.2023	0	798	366	0	1292	0	0	0	9	0	92.0	2557
10.03.2023	0	778	518	0	1225	0	0	22	102	0	132.0	2777
11.03.2023	0	772	597	0	1267	0	0	47	46	0	63.0	2792
12.03.2023	0	750	647	0	1291	0	0	52	110	0	49.0	2899
13.03.2023	0	697	753	0	1189	0	0	20	3	0	133.0	2795
14.03.2023	0	732	628	0	1157	0	0	2	0	0	153.0	2672
15.03.2023	0	903	720	0	1179	0	0	0	0	0	179.0	2981
16.03.2023	0	958	778	0	1206	0	0	0	0	0	182.0	3124
17.03.2023	0	760	802	0	1113	0	0	0	0	0	187.0	2862
18.03.2023	0	627	727	0	1209	0	0	0	0	0	183.0	2746
19.03.2023	0	627	658	0	1214	0	0	0	0	0	183.0	2682
20.03.2023	0	746	693	0	1188	0	0	0	0	0	182.0	2809
21.03.2023	0	759	741	0	1245	0	0	0	0	0	202.0	2947
22.03.2023	0	757	795	0	1274	0	0	0	0	0	218.0	3044
23.03.2023	0	745	780	0	1224	0	0	0	0	0	236.0	2985
24.03.2023	0	740	806	0	1275	0	0	0	0	0	247.0	3068
25.03.2023	0	691	763	0	1218	0	0	0	0	0	235.0	2907
26.03.2023	0	712	790	0	1257	0	0	0	0	0	111.0	2870
27.03.2023	0	826	769	0	1276	0	0	0	0	0	106.0	2977
28.03.2023	0	767	795	0	1248	0	0	0	0	0	167.0	2977
29.03.2023	0	712	801	0	1246	0	0	0	0	0	231.0	2990
30.03.2023	0	663	796	0	1274	0	0	0	0	0	210.0	2943
31.03.2023	0	674	803	0	1230	0	0	0	0	0	202.0	2909
01.04.2023	0	676	799	0	1208	9	0	0	0	0	220.0	2912
02.04.2023	0	782	788	0	1234	0	0	0	0	0	223.0	3027
03.04.2023	0	851	802	0	1166	5	0	0	0	0	227.0	3051
04.04.2023	0	843	815	0	1198	0	0	0	0	0	216.0	3072
05.04.2023	0	780	814	0	1232	0	0	0	0	0	224.0	3050
06.04.2023	0	764	795	0	1272	0	0	0	0	0	254.0	3085
07.04.2023	0	721	797	0	1247	22	0	0	0	0	233.0	3020
08.04.2023	0	676	746	0	1183	21	0	0	0	0	247.0	2873
09.04.2023	0	730	798	0	1219	0	0	0	0	0	259.0	3006
10.04.2023	0	804	807	0	1230	34	0	0	0	0	261.0	3136
11.04.2023	0	829	807	0	1289	0	0	0	0	0	255.0	3180
12.04.2023	0	879	811	0	1272	0	0	0	0	0	243.0	3205
13.04.2023	0	843	790	0	1318	0	0	0	0	0	202.0	3153
14.04.2023	0	780	812	0	1277	0	0	0	0	0	245.0	3114
15.04.2023	0	716	812	0	1285	0	0	0	0	0	231.0	3044
16.04.2023	0	723	810	0	1305	0	0	0	0	0	219.0	3057
17.04.2023	0	842	811	0	1314	0	0	0	0	0	240.0	3207
18.04.2023	0	895	813	0	1309	0	0	0	0	0	203.0	3220
19.04.2023	0	928	801	0	1211	9	0	0	0	0	223.0	3172
20.04.2023	0	878	811	0	1219	2	0	0	0	0	225.0	3135
21.04.2023	0	900	806	0	1222	0	0	0	0	0	216.0	3144
22.04.2023	0	827	798	0	1312	0	0	0	0	0	237.0	3174
23.04.2023	0	778	789	0	1290	0	0	0	0	0	240.0	3097
24.04.2023	0	858	808	0	1319	18	0	0	37	0	233.0	3273
25.04.2023	0	904	814	0	1307	33	0	0	8	0	231.0	3297
26.04.2023	0	842	813	0	1283	2	0	0	0	0	216.0	3156
27.04.2023	0	851	810	0	1275	27	0	0	0	0	219.0	3182
28.04.2023	0	871	811	0	1224	0	0	0	0	0	231.0	3137
29.04.2023	0	798	805	0	1243	20	92	0	44	0	199.0	3201
30.04.2023	0	774	803	0	1256	9	4	0	84	0	229.0	3159
01.05.2023	0	802	812	0	1260	14	0	0	77	0	230.0	3195
02.05.2023	0	770	812	0	1311	33	31	0	0	0	225.0	3182
03.05.2023	0	841	813	0	1233	38	54	0	0	0	230.0	3209
04.05.2023	0	767	814	0	1234	16	40	0	0	0	249.0	3120
05.05.2023	0	742	803	0	1184	16	38	0	0	0	208.0	2991
06.05.2023	0	749	779	0	1230	16	26	0	18	0	211.0	3029
07.05.2023	0	797	810	0	1231	22	22	0	0	0	211.0	3093
08.05.2023	0	730	811	0	1374	0	50	0	0	0	215.0	3180
09.05.2023	0	755	810	0	1035	0	3	0	0	0	203.0	2806
10.05.2023	0	654	812	0	1121	0	0	0	0	0	215.0	2802
11.05.2023	0	643	803	0	1142	0	0	0	0	0	185.0	2773
12.05.2023	0	642	813	0	1312	0	0	0	0	0	246.0	3013
13.05.2023	0	745	801	0	1261	0	5	0	0	0	246.0	3058
14.05.2023	0	669	809	0	1280	0	21	0	0	0	228.0	3007
15.05.2023	0	768	811	0	1241	0	0	0	0	0	222.0	3042
16.05.2023	0	750	814	0	1200	0	34	0	0	0	249.0	3047
17.05.2023	0	740	812	0	1231	0	41	0	0	0	181.0	3005
18.05.2023	0	769	811	0	1200	17	62	0	0	0	186.0	3045
19.05.2023	0	717	817	0	1193	22	58	0	0	0	227.0	3034
20.05.2023	0	697	812	0	1231	0	83	0	0	0	234.0	3057
21.05.2023	0	740	807	0	1238	0	78	0	0	0	224.0	3087
22.05.2023	0	713	754	0	1166	0	3	0	0	0	270.0	2906
23.05.2023	0	789	761	0	1008	53	103	0	0	0	297.0	3011
24.05.2023	0	757	760	0	1076	58	68	0	0	0	260.0	2979
25.05.2023	0	769	758	0	1100	16	1	0	0	0	255.0	2899
26.05.2023	0	723	752	0	1211	0	20	0	0	0	199.0	2905
27.05.2023	0	761	758	0	1198	0	0	0	0	0	263.0	2980
28.05.2023	0	653	683	0	1194	0	0	0	0	0	244.0	2774
29.05.2023	0	717	791	0	1155	19	0	0	0	0	242.0	2924
30.05.2023	0	740	679	0	1197	0	0	0	0	0	254.0	2870
31.05.2023	0	673	683	0	1204	5	0	0	0	0	211.0	2776
01.06.2023	0	641	445	0	1129	67	10	0	0	0	275.0	2567
02.06.2023	0	622	489	0	1149	0	3	0	0	0	252.0	2515
03.06.2023	0	593	469	0	1128	0	0	0	0	0	286.0	2476
04.06.2023	0	580	398	0	1126	0	0	0	0	0	273.0	2377
05.06.2023	0	568	493	0	1133	0	0	0	0	0	270.0	2464
06.06.2023	0	548	420	0	1124	0	0	0	0	0	201.0	2293
07.06.2023	0	503	336	0	1180	0	0	0	0	0	204.0	2223
08.06.2023	0	512	399	0	1167	0	0	0	0	0	212.0	2290
09.06.2023	0	493	367	0	1101	0	15	0	0	0	236.0	2212
10.06.2023	0	602	545	0	1109	0	18	0	0	0	210.0	2484
11.06.2023	0	557	502	0	1114	0	15	0	0	0	210.0	2398
12.06.2023	0	563	521	0	1131	0	14	0	0	0	211.0	2440
13.06.2023	0	537	539	0	1135	0	0	0	0	0	218.0	2429
14.06.2023	0	565	497	0	1121	0	0	0	0	0	192.0	2375
15.06.2023	0	524	444	0	1103	0	21	0	0	0	241.0	2333
16.06.2023	0	495	479	0	1091	0	23	0	0	0	256.0	2344
17.06.2023	0	506	507	0	995	9	20	0	0	0	252.0	2289
18.06.2023	0	531	476	0	1158	35	29	0	0	0	279.0	2508
19.06.2023	0	518	468	0	1111	0	1	0	0	0	278.0	2376
20.06.2023	0	548	465	0	1123	0	3	0	0	0	242.0	2381
21.06.2023	0	500	392	0	1035	0	2	0	0	0	236.0	2165
22.06.2023	0	476	303	0	1056	0	5	0	0	0	200.0	2040
23.06.2023	0	466	380	0	1058	0	4	0	0	0	195.0	2103
24.06.2023	0	511	547	0	1142	0	0	0	0	0	190.0	2390
25.06.2023	0	532	559	0	1175	0	0	0	0	0	199.0	2465
26.06.2023	0	526	551	0	1131	0	0	0	0	0	209.0	2417
27.06.2023	0	489	471	0	1131	0	0	0	0	0	219.0	2310
28.06.2023	0	527	520	0	1164	0	2	0	0	0	230.0	2443
29.06.2023	0	520	475	0	1160	0	1	0	0	0	207.0	2363
30.06.2023	0	541	427	0	1164	0	0	0	0	0	194.0	2326
01.07.2023	0	593	454	0	1158	0	0	0	0	0	189.0	2394
02.07.2023	0	581	447	0	1168	0	0	0	0	0	194.0	2390
03.07.2023	0	561	423	0	1164	0	3	0	0	0	191.0	2342
04.07.2023	0	454	305	0	1124	0	5	0	0	0	201.0	2089
05.07.2023	0	454	401	0	1115	0	17	0	0	0	191.0	2178
06.07.2023	0	424	411	0	1098	0	6	0	0	0	207.0	2146
07.07.2023	0	401	470	0	1121	0	0	0	0	0	204.0	2196
08.07.2023	0	357	500	0	1139	0	30	0	0	0	184.0	2210
09.07.2023	0	375	492	0	1140	0	23	0	0	0	157.0	2187
10.07.2023	0	423	523	0	1030	0	1	0	0	0	163.0	2140
11.07.2023	0	443	510	0	1126	0	0	0	0	0	116.0	2195
12.07.2023	0	428	530	0	1114	0	0	0	0	0	202.0	2274
13.07.2023	0	441	510	0	1096	0	0	0	0	0	183.0	2230
14.07.2023	0	449	526	0	1015	0	0	0	0	0	187.0	2177
15.07.2023	0	461	553	0	1148	0	0	0	0	0	158.0	2320
16.07.2023	0	485	545	0	1112	0	0	0	0	0	144.0	2286
17.07.2023	0	537	574	0	1119	0	0	0	0	0	197.0	2427
18.07.2023	0	580	543	0	1180	0	0	0	0	0	188.0	2491
19.07.2023	0	628	534	0	1172	0	0	0	0	0	193.0	2527
20.07.2023	0	561	483	0	1185	0	0	0	0	0	192.0	2421
21.07.2023	0	577	455	0	1213	0	0	0	0	0	170.0	2415
22.07.2023	0	595	485	0	1215	0	0	0	0	0	208.0	2503
23.07.2023	0	589	474	0	1217	0	0	0	0	0	202.0	2482
24.07.2023	0	587	430	0	1217	0	0	0	0	0	197.0	2431
25.07.2023	0	579	345	0	1216	0	0	0	0	0	198.0	2338
26.07.2023	0	590	355	0	1184	0	0	0	0	0	197.0	2326
27.07.2023	0	598	409	0	1156	0	0	0	0	0	115.0	2278
28.07.2023	0	577	447	0	1168	0	0	0	0	0	68.0	2260
29.07.2023	0	608	620	0	1195	0	0	0	0	0	113.0	2536
30.07.2023	0	583	503	0	1195	0	0	0	0	0	127.0	2408
31.07.2023	0	581	512	0	1198	0	0	0	0	0	167.0	2458
01.08.2023	0	598	418	0	1180	0	0	0	0	0	219.0	2415
02.08.2023	0	598	461	0	1168	0	0	0	0	0	243.0	2470
03.08.2023	0	635	421	0	1190	0	0	0	0	0	240.0	2486
04.08.2023	0	568	341	0	1189	0	0	0	0	0	250.0	2348
05.08.2023	0	570	429	0	1199	0	0	0	0	0	220.0	2418
06.08.2023	0	584	381	0	1223	0	0	0	0	0	210.0	2398
07.08.2023	0	668	407	0	1109	0	0	0	0	0	209.0	2393
08.08.2023	0	653	435	0	1099	0	0	0	0	0	196.0	2383
09.08.2023	0	664	367	0	1120	0	0	0	0	0	188.0	2339
10.08.2023	0	666	344	0	1111	0	0	0	0	0	150.0	2271
11.08.2023	0	617	358	0	1098	0	0	0	22	0	138.0	2233
12.08.2023	0	622	377	0	1110	0	0	0	141	0	201.0	2451
13.08.2023	0	592	373	0	1101	0	0	0	119	0	217.0	2402
14.08.2023	0	552	313	0	1108	0	0	0	110	0	220.0	2303
15.08.2023	0	631	359	0	1137	0	0	0	89	0	231.0	2447
16.08.2023	0	602	390	0	1137	0	0	0	0	0	234.0	2363
17.08.2023	0	631	426	0	1126	0	0	0	0	0	221.0	2404
18.08.2023	0	560	409	0	1101	0	0	0	1	0	232.0	2303
19.08.2023	0	497	381	0	1088	0	0	0	126	0	216.0	2308
20.08.2023	0	465	450	0	1094	0	0	0	97	0	102.0	2208
21.08.2023	0	532	394	0	1097	0	0	0	0	0	226.0	2249
22.08.2023	0	543	256	0	1147	0	0	0	0	0	228.0	2174
23.08.2023	0	545	212	0	1187	0	0	0	0	0	228.0	2172
24.08.2023	0	557	218	0	1136	0	0	0	0	0	235.0	2146
25.08.2023	0	512	246	0	1050	0	0	0	0	0	236.0	2044
26.08.2023	0	548	280	0	895	0	0	0	0	0	225.0	1948
27.08.2023	0	582	269	0	834	18	0	0	0	0	225.0	1928
28.08.2023	0	607	333	0	774	0	0	0	0	0	216.0	1930
29.08.2023	0	528	390	0	749	0	13	0	0	0	77.0	1757
30.08.2023	0	598	262	0	1010	0	0	0	0	0	80.0	1950
31.08.2023	0	664	270	0	946	0	0	0	0	0	70.0	1950
01.09.2023	0	532	394	0	1048	0	0	0	0	0	70.0	2044
02.09.2023	0	459	322	0	675	0	0	0	32	0	69.0	1557
03.09.2023	0	401	316	0	591	0	29	8	112	0	94.0	1551
04.09.2023	0	507	283	0	579	0	47	16	0	0	213.0	1645
05.09.2023	0	507	386	0	528	0	22	0	0	0	225.0	1668
06.09.2023	0	535	378	0	482	0	49	0	0	0	218.0	1662
07.09.2023	0	517	299	0	479	0	94	0	0	0	199.0	1588
08.09.2023	0	533	294	0	507	0	60	0	0	0	191.0	1585
09.09.2023	0	444	296	0	441	0	41	9	0	0	174.0	1405
10.09.2023	0	391	303	0	534	0	41	25	0	0	69.0	1363
11.09.2023	0	423	256	0	437	0	41	4	0	0	125.0	1286
12.09.2023	0	445	187	0	678	0	41	0	0	0	227.0	1578
13.09.2023	0	456	198	0	619	0	19	0	0	0	233.0	1525
14.09.2023	0	517	235	0	596	0	0	0	0	0	231.0	1579
15.09.2023	0	511	220	0	589	0	0	0	0	0	229.0	1549
16.09.2023	0	583	222	0	739	0	0	0	0	0	201.0	1745
17.09.2023	0	549	206	0	803	0	0	0	0	0	208.0	1766
18.09.2023	0	548	209	0	843	0	0	0	0	0	195.0	1795
19.09.2023	0	566	227	0	871	0	0	0	0	0	201.0	1865
20.09.2023	0	547	368	0	609	0	0	0	0	0	195.0	1719
21.09.2023	0	451	243	0	847	0	0	0	0	0	201.0	1742
22.09.2023	0	412	256	0	1029	0	0	1	0	0	187.0	1885
23.09.2023	0	356	256	0	994	0	1	46	0	0	110.0	1763
24.09.2023	0	331	226	0	984	0	0	72	44	0	187.0	1844
25.09.2023	0	344	294	0	995	0	0	32	8	0	196.0	1869
26.09.2023	0	391	341	0	946	0	0	30	0	0	192.0	1900
27.09.2023	0	469	527	0	678	0	0	4	0	0	221.0	1899
28.09.2023	0	438	439	0	798	0	0	1	0	0	225.0	1901
29.09.2023	0	440	349	0	899	0	0	20	0	0	210.0	1918
30.09.2023	0	441	325	0	1024	0	0	33	116	0	220.0	2159
01.10.2023	0	429	346	0	968	0	0	24	98	0	237.0	2102
02.10.2023	0	428	276	0	977	0	0	47	0	0	235.0	1963
03.10.2023	0	466	422	0	947	0	1	33	0	0	238.0	2107
04.10.2023	0	455	396	0	1010	0	0	0	0	0	241.0	2102
05.10.2023	0	427	356	0	1029	0	0	13	0	0	238.0	2063
06.10.2023	0	468	354	0	1029	0	0	0	0	0	238.0	2089
07.10.2023	0	444	387	0	1059	0	0	0	0	0	233.0	2123
08.10.2023	0	420	400	0	1082	0	0	1	0	0	210.0	2113
09.10.2023	0	468	463	0	1097	0	0	0	0	0	205.0	2233
10.10.2023	0	531	450	0	1077	0	0	0	0	0	208.0	2266
11.10.2023	0	549	433	0	1065	0	0	0	0	0	204.0	2251
12.10.2023	0	563	396	0	1134	0	0	0	0	0	185.0	2278
13.10.2023	0	588	461	0	1127	0	13	3	0	0	193.0	2385
14.10.2023	0	514	316	0	1172	0	54	61	0	0	228.0	2345
15.10.2023	0	555	353	0	1170	0	33	85	0	0	205.0	2401
16.10.2023	0	520	693	0	1176	0	18	91	0	0	218.0	2716
17.10.2023	0	503	786	0	1160	0	4	9	0	0	191.0	2653
18.10.2023	0	524	772	0	1077	0	2	0	0	0	202.0	2577
19.10.2023	0	513	779	0	1026	0	4	8	1	0	195.0	2526
20.10.2023	0	512	762	0	1033	0	6	3	34	0	185.0	2535
21.10.2023	0	481	666	0	1012	0	0	8	25	0	192.0	2384
22.10.2023	0	551	598	0	1021	0	24	13	44	0	198.0	2449
23.10.2023	0	699	671	0	1034	0	9	0	0	0	210.0	2623
24.10.2023	0	748	677	0	1030	0	50	2	0	0	209.0	2716
25.10.2023	0	743	669	0	1041	0	73	8	0	0	214.0	2748
26.10.2023	0	713	697	0	1044	0	56	7	38	0	208.0	2763
27.10.2023	0	621	680	0	1034	0	91	14	0	0	207.0	2647
28.10.2023	0	570	672	0	1076	0	99	26	68	0	194.0	2705
29.10.2023	0	504	574	0	1097	0	69	35	98	0	167.0	2544
30.10.2023	0	558	649	0	1032	0	52	59	46	0	193.0	2589
31.10.2023	0	519	583	0	1032	0	92	65	51	0	217.0	2559
01.11.2023	0	503	509	0	1063	0	94	83	152	0	163.0	2567
02.11.2023	0	506	529	0	1067	0	84	0	76	0	210.0	2472
03.11.2023	0	585	557	0	1108	0	96	4	13	0	203.0	2566
04.11.2023	0	559	523	0	1106	0	96	50	48	0	177.0	2559
05.11.2023	0	558	485	0	1104	0	102	33	52	0	155.0	2489
06.11.2023	0	624	603	0	1104	0	99	0	0	0	213.0	2643
07.11.2023	0	721	642	0	1169	0	80	21	0	0	226.0	2859
08.11.2023	0	711	709	0	1114	0	84	2	0	0	234.0	2854
09.11.2023	0	707	662	0	1204	0	99	47	0	0	235.0	2954
10.11.2023	0	697	714	0	1102	0	98	4	31	0	211.0	2857
11.11.2023	0	714	717	0	1133	0	101	37	41	0	211.0	2954
12.11.2023	0	756	711	0	1175	0	101	17	39	0	235.0	3034
13.11.2023	0	715	725	0	1234	0	98	0	0	0	233.0	3005
14.11.2023	0	635	798	0	1161	0	99	0	0	0	234.0	2927
15.11.2023	0	731	705	0	1215	0	94	20	0	0	189.0	2954
16.11.2023	0	774	543	0	1238	0	101	75	31	0	193.0	2955
17.11.2023	0	809	507	0	1236	0	102	141	39	0	164.0	2998
18.11.2023	0	776	495	0	1220	0	101	146	168	0	169.0	3075
19.11.2023	0	741	445	0	1212	0	98	78	172	0	193.0	2939
20.11.2023	0	749	514	0	1211	0	38	74	42	0	187.0	2815
21.11.2023	0	635	518	0	1208	0	72	100	37	0	193.0	2763
22.11.2023	0	675	557	0	1203	12	35	52	29	0	188.0	2751
23.11.2023	0	629	576	0	1222	31	62	78	27	0	110.0	2735
24.11.2023	0	755	524	0	1189	0	102	99	75	0	108.0	2852
25.11.2023	0	782	520	0	1246	0	6	73	97	0	158.0	2882
26.11.2023	0	772	507	0	1232	0	0	82	88	0	212.0	2893
27.11.2023	0	763	524	0	1221	0	35	25	3	0	208.0	2779
28.11.2023	0	699	567	0	1258	0	4	74	6	0	214.0	2822
29.11.2023	0	704	478	0	1200	0	0	23	0	0	203.0	2608
30.11.2023	0	754	374	0	1224	0	0	32	0	0	213.0	2597
01.12.2023	0	701	435	0	1260	0	0	44	8	0	221.0	2669
02.12.2023	0	807	541	0	1240	0	0	82	120	0	234.0	3024
03.12.2023	0	823	572	0	1268	0	0	81	114	0	238.0	3096
04.12.2023	0	895	635	0	1275	0	0	15	0	0	239.0	3059
05.12.2023	0	836	548	0	1221	0	0	5	0	0	234.0	2844
06.12.2023	0	747	504	0	1227	0	0	25	0	0	231.0	2734
07.12.2023	0	769	699	0	1227	0	0	43	0	0	220.0	2958
08.12.2023	0	809	703	0	1243	0	0	91	138	0	234.0	3218
09.12.2023	0	825	566	0	1207	15	0	22	160	0	215.0	3010
10.12.2023	0	762	560	0	1267	0	0	14	133	0	228.0	2964
11.12.2023	0	778	612	0	1257	0	0	6	0	0	210.0	2863
12.12.2023	0	771	672	0	1235	0	0	4	0	0	202.0	2884
13.12.2023	0	737	686	0	1261	9	97	18	0	0	191.0	2999
14.12.2023	0	754	716	0	1253	0	5	19	0	0	176.0	2923
15.12.2023	0	815	712	0	1263	0	0	43	0	0	196.0	3029
16.12.2023	0	793	731	0	1307	8	0	19	144	0	193.0	3195
17.12.2023	0	806	737	0	1320	0	0	15	104	0	190.0	3172
18.12.2023	0	838	748	0	1304	1	15	14	0	0	210.0	3130
19.12.2023	0	794	710	0	1279	6	100	0	0	0	216.0	3105
20.12.2023	0	781	663	0	1290	6	93	0	0	0	202.0	3035
21.12.2023	0	725	671	0	1293	0	55	8	0	0	110.0	2862
22.12.2023	0	734	698	0	1263	0	38	3	15	0	121.0	2872
23.12.2023	0	761	571	0	1297	4	12	16	165	0	205.0	3031
24.12.2023	0	714	646	0	1286	6	0	19	163	0	193.0	3027
25.12.2023	0	711	601	0	1291	5	0	23	159	0	230.0	3020
26.12.2023	0	727	578	0	1285	6	0	13	153	0	239.0	3001
27.12.2023	0	788	588	0	1285	7	0	0	148	0	262.0	3078
28.12.2023	0	810	548	0	1266	0	0	36	157	0	237.0	3054
29.12.2023	0	804	442	0	1257	0	0	30	106	0	221.0	2860
30.12.2023	0	732	424	0	1287	0	0	17	53	0	251.0	2764
31.12.2023	0	695	435	0	1273	14	0	10	48	0	230.0	2705
01.01.2024	0	543	466	0	1322	0	0	0	49	0	212.0	2592
02.01.2024	0	610	512	0	1304	0	0	7	40	0	192.0	2665
03.01.2024	0	603	525	0	1271	0	0	33	4	0	179.0	2615
04.01.2024	0	569	496	0	1278	0	61	51	37	0	204.0	2696
05.01.2024	0	637	486	0	1255	0	46	45	0	0	223.0	2692
06.01.2024	0	661	510	0	1228	0	94	41	0	0	217.0	2751
07.01.2024	0	704	512	0	1239	0	88	49	0	0	209.0	2801
08.01.2024	0	702	505	0	1236	0	19	101	0	0	195.0	2758
09.01.2024	0	756	513	0	1220	0	0	36	0	0	194.0	2719
10.01.2024	0	700	474	0	1218	0	20	0	0	0	201.0	2613
11.01.2024	0	697	533	0	1238	0	33	0	0	0	202.0	2703
12.01.2024	0	661	469	0	1231	0	40	49	0	0	204.0	2654
13.01.2024	0	691	456	0	1282	0	4	25	0	0	204.0	2662
14.01.2024	0	703	458	0	1289	0	0	40	0	0	204.0	2694
15.01.2024	0	675	432	0	1279	0	0	57	0	0	204.0	2647
16.01.2024	0	666	367	0	1268	0	0	35	0	0	200.0	2536
17.01.2024	0	673	376	0	1270	0	0	43	0	0	203.0	2565
18.01.2024	0	644	404	0	1291	0	35	50	0	0	144.0	2568
19.01.2024	0	669	401	0	1292	0	0	50	0	0	149.0	2561
20.01.2024	0	631	460	0	1074	0	0	31	0	0	199.0	2395
21.01.2024	0	619	512	0	1290	0	6	4	0	0	235.0	2666
22.01.2024	0	561	509	0	1331	0	53	0	0	0	232.0	2686
23.01.2024	0	548	515	0	1322	0	62	0	0	0	206.0	2653
24.01.2024	0	527	509	0	1136	0	71	0	0	0	92.0	2335
25.01.2024	0	525	490	0	1351	0	70	1	0	0	225.0	2662
26.01.2024	0	526	489	0	1358	15	63	0	0	0	239.0	2690
27.01.2024	0	653	442	0	1318	1	63	3	0	0	238.0	2718
28.01.2024	0	640	440	0	1331	9	68	5	0	0	238.0	2731
29.01.2024	0	593	489	0	1347	9	67	0	0	0	236.0	2741
30.01.2024	0	610	478	0	1327	10	67	1	0	0	235.0	2728
31.01.2024	0	573	477	0	1353	8	68	0	0	0	235.0	2714
01.02.2024	0	577	508	0	1349	0	84	3	0	0	194.0	2715
02.02.2024	0	660	501	0	1355	0	92	0	0	0	194.0	2802
03.02.2024	0	633	449	0	1345	0	82	0	0	0	187.0	2696
04.02.2024	0	650	444	0	1211	5	73	4	0	0	200.0	2587
05.02.2024	0	642	484	0	1249	0	83	3	0	0	194.0	2655
06.02.2024	0	690	487	0	1271	0	86	0	0	0	194.0	2728
07.02.2024	0	642	390	0	1246	0	73	1	0	0	193.0	2545
08.02.2024	0	629	439	0	1248	0	72	22	0	0	144.0	2554
09.02.2024	0	586	470	0	1320	0	72	0	0	0	144.0	2592
10.02.2024	0	583	414	0	1321	0	4	0	0	0	108.0	2430
11.02.2024	0	556	396	0	1331	0	0	0	0	0	110.0	2393
12.02.2024	0	580	448	0	1325	0	41	0	0	0	211.0	2605
13.02.2024	0	592	421	0	1319	0	51	0	0	0	144.0	2527
14.02.2024	0	603	388	0	1314	0	35	53	0	0	131.0	2524
15.02.2024	0	580	493	0	1242	0	68	51	0	0	154.0	2588
16.02.2024	0	558	500	0	1262	6	43	13	0	0	105.0	2487
17.02.2024	0	553	451	0	1315	9	62	13	0	0	140.0	2543
18.02.2024	0	545	503	0	1324	7	63	13	0	0	137.0	2592
19.02.2024	0	604	508	0	1299	0	66	15	0	0	180.0	2672
20.02.2024	0	646	516	0	1255	0	71	0	0	0	182.0	2670
21.02.2024	0	609	504	0	1229	0	78	0	0	0	177.0	2597
22.02.2024	0	596	478	0	1218	0	106	0	0	0	171.0	2569
23.02.2024	0	647	474	0	1317	9	117	0	0	0	173.0	2737
24.02.2024	0	634	439	0	1319	9	95	0	0	0	179.0	2675
25.02.2024	0	640	471	0	1323	0	103	0	0	0	180.0	2717
26.02.2024	0	634	418	0	1324	0	98	0	0	0	188.0	2662
27.02.2024	0	701	391	0	1320	0	95	0	0	0	188.0	2695
28.02.2024	0	695	466	0	1260	0	98	0	0	0	184.0	2703
29.02.2024	0	620	503	0	1194	0	57	1	0	0	193.0	2568
01.03.2024	0	549	387	0	1331	0	37	0	0	0	204.0	2508
02.03.2024	0	586	473	0	1343	0	30	0	0	0	196.0	2628
03.03.2024	0	558	441	0	1324	0	30	0	0	0	229.0	2582
04.03.2024	0	605	434	0	1342	0	1	0	0	0	265.0	2647
05.03.2024	0	558	393	0	1209	4	0	0	0	0	214.0	2378
06.03.2024	0	623	430	0	1247	1	0	0	0	0	252.0	2553
07.03.2024	0	694	487	0	1264	1	0	0	0	0	238.0	2684
08.03.2024	0	654	455	0	1295	2	0	0	0	0	270.0	2676
09.03.2024	0	590	405	0	1321	0	0	0	0	0	267.0	2583
10.03.2024	0	591	332	0	1288	0	0	0	0	0	216.0	2427
11.03.2024	0	583	373	0	1200	0	0	0	0	0	224.0	2380
12.03.2024	0	576	414	0	1195	0	0	0	0	0	250.0	2435
13.03.2024	0	614	462	0	1179	0	0	0	0	0	224.0	2479
14.03.2024	0	605	487	0	1221	0	0	0	0	0	227.0	2540
15.03.2024	0	707	494	0	1236	0	0	0	0	0	184.0	2621
16.03.2024	0	619	371	0	1205	10	0	9	0	0	190.0	2404
17.03.2024	0	609	389	0	1211	4	0	21	0	0	202.0	2436
18.03.2024	0	557	384	0	1282	0	0	7	0	0	204.0	2434
19.03.2024	0	590	418	0	1179	0	0	0	0	0	206.0	2393
20.03.2024	0	673	442	0	1147	0	0	0	0	0	202.0	2464
21.03.2024	0	631	439	0	1107	0	0	0	0	0	207.0	2384
22.03.2024	0	622	425	0	1134	0	0	1	0	0	210.0	2392
23.03.2024	0	592	385	0	1191	0	0	36	0	0	143.0	2347
24.03.2024	0	637	380	0	1253	0	0	19	0	0	143.0	2432
25.03.2024	0	612	415	0	1215	0	0	0	0	0	166.0	2408
26.03.2024	0	778	478	0	1250	2	0	0	0	0	256.0	2764
27.03.2024	0	580	429	0	1263	0	0	0	0	0	146.0	2418
28.03.2024	0	594	428	0	1217	0	0	0	0	0	144.0	2383
29.03.2024	0	552	442	0	1218	0	0	0	0	0	144.0	2356
30.03.2024	0	363	456	0	1209	1	0	0	0	0	162.0	2191
31.03.2024	0	452	467	0	1250	10	0	0	0	0	144.0	2323
01.04.2024	0	528	521	0	1154	0	0	0	0	0	144.0	2347
02.04.2024	0	599	517	0	1117	0	0	0	0	0	73.0	2306
03.04.2024	0	694	556	0	1118	0	0	0	0	0	73.0	2441
04.04.2024	0	688	548	0	1111	0	0	0	0	0	68.0	2415
05.04.2024	0	657	543	0	1120	0	0	0	0	0	71.0	2391
06.04.2024	0	617	541	0	1213	0	0	0	0	0	87.0	2458
07.04.2024	0	575	499	0	1187	0	0	4	0	0	206.0	2471
08.04.2024	0	604	481	0	1070	4	0	3	0	0	179.0	2341
09.04.2024	0	617	413	0	1082	0	0	7	0	0	207.0	2326
10.04.2024	0	701	484	0	1092	0	0	0	0	0	206.0	2483
11.04.2024	0	634	450	0	1218	6	0	0	0	0	228.0	2536
12.04.2024	0	653	460	0	1207	0	0	2	0	0	256.0	2578
13.04.2024	0	526	495	0	1179	0	0	60	0	0	360.0	2620
14.04.2024	0	543	480	0	1167	0	0	67	0	0	346.0	2603
15.04.2024	0	593	437	0	1156	0	0	8	0	0	340.0	2534
16.04.2024	0	589	457	0	1102	0	0	3	0	0	243.0	2394
17.04.2024	0	604	432	0	1167	0	0	0	0	0	231.0	2434
18.04.2024	0	558	392	0	1221	0	0	0	0	0	230.0	2401
19.04.2024	0	538	390	0	1208	0	0	0	0	0	226.0	2362
20.04.2024	0	562	424	0	1212	0	0	0	0	0	218.0	2416
21.04.2024	0	533	401	0	1377	0	0	0	0	0	236.0	2547
22.04.2024	0	618	512	0	1387	0	0	0	0	0	236.0	2753
23.04.2024	0	764	483	0	1313	0	0	0	0	0	235.0	2795
24.04.2024	0	736	486	0	1341	0	0	0	0	0	232.0	2795
25.04.2024	0	678	435	0	1339	10	0	0	0	0	223.0	2685
26.04.2024	0	685	451	0	1177	0	0	0	0	0	223.0	2536
27.04.2024	0	671	409	0	1106	0	0	0	0	0	224.0	2410
28.04.2024	0	609	381	0	1083	0	0	0	0	0	224.0	2297
29.04.2024	0	640	427	0	1122	0	0	0	0	0	223.0	2412
30.04.2024	0	575	402	0	1118	0	0	0	0	0	222.0	2317
01.05.2024	0	488	287	0	1203	0	0	0	0	0	214.0	2192
02.05.2024	0	486	285	0	1180	0	0	0	0	0	216.0	2167
03.05.2024	0	486	396	0	1159	11	0	0	0	0	214.0	2266
04.05.2024	0	452	346	0	1168	0	0	0	0	0	212.0	2178
05.05.2024	0	425	360	0	1145	0	0	0	0	0	211.0	2141
06.05.2024	0	416	412	0	1140	0	0	0	0	0	211.0	2179
07.05.2024	0	458	456	0	1114	0	0	0	0	0	211.0	2239
08.05.2024	0	456	430	0	1100	0	0	0	0	0	171.0	2157
09.05.2024	0	439	431	0	1090	0	0	0	0	0	189.0	2149
10.05.2024	0	448	468	0	1130	0	0	0	0	0	189.0	2235
11.05.2024	0	440	503	0	1091	0	0	0	0	0	189.0	2223
12.05.2024	0	405	526	0	1122	7	0	0	0	0	189.0	2249
13.05.2024	1	481	509	0	1094	11	0	0	0	0	189.0	2285
14.05.2024	0	485	440	0	1101	0	0	0	0	0	224.0	2250
15.05.2024	0	457	404	0	1080	0	0	0	0	0	246.0	2187
16.05.2024	0	491	320	0	1108	0	0	0	0	0	255.0	2174
17.05.2024	0	455	399	0	1127	0	0	0	0	0	257.0	2238
18.05.2024	0	420	423	0	1112	0	0	0	0	0	235.0	2190
19.05.2024	0	478	413	0	1103	11	0	0	0	0	234.0	2239
20.05.2024	0	523	321	0	1081	5	0	0	0	0	241.0	2171
21.05.2024	0	412	433	0	651	0	0	0	0	0	287.0	1783
22.05.2024	0	605	437	0	791	19	0	0	0	0	264.0	2116
23.05.2024	0	556	416	0	1085	2	0	0	0	0	258.0	2317
24.05.2024	0	467	353	0	1073	0	0	0	0	0	272.0	2165
25.05.2024	0	407	382	0	1078	0	0	0	0	0	242.0	2109
26.05.2024	0	311	378	0	1079	15	0	0	0	0	240.0	2023
27.05.2024	0	335	458	0	1069	0	0	2	0	0	241.0	2105
28.05.2024	0	368	443	0	1078	4	0	0	0	0	297.0	2190
29.05.2024	0	373	385	0	1055	0	0	0	0	0	297.0	2110
30.05.2024	0	396	367	0	985	0	0	0	0	0	291.0	2039
31.05.2024	0	422	485	0	1108	0	0	0	0	0	280.0	2295
01.06.2024	0	454	311	0	1092	0	0	0	0	0	297.0	2154
02.06.2024	0	457	271	0	1091	0	0	4	0	0	296.0	2119
03.06.2024	0	483	394	0	1022	14	0	0	0	0	297.0	2210
04.06.2024	0	411	351	0	1094	0	0	0	0	0	317.0	2173
05.06.2024	0	404	369	0	1074	0	0	0	0	0	291.0	2138
06.06.2024	0	437	435	0	1109	0	0	0	0	0	298.0	2279
07.06.2024	0	416	418	0	1125	0	0	0	0	0	296.0	2255
08.06.2024	0	373	348	0	1124	0	0	0	0	0	305.0	2150
09.06.2024	0	397	473	0	1082	0	0	1	0	0	315.0	2268
10.06.2024	0	469	491	0	913	0	0	2	0	0	325.0	2200
11.06.2024	0	507	502	0	920	6	0	0	0	0	316.0	2251
12.06.2024	0	454	495	0	907	11	0	0	0	0	289.0	2156
13.06.2024	0	555	496	0	905	0	0	0	0	0	287.0	2243
14.06.2024	0	573	467	0	923	0	0	0	0	0	290.0	2253
15.06.2024	0	575	475	0	921	0	0	0	4	0	199.0	2174
16.06.2024	0	535	460	0	956	0	0	4	0	0	188.0	2143
17.06.2024	0	611	405	0	945	0	0	0	0	0	187.0	2148
18.06.2024	0	658	462	0	865	0	0	0	0	0	177.0	2162
19.06.2024	0	673	509	0	881	20	0	0	12	0	178.0	2273
20.06.2024	0	654	524	0	885	19	0	0	24	0	170.0	2276
21.06.2024	0	684	548	0	922	18	0	0	18	0	166.0	2356
22.06.2024	0	601	509	0	1108	18	0	0	0	0	262.0	2498
23.06.2024	0	623	445	0	1095	18	0	0	0	0	276.0	2457
24.06.2024	0	627	460	0	1141	0	0	0	0	0	272.0	2500
25.06.2024	0	575	517	0	1145	0	0	0	0	0	265.0	2502
26.06.2024	0	605	486	0	1108	0	0	0	0	0	271.0	2470
27.06.2024	0	636	515	0	1117	0	0	0	0	0	269.0	2537
28.06.2024	0	664	488	0	1091	8	0	0	0	0	271.0	2522
29.06.2024	0	670	499	0	1103	0	0	0	0	0	274.0	2546
30.06.2024	0	638	491	0	1053	0	0	0	0	0	274.0	2456
01.07.2024	84	545	480	0	1103	0	0	0	0	0	274.0	2486
02.07.2024	168	564	521	0	1070	0	0	0	0	0	275.0	2598
03.07.2024	177	562	526	0	1065	0	0	0	0	0	276.0	2606
04.07.2024	1	472	512	0	1036	0	0	0	0	0	275.0	2296
05.07.2024	0	458	507	0	1032	0	0	0	0	0	273.0	2270
06.07.2024	1	423	501	0	1061	0	0	0	0	0	121.0	2107
07.07.2024	1	448	526	0	1080	9	0	0	0	0	121.0	2185
08.07.2024	0	487	536	0	1077	0	0	0	0	0	121.0	2221
09.07.2024	134	529	542	0	1077	0	0	0	0	0	122.0	2404
10.07.2024	138	559	547	0	1076	0	0	0	0	0	48.0	2368
11.07.2024	37	465	546	0	1070	8	0	0	0	0	83.0	2209
12.07.2024	0	408	540	0	1066	0	0	0	0	0	30.0	2044
13.07.2024	0	456	563	0	1047	0	0	0	0	0	30.0	2096
14.07.2024	0	444	571	0	1041	0	0	0	0	0	138.0	2194
15.07.2024	127	536	534	0	1081	0	0	0	0	0	182.0	2460
16.07.2024	108	587	534	0	1081	0	0	0	0	0	174.0	2484
17.07.2024	0	560	546	0	1079	7	0	0	0	0	164.0	2356
18.07.2024	0	573	439	0	1074	0	0	0	0	0	164.0	2250
19.07.2024	0	549	550	0	1068	0	0	0	0	0	164.0	2331
20.07.2024	0	504	539	0	1086	0	0	0	0	0	164.0	2293
21.07.2024	0	507	558	0	1088	0	0	0	0	0	164.0	2317
22.07.2024	0	534	547	0	1082	0	0	0	0	0	164.0	2327
23.07.2024	23	432	552	0	1068	3	0	0	0	0	115.0	2193
24.07.2024	0	439	463	0	1061	1	0	0	0	0	115.0	2079
25.07.2024	78	447	456	0	1061	0	0	1	0	0	121.0	2164
26.07.2024	0	413	393	0	1088	0	0	0	0	0	114.0	2008
27.07.2024	0	430	368	0	1108	8	0	0	0	0	115.0	2029
28.07.2024	0	414	357	0	1098	1	0	0	0	0	114.0	1984
29.07.2024	0	434	368	0	1102	0	0	0	0	0	63.0	1967
30.07.2024	43	446	398	0	1122	0	0	0	0	0	63.0	2072
31.07.2024	35	479	358	0	1105	7	0	0	0	0	61.0	2045
01.08.2024	114	432	398	0	1124	0	0	0	0	0	61.0	2129
02.08.2024	0	428	404	0	1213	0	0	0	0	0	62.0	2107
03.08.2024	0	466	390	0	1236	0	0	0	0	0	62.0	2154
04.08.2024	0	425	415	0	1245	0	0	0	0	0	62.0	2147
05.08.2024	30	424	454	0	1177	0	0	0	0	0	62.0	2147
06.08.2024	0	432	540	0	1162	0	0	5	0	0	62.0	2201
07.08.2024	0	410	436	0	1170	0	0	0	0	0	130.0	2146
08.08.2024	41	439	448	0	1163	0	0	0	0	0	129.0	2220
09.08.2024	0	469	486	0	1118	0	0	0	0	0	96.0	2169
10.08.2024	0	424	435	0	1105	0	0	0	0	0	96.0	2060
11.08.2024	0	440	454	0	1086	0	0	0	0	0	96.0	2076
12.08.2024	32	494	519	0	1085	0	0	0	0	0	96.0	2226
13.08.2024	0	518	510	0	1105	0	0	0	0	0	96.0	2229
14.08.2024	0	520	501	0	1067	0	0	0	0	0	107.0	2195
15.08.2024	0	537	508	0	1054	0	0	0	0	0	116.0	2215
16.08.2024	0	456	482	0	1077	0	0	0	0	0	98.0	2113
17.08.2024	0	512	468	0	1121	0	0	0	0	0	98.0	2199
18.08.2024	0	513	439	0	1128	0	0	0	0	0	165.0	2245
19.08.2024	0	437	441	0	1194	15	0	0	0	0	165.0	2252
20.08.2024	0	447	396	0	1169	0	0	0	0	0	164.0	2176
21.08.2024	36	500	382	0	1172	6	0	0	0	0	133.0	2229
22.08.2024	0	555	372	0	1181	0	0	0	0	0	133.0	2241
23.08.2024	0	505	378	0	1094	0	0	0	0	0	134.0	2111
24.08.2024	0	464	361	0	1102	0	0	0	0	0	135.0	2062
25.08.2024	0	425	431	0	1086	0	0	0	0	0	134.0	2076
26.08.2024	0	449	494	0	1062	0	0	0	0	0	100.0	2105
27.08.2024	0	373	508	0	1056	7	0	0	0	0	100.0	2044
28.08.2024	7	381	354	0	1003	0	0	0	0	0	112.0	1857
29.08.2024	0	387	328	0	865	0	0	0	0	0	159.0	1739
30.08.2024	0	439	405	0	581	0	0	0	0	0	196.0	1621
31.08.2024	0	495	428	0	542	0	0	0	0	0	203.0	1668
01.09.2024	0	505	461	0	574	0	0	0	0	0	201.0	1741
02.09.2024	0	545	464	0	631	0	0	0	0	0	184.0	1824
03.09.2024	0	514	422	0	615	0	0	0	0	0	241.0	1792
04.09.2024	0	631	481	0	605	0	0	0	0	0	244.0	1961
05.09.2024	0	603	481	0	620	0	0	0	0	0	254.0	1958
06.09.2024	0	514	420	0	622	0	0	0	0	0	234.0	1790
07.09.2024	0	490	386	0	571	0	0	0	0	0	98.0	1545
08.09.2024	0	522	438	0	602	0	0	0	0	0	98.0	1660
09.09.2024	0	465	398	0	638	0	0	0	0	0	98.0	1599
10.09.2024	0	652	442	0	640	0	0	0	0	0	93.0	1827
11.09.2024	0	552	422	0	657	0	0	0	0	0	93.0	1724
12.09.2024	0	560	501	0	659	0	0	0	0	0	91.0	1811
13.09.2024	0	604	399	0	654	0	0	0	0	0	117.0	1774
14.09.2024	0	593	290	0	530	0	0	0	0	0	219.0	1632
15.09.2024	0	526	287	0	561	0	0	0	0	0	219.0	1593
16.09.2024	0	564	338	0	523	0	0	0	0	0	216.0	1641
17.09.2024	0	622	333	0	556	0	0	0	0	0	196.0	1707
18.09.2024	0	585	341	0	557	0	0	0	0	0	207.0	1690
19.09.2024	0	620	509	0	553	0	0	0	0	0	146.0	1828
20.09.2024	0	551	454	0	610	0	0	0	0	0	148.0	1763
21.09.2024	0	438	424	0	636	0	0	0	0	0	149.0	1647
22.09.2024	0	498	460	0	603	0	0	0	0	0	226.0	1787
23.09.2024	0	505	465	0	630	0	0	0	0	0	226.0	1826
24.09.2024	0	514	371	0	854	0	0	0	0	0	222.0	1961
25.09.2024	19	501	347	0	862	0	0	0	0	0	205.0	1934
26.09.2024	0	519	347	0	938	0	0	0	0	0	202.0	2006
27.09.2024	0	571	435	0	814	26	0	0	0	0	203.0	2049
28.09.2024	0	572	383	0	999	1	0	0	0	0	15.0	1970
29.09.2024	0	510	354	0	1137	0	0	0	0	0	3.0	2004
30.09.2024	0	608	463	0	1051	0	0	0	0	0	2.0	2124
01.10.2024	0	551	366	0	1016	0	0	0	0	0	1.0	1934
02.10.2024	0	581	480	0	1001	0	0	0	0	0	10.0	2072
03.10.2024	0	560	407	0	1127	0	0	0	0	0	178.0	2272
04.10.2024	0	587	333	0	1109	0	0	0	7	0	167.0	2203
05.10.2024	0	569	341	0	1133	0	0	0	20	0	149.0	2212
06.10.2024	0	582	326	0	1153	0	0	0	11	0	180.0	2252
07.10.2024	0	569	365	0	1162	0	0	0	0	0	138.0	2234
08.10.2024	0	536	364	0	1160	0	0	0	0	0	235.0	2295
09.10.2024	0	664	364	0	1191	0	0	0	0	0	312.0	2531
10.10.2024	0	607	336	0	1162	0	0	0	0	0	310.0	2415
11.10.2024	0	600	341	0	1182	0	0	0	0	0	228.0	2351
12.10.2024	0	576	303	0	1155	0	0	56	41	0	265.0	2396
13.10.2024	0	575	265	0	1128	0	0	54	46	0	213.0	2281
14.10.2024	0	606	377	0	1193	55	0	25	17	0	214.0	2487
15.10.2024	0	642	380	0	1196	28	0	0	19	0	212.0	2477
16.10.2024	0	580	401	0	1188	0	0	0	6	0	204.0	2379
17.10.2024	0	572	404	0	1172	0	0	0	0	0	221.0	2369
18.10.2024	0	616	341	0	1112	0	0	0	1	0	181.0	2251
19.10.2024	0	517	336	0	1120	48	0	0	44	0	170.0	2235
20.10.2024	0	543	385	0	1114	40	0	0	45	0	169.0	2296
21.10.2024	0	529	410	0	1134	55	0	5	0	0	170.0	2303
22.10.2024	0	549	369	0	1112	30	0	5	9	0	168.0	2242
23.10.2024	0	612	384	0	1147	7	0	2	8	0	157.0	2317
24.10.2024	0	607	394	0	1141	18	0	0	13	0	156.0	2329
25.10.2024	0	610	366	0	1123	3	0	0	7	0	161.0	2270
26.10.2024	0	532	378	0	1158	0	0	0	44	0	171.0	2283
27.10.2024	0	544	397	0	1115	0	0	0	41	0	169.0	2266
28.10.2024	0	516	414	0	1150	0	0	0	15	0	165.0	2260
29.10.2024	0	566	371	0	1240	0	0	0	0	0	197.0	2374
30.10.2024	0	641	397	0	1225	0	0	0	0	0	199.0	2462
31.10.2024	0	663	430	0	1284	0	0	0	0	0	166.0	2543
01.11.2024	0	745	387	0	1284	0	0	0	73	0	166.0	2655
02.11.2024	0	677	337	0	1234	0	0	0	108	0	210.0	2566
03.11.2024	0	709	285	0	1286	11	0	0	108	0	216.0	2615
04.11.2024	0	725	312	0	1253	0	0	0	104	0	242.0	2636
05.11.2024	0	705	306	0	1269	8	0	0	102	0	282.0	2672
06.11.2024	0	706	297	0	1336	9	0	0	50	0	217.0	2615
07.11.2024	0	730	304	0	1265	10	0	0	31	0	231.0	2571
08.11.2024	0	729	283	0	1291	11	0	0	105	0	204.0	2623
09.11.2024	0	712	284	0	1303	0	0	3	109	0	139.0	2550
10.11.2024	0	743	288	0	1310	0	0	0	106	0	141.0	2588
11.11.2024	0	712	391	0	1339	0	0	0	23	0	187.0	2652
12.11.2024	0	734	311	0	1246	48	0	0	0	0	176.0	2515
13.11.2024	0	752	335	0	1275	31	0	0	0	0	122.0	2515
14.11.2024	0	734	340	0	1288	62	0	0	0	0	117.0	2541
15.11.2024	0	759	294	0	1389	0	0	0	0	0	114.0	2556
16.11.2024	0	864	329	0	1328	0	0	0	11	0	110.0	2642
17.11.2024	0	812	362	0	1318	0	0	0	0	0	141.0	2633
18.11.2024	0	865	321	0	1268	0	0	1	0	0	156.0	2611
19.11.2024	0	882	357	0	1222	0	0	0	25	0	98.0	2584
20.11.2024	0	841	394	0	1335	6	0	0	8	0	107.0	2691
21.11.2024	0	792	338	0	1312	10	0	0	0	0	110.0	2562
22.11.2024	0	820	361	0	1146	0	0	0	0	0	111.0	2438
23.11.2024	0	809	426	0	1198	0	0	0	0	0	112.0	2545
24.11.2024	0	762	380	0	1288	0	0	0	0	0	111.0	2541
25.11.2024	0	751	418	0	1233	0	0	0	0	0	111.0	2513
26.11.2024	0	779	402	0	1330	0	0	0	0	0	89.0	2600
27.11.2024	0	824	386	0	1298	6	0	2	0	0	106.0	2622
28.11.2024	0	837	412	0	1263	0	0	3	0	0	108.0	2623
29.11.2024	0	837	349	0	1296	0	0	0	0	0	181.0	2663
30.11.2024	0	836	370	0	1313	0	0	9	0	0	127.0	2655
01.12.2024	0	798	330	0	1343	0	0	3	0	0	202.0	2676
02.12.2024	0	812	312	0	1328	0	0	0	0	0	252.0	2704
03.12.2024	0	749	256	0	1202	9	0	0	0	0	300.0	2516
04.12.2024	0	745	269	0	1251	11	0	0	0	0	285.0	2561
05.12.2024	0	745	337	0	1280	12	0	0	0	0	275.0	2649
06.12.2024	0	812	255	0	1275	11	0	0	0	0	274.0	2627
07.12.2024	0	735	312	0	1330	9	0	0	0	0	298.0	2684
08.12.2024	0	734	314	0	1332	9	0	0	0	0	299.0	2688
09.12.2024	0	809	315	0	1339	0	0	0	0	0	284.0	2747
10.12.2024	0	832	272	0	1136	0	0	0	0	0	292.0	2532
11.12.2024	0	734	297	0	1244	0	0	0	0	0	287.0	2562
12.12.2024	0	773	274	0	1285	0	0	0	0	0	305.0	2637
13.12.2024	0	834	264	0	1239	0	0	0	0	0	275.0	2612
14.12.2024	0	811	352	0	1314	0	0	0	0	0	132.0	2609
15.12.2024	0	761	347	0	1317	8	0	0	0	0	115.0	2548
16.12.2024	0	639	300	0	1241	8	0	0	0	0	82.0	2270
17.12.2024	0	711	273	0	1326	0	0	0	0	0	126.0	2436
18.12.2024	0	666	291	0	1255	0	0	0	0	0	165.0	2377
19.12.2024	0	660	283	0	1288	0	0	0	0	0	166.0	2397
20.12.2024	0	701	359	0	1309	0	0	1	0	0	168.0	2538
21.12.2024	0	673	303	0	1337	0	0	0	0	0	164.0	2477
22.12.2024	0	854	289	0	1326	0	0	0	0	0	222.0	2691
23.12.2024	0	862	377	0	1317	0	0	0	0	0	229.0	2785
24.12.2024	0	825	330	0	1300	0	0	0	0	0	228.0	2683
25.12.2024	0	767	312	0	1325	0	0	0	0	0	220.0	2624
26.12.2024	0	823	281	0	1277	0	0	0	0	0	225.0	2606
27.12.2024	0	808	266	0	1272	9	0	0	0	0	225.0	2580
28.12.2024	0	851	314	0	1256	0	0	0	0	0	188.0	2609
29.12.2024	0	867	302	0	1286	0	0	0	0	0	149.0	2604
30.12.2024	0	852	333	0	1293	16	0	0	0	0	145.0	2639
31.12.2024	0	881	289	0	1330	0	0	0	0	0	175.0	2675
01.01.2025	0	810	241	0	1375	5	0	0	0	0	181.0	2612
02.01.2025	0	767	242	0	1307	0	0	0	0	0	208.0	2524
03.01.2025	0	805	242	0	1259	0	0	0	0	0	201.0	2507
04.01.2025	0	795	240	0	1305	0	0	0	0	0	155.0	2495
05.01.2025	0	827	245	0	1290	14	0	0	0	0	92.0	2468
06.01.2025	0	804	242	0	1344	0	0	0	0	0	88.0	2478
07.01.2025	0	766	248	0	1225	5	0	0	0	0	88.0	2332
08.01.2025	0	826	233	0	1192	0	0	0	0	0	76.0	2327
09.01.2025	0	744	238	0	1061	0	0	0	0	0	117.0	2160
10.01.2025	0	753	238	0	1084	0	0	0	0	0	113.0	2188
11.01.2025	0	780	235	0	1248	0	0	0	0	0	112.0	2375
12.01.2025	0	759	236	0	1253	0	0	0	0	0	111.0	2359
13.01.2025	0	762	197	0	1323	0	0	0	0	0	116.0	2398
14.01.2025	0	652	215	0	1291	3	0	0	0	0	111.0	2272
15.01.2025	0	610	195	0	1314	0	0	0	0	0	111.0	2230
16.01.2025	0	595	234	0	1308	1	0	0	0	0	116.0	2254
17.01.2025	0	553	190	0	1313	18	0	0	0	0	111.0	2185
18.01.2025	0	521	102	0	1291	0	0	0	0	0	102.0	2016
19.01.2025	0	521	114	0	1300	0	0	0	0	0	94.0	2029
20.01.2025	0	572	132	0	1304	5	0	0	0	0	107.0	2120
21.01.2025	0	657	85	0	1206	3	0	2	0	0	110.0	2063
22.01.2025	0	687	120	0	1071	0	0	0	0	0	109.0	1987
23.01.2025	0	700	243	0	1290	0	0	0	0	0	109.0	2342
24.01.2025	0	752	249	0	1323	0	0	0	0	0	109.0	2433
25.01.2025	0	668	246	0	1313	0	0	0	0	0	139.0	2366
26.01.2025	0	730	247	0	1311	0	0	0	0	0	139.0	2427
27.01.2025	0	671	319	0	1294	7	0	0	0	0	138.0	2429
28.01.2025	0	612	298	0	1348	0	0	0	0	0	142.0	2400
29.01.2025	0	688	244	0	1308	4	0	0	0	0	137.0	2381
30.01.2025	0	665	248	0	1279	4	0	0	0	0	74.0	2270
31.01.2025	0	691	240	0	1299	0	0	0	0	0	74.0	2304
01.02.2025	0	358	245	0	1275	1	0	0	68	0	64.0	2011
02.02.2025	0	373	248	0	1265	5	0	0	85	0	63.0	2039
03.02.2025	0	367	250	0	1304	5	0	0	0	0	63.0	1989
04.02.2025	0	573	256	0	1239	0	0	0	0	0	63.0	2131
05.02.2025	0	712	245	0	1175	0	0	0	13	0	63.0	2208
06.02.2025	0	700	252	0	1273	0	0	0	0	0	94.0	2319
07.02.2025	0	668	253	0	1282	15	0	0	0	0	93.0	2311
08.02.2025	0	679	250	0	1335	0	0	0	81	0	95.0	2440
09.02.2025	0	681	252	0	1336	0	0	0	101	0	93.0	2463
10.02.2025	0	691	254	0	1245	0	0	0	0	0	93.0	2283
11.02.2025	0	672	253	0	1339	20	0	0	0	0	93.0	2377
12.02.2025	0	680	260	0	1249	8	0	0	0	0	99.0	2296
13.02.2025	0	669	349	0	1171	0	0	0	0	0	107.0	2296
14.02.2025	0	675	244	0	1178	6	0	0	0	0	108.0	2211
15.02.2025	0	665	253	0	1267	0	0	0	0	0	108.0	2293
16.02.2025	0	676	247	0	1272	0	0	0	0	0	108.0	2303
17.02.2025	0	673	276	0	1292	0	0	0	0	0	116.0	2357
18.02.2025	0	803	323	0	1321	0	0	0	0	0	111.0	2558
19.02.2025	0	791	441	0	1301	0	0	0	0	0	109.0	2642
20.02.2025	0	825	487	0	1308	0	0	0	0	0	130.0	2750
21.02.2025	0	765	370	0	1323	0	0	0	0	0	151.0	2609
22.02.2025	0	718	311	0	1277	0	0	0	0	0	142.0	2448
23.02.2025	0	707	266	0	1333	0	0	0	0	0	130.0	2436
24.02.2025	0	727	298	0	1320	0	0	0	0	0	123.0	2468
25.02.2025	0	710	338	0	1306	0	0	0	0	0	121.0	2475
26.02.2025	0	701	459	0	1322	0	0	0	0	0	124.0	2606
27.02.2025	0	754	455	0	1343	0	0	0	0	0	124.0	2676
28.02.2025	0	720	298	0	1368	0	0	0	0	0	164.0	2550
01.03.2025	0	750	382	0	1367	0	0	0	0	0	127.0	2626
02.03.2025	0	735	374	0	1404	0	0	0	0	0	128.0	2641
03.03.2025	0	763	363	0	1352	0	0	0	0	0	167.0	2645
04.03.2025	0	740	358	0	1402	0	0	0	0	0	168.0	2668
05.03.2025	0	728	456	0	1316	0	0	0	0	0	168.0	2668
06.03.2025	0	723	310	0	1333	0	0	0	0	0	169.0	2535
07.03.2025	0	704	418	0	1362	0	0	0	27	0	169.0	2680
08.03.2025	0	598	319	0	1365	0	0	0	113	0	150.0	2545
09.03.2025	0	656	297	0	1339	0	0	0	108	0	151.0	2551
10.03.2025	0	660	311	0	1331	0	0	0	25	0	151.0	2478
11.03.2025	0	719	370	0	1279	0	0	0	0	0	168.0	2536
12.03.2025	0	661	362	0	1241	0	0	0	33	0	138.0	2435
13.03.2025	0	695	345	0	1319	0	0	0	39	0	160.0	2558
14.03.2025	0	673	323	0	1382	0	0	0	47	0	123.0	2548
15.03.2025	0	694	359	0	1369	0	0	0	54	0	145.0	2621
16.03.2025	0	726	382	0	1341	0	0	0	41	0	145.0	2635
17.03.2025	0	739	481	0	1369	0	0	0	7	0	140.0	2736
18.03.2025	0	712	560	0	1335	11	0	0	0	0	149.0	2767
19.03.2025	0	767	545	0	1298	3	0	0	0	0	146.0	2759
20.03.2025	0	805	594	0	1295	0	0	0	0	0	149.0	2843
21.03.2025	0	706	590	0	1176	0	0	0	0	0	151.0	2623
22.03.2025	0	628	588	0	1273	0	0	0	0	0	149.0	2638
23.03.2025	0	623	556	0	1276	0	0	0	0	0	145.0	2600
24.03.2025	0	595	527	0	1214	12	0	0	0	0	142.0	2490
25.03.2025	0	569	643	0	1231	10	0	0	0	0	180.0	2633
26.03.2025	0	582	543	0	1295	3	0	0	0	0	237.0	2660
27.03.2025	0	558	657	0	1242	0	0	0	29	0	208.0	2694
28.03.2025	0	527	529	0	1218	0	0	0	51	0	208.0	2533
29.03.2025	0	571	388	0	1140	0	0	0	36	0	235.0	2370
