type,meldedatum,tages_min,tages_max,Durchschnitt unterstes Dezil,tages_mittel_min_25,tages_mittel_min_50,tages_mittel_min_75,Durchschnitt oberstes Dezil,tages_mittel_max_25,tages_mittel_max_50,tages_mittel_max_75,tages_mittel,Mittlerer Preis,tages_percentil_10,tages_percentil_90,n_unique_dates,n_preise,ags,abrufdatum,datenstand
3,2022-01-01,1.379,1.939,1.50345,1.51891,1.53612,1.55397,1.70165,1.65215,1.61984,1.59917,1.58026,1.569,1.519,1.659,144,1265212,00,2023-03-10 14:58:50,2022-01-01
3,2022-01-02,1.379,1.939,1.49541,1.51895,1.53647,1.54945,1.67111,1.64438,1.6123,1.59155,1.57319,1.569,1.509,1.639,144,1257843,00,2023-03-10 16:07:55,2022-01-02
3,2022-01-03,1.399,1.939,1.49872,1.5121,1.52781,1.54398,1.67035,1.6392,1.60893,1.5874,1.5695,1.559,1.509,1.639,144,1445409,00,2023-03-10 16:18:17,2022-01-03
3,2022-01-04,1.409,1.939,1.50044,1.51404,1.52463,1.5435,1.67673,1.64064,1.5995,1.58368,1.56617,1.549,1.509,1.639,144,1646901,00,2023-03-10 16:22:57,2022-01-04
3,2022-01-05,1.439,1.939,1.50998,1.51678,1.53266,1.54766,1.69101,1.64435,1.61037,1.58612,1.57305,1.559,1.519,1.649,144,1664660,00,2023-03-10 16:27:39,2022-01-05
3,2022-01-06,1.444,1.939,1.51127,1.52469,1.53449,1.55306,1.69236,1.65511,1.61146,1.59435,1.57678,1.559,1.519,1.649,144,1673039,00,2023-03-10 16:32:46,2022-01-06
3,2022-01-07,1.439,1.949,1.51244,1.52633,1.53628,1.5506,1.68375,1.64392,1.60586,1.58745,1.57192,1.559,1.519,1.629,144,1663609,00,2023-03-10 16:37:29,2022-01-07
3,2022-01-08,1.419,1.949,1.52023,1.5343,1.54583,1.56211,1.70323,1.65388,1.61596,1.59912,1.58351,1.569,1.529,1.649,144,1604123,00,2023-03-10 16:43:25,2022-01-08
3,2022-01-09,1.349,1.949,1.52064,1.53566,1.55166,1.56429,1.7108,1.65568,1.6261,1.60142,1.58803,1.579,1.529,1.659,144,1509732,00,2023-03-10 16:48:33,2022-01-09
3,2022-01-10,1.419,1.959,1.52989,1.53719,1.55328,1.56866,1.70389,1.6635,1.62779,1.60391,1.59203,1.579,1.539,1.659,144,1643755,00,2023-03-10 16:53:24,2022-01-10
3,2022-01-11,1.439,1.959,1.52184,1.53562,1.55105,1.56592,1.72044,1.6659,1.63154,1.60771,1.59223,1.579,1.529,1.669,144,1647681,00,2023-03-10 16:58:12,2022-01-11
3,2022-01-12,1.449,1.959,1.52967,1.53669,1.5523,1.56706,1.73021,1.67321,1.63509,1.60843,1.59485,1.579,1.539,1.669,144,1667591,00,2023-03-10 17:02:58,2022-01-12
3,2022-01-13,1.469,1.959,1.53124,1.53851,1.55422,1.56822,1.73338,1.67344,1.63419,1.61533,1.59612,1.579,1.539,1.669,144,1675879,00,2023-03-10 17:07:38,2022-01-13
3,2022-01-14,1.459,1.959,1.53204,1.53879,1.54978,1.56377,1.72912,1.66589,1.62186,1.60249,1.59055,1.569,1.539,1.659,144,1672419,00,2023-03-10 17:12:21,2022-01-14
3,2022-01-15,1.439,1.959,1.5391,1.54648,1.56237,1.57535,1.73567,1.66956,1.6412,1.6151,1.60233,1.589,1.549,1.669,144,1614267,00,2023-03-10 17:17:56,2022-01-15
3,2022-01-16,1.429,1.959,1.5392,1.55386,1.56348,1.57915,1.74945,1.6863,1.64158,1.62304,1.60409,1.589,1.549,1.678,144,1524161,00,2023-03-10 17:22:43,2022-01-16
3,2022-01-17,1.459,1.969,1.53974,1.54717,1.56331,1.57794,1.73903,1.68179,1.64445,1.62512,1.60569,1.589,1.549,1.679,144,1650883,00,2023-03-10 17:27:15,2022-01-17
3,2022-01-18,1.479,1.979,1.54118,1.55604,1.56643,1.58366,1.74387,1.69392,1.64453,1.62508,1.60935,1.589,1.549,1.679,144,1655068,00,2023-03-10 17:31:49,2022-01-18
3,2022-01-19,1.489,1.979,1.54888,1.55628,1.57237,1.59036,1.76298,1.70297,1.65705,1.63103,1.61745,1.599,1.559,1.699,144,1667407,00,2023-03-10 17:36:20,2022-01-19
3,2022-01-20,1.449,1.989,1.55064,1.5633,1.57365,1.59226,1.7488,1.70254,1.65535,1.63789,1.6181,1.599,1.559,1.689,144,1676792,00,2023-03-10 17:41:44,2022-01-20
3,2022-01-21,1.449,1.989,1.55035,1.56338,1.57406,1.59291,1.73149,1.69452,1.65138,1.63513,1.6168,1.599,1.559,1.689,144,1660324,00,2023-03-10 17:46:17,2022-01-21
3,2022-01-22,1.469,1.989,1.54991,1.56466,1.57526,1.59081,1.7269,1.6841,1.64534,1.62798,1.61188,1.599,1.559,1.679,144,1599025,00,2023-03-10 17:50:48,2022-01-22
3,2022-01-23,1.459,1.979,1.54991,1.56563,1.57651,1.58916,1.72901,1.67287,1.64438,1.62731,1.61288,1.599,1.559,1.679,144,1507816,00,2023-03-10 17:55:25,2022-01-23
3,2022-01-24,1.459,1.989,1.55011,1.56318,1.57329,1.59267,1.74074,1.69577,1.65182,1.63584,1.61647,1.599,1.559,1.689,144,1636039,00,2023-03-10 18:00:21,2022-01-24
3,2022-01-25,1.479,1.999,1.55028,1.56484,1.57454,1.59289,1.74642,1.70177,1.65678,1.63824,1.62009,1.599,1.559,1.689,144,1639232,00,2023-03-10 18:05:00,2022-01-25
3,2022-01-26,1.479,1.999,1.54924,1.55612,1.57221,1.59088,1.7602,1.70348,1.66791,1.6341,1.62007,1.604,1.559,1.699,144,1644618,00,2023-03-10 18:09:41,2022-01-26
3,2022-01-27,1.419,1.989,1.54907,1.56364,1.57899,1.5927,1.76619,1.71046,1.67114,1.64205,1.62385,1.609,1.559,1.709,144,1654738,00,2023-03-10 18:14:50,2022-01-27
3,2022-01-28,1.479,1.999,1.55898,1.57272,1.58331,1.60124,1.75132,1.70822,1.66322,1.6449,1.62571,1.609,1.569,1.699,144,1645204,00,2023-03-10 18:20:16,2022-01-28
3,2022-01-29,1.479,1.999,1.5679,1.58222,1.59358,1.61087,1.75787,1.70633,1.66559,1.65027,1.63249,1.619,1.579,1.699,144,1600516,00,2023-03-10 18:25:15,2022-01-29
3,2022-01-30,1.479,1.999,1.56834,1.58374,1.60121,1.6134,1.76475,1.70556,1.67596,1.65321,1.63835,1.629,1.579,1.709,144,1514888,00,2023-03-10 18:29:55,2022-01-30
3,2022-01-31,1.479,1.999,1.5703,1.5845,1.6011,1.6169,1.76216,1.71375,1.68056,1.65777,1.643,1.629,1.579,1.719,144,1641206,00,2023-03-10 18:34:32,2022-01-31
3,2022-02-01,1.419,2.009,1.57884,1.58539,1.60214,1.62072,1.76255,1.72493,1.68266,1.65935,1.64553,1.629,1.589,1.719,144,1644333,00,2023-03-10 18:39:22,2022-02-01
3,2022-02-02,1.499,1.999,1.56917,1.58386,1.59926,1.61866,1.75901,1.72314,1.68296,1.66006,1.64352,1.629,1.579,1.719,144,1635277,00,2023-03-10 18:44:49,2022-02-02
3,2022-02-03,1.499,1.999,1.57008,1.58492,1.59952,1.61305,1.76244,1.71969,1.6839,1.65724,1.64007,1.629,1.579,1.719,144,1664027,00,2023-03-10 18:49:28,2022-02-03
3,2022-02-04,1.479,1.999,1.57037,1.58471,1.59547,1.61041,1.76143,1.70857,1.66934,1.65251,1.63574,1.619,1.579,1.709,144,1661367,00,2023-03-10 18:54:15,2022-02-04
3,2022-02-05,1.399,2.019,1.57929,1.59337,1.61167,1.62886,1.76765,1.72503,1.6875,1.6673,1.65283,1.639,1.589,1.719,144,1605369,00,2023-03-10 18:58:58,2022-02-05
3,2022-02-06,1.479,2.019,1.58699,1.60089,1.61917,1.63146,1.78168,1.7254,1.69679,1.67343,1.6565,1.649,1.599,1.729,144,1515771,00,2023-03-10 19:03:36,2022-02-06
3,2022-02-07,1.508,2.019,1.58954,1.60406,1.61978,1.63419,1.78217,1.73619,1.70263,1.67702,1.66083,1.649,1.599,1.739,144,1643757,00,2023-03-10 19:08:09,2022-02-07
3,2022-02-08,1.508,2.019,1.59112,1.60448,1.61904,1.63291,1.79311,1.74228,1.707,1.6806,1.6619,1.649,1.599,1.739,144,1661373,00,2023-03-10 19:12:59,2022-02-08
3,2022-02-09,1.499,2.019,1.58077,1.59582,1.61099,1.62929,1.80225,1.74433,1.69743,1.67195,1.65648,1.639,1.598,1.739,144,1674751,00,2023-03-10 19:18:46,2022-02-09
3,2022-02-10,1.329,2.009,1.58042,1.59453,1.6048,1.61803,1.79713,1.73107,1.68598,1.6653,1.64638,1.629,1.589,1.729,144,1682294,00,2023-03-10 19:23:43,2022-02-10
3,2022-02-11,1.479,2.009,1.58126,1.59568,1.61157,1.6267,1.78836,1.73608,1.69669,1.67082,1.65599,1.639,1.589,1.729,144,1671495,00,2023-03-10 19:28:29,2022-02-11
3,2022-02-12,1.489,2.019,1.58917,1.60403,1.62077,1.63304,1.77674,1.72485,1.69572,1.67133,1.65664,1.649,1.599,1.729,144,1595838,00,2023-03-10 19:33:06,2022-02-12
3,2022-02-13,1.479,2.019,1.58936,1.60483,1.62237,1.63498,1.77858,1.72351,1.6952,1.67162,1.65887,1.649,1.599,1.729,144,1504770,00,2023-03-10 19:37:40,2022-02-13
3,2022-02-14,1.479,2.019,1.59723,1.6113,1.62233,1.64084,1.77968,1.74193,1.70057,1.68384,1.6641,1.649,1.609,1.739,144,1632614,00,2023-03-10 19:43:47,2022-02-14
3,2022-02-15,1.489,2.099,1.59996,1.61529,1.63052,1.64431,1.78468,1.74399,1.70863,1.6829,1.66741,1.659,1.609,1.739,144,1650335,00,2023-03-10 19:48:36,2022-02-15
3,2022-02-16,1.509,2.029,1.59835,1.6139,1.62953,1.64324,1.78064,1.74372,1.70932,1.68393,1.66752,1.659,1.609,1.739,144,1661790,00,2023-03-10 19:53:40,2022-02-16
3,2022-02-17,1.508,2.029,1.59769,1.6056,1.62218,1.64116,1.7825,1.74392,1.70115,1.67808,1.66525,1.649,1.609,1.739,144,1669857,00,2023-03-10 19:58:38,2022-02-17
3,2022-02-18,1.499,2.029,1.59115,1.60473,1.62124,1.64002,1.78245,1.74338,1.70137,1.67844,1.66352,1.649,1.599,1.739,144,1663114,00,2023-03-10 20:03:34,2022-02-18
3,2022-02-19,1.499,2.029,1.59047,1.60554,1.62143,1.63363,1.77743,1.72459,1.69467,1.67071,1.65672,1.649,1.599,1.729,144,1601041,00,2023-03-10 20:08:33,2022-02-19
3,2022-02-20,1.499,2.019,1.58957,1.60568,1.62158,1.63365,1.78013,1.72538,1.69503,1.67081,1.65718,1.649,1.599,1.729,144,1509733,00,2023-03-10 20:13:20,2022-02-20
3,2022-02-21,1.499,2.009,1.58986,1.60303,1.61966,1.63511,1.76805,1.73159,1.69858,1.67636,1.65986,1.649,1.599,1.729,144,1631074,00,2023-03-10 20:19:53,2022-02-21
3,2022-02-22,1.499,2.009,1.58866,1.60257,1.62163,1.63669,1.76691,1.72975,1.69578,1.67423,1.65996,1.649,1.599,1.729,144,1629978,00,2023-03-10 20:24:39,2022-02-22
3,2022-02-23,1.509,2.019,1.59963,1.61485,1.63063,1.64449,1.78037,1.74289,1.70892,1.68373,1.66873,1.659,1.609,1.739,144,1646994,00,2023-03-10 20:29:50,2022-02-23
3,2022-02-24,1.509,2.019,1.60885,1.62274,1.63973,1.65149,1.77989,1.74001,1.71328,1.69104,1.67484,1.669,1.619,1.739,144,1663395,00,2023-03-10 20:34:54,2022-02-24
3,2022-02-25,1.519,2.089,1.64318,1.65931,1.67785,1.69119,1.81728,1.77766,1.75303,1.73145,1.71434,1.709,1.659,1.769,144,1687096,00,2023-03-10 20:42:38,2022-02-25
3,2022-02-26,1.547,2.099,1.6577,1.6724,1.69016,1.7071,1.82575,1.79892,1.76435,1.74289,1.72793,1.719,1.669,1.779,144,1648824,00,2023-03-10 20:47:52,2022-02-26
3,2022-02-27,1.547,2.099,1.65793,1.67273,1.69013,1.70721,1.82855,1.799,1.76391,1.74289,1.72774,1.719,1.669,1.779,144,1563462,00,2023-03-10 20:52:43,2022-02-27
3,2022-02-28,1.539,2.069,1.66738,1.68232,1.69942,1.71781,1.83558,1.804,1.77273,1.75282,1.73753,1.729,1.679,1.789,144,1689223,00,2023-03-10 20:57:35,2022-02-28
3,2022-03-01,1.569,2.089,1.6851,1.69923,1.71703,1.7331,1.83654,1.80839,1.78703,1.77034,1.75357,1.749,1.699,1.809,144,1668531,00,2023-03-10 21:02:53,2022-03-01
3,2022-03-02,1.579,2.339,1.71295,1.73619,1.75494,1.77179,1.9092,1.86995,1.83899,1.81808,1.79801,1.789,1.729,1.869,144,1689513,00,2023-03-10 21:21:10,2022-03-02
3,2022-03-03,1.599,2.239,1.74318,1.78526,1.82001,1.84249,1.97715,1.94297,1.91346,1.89028,1.86509,1.869,1.779,1.939,144,1690057,00,2023-03-10 21:33:29,2022-03-03
3,2022-03-04,1.539,2.299,1.84947,1.88212,1.90386,1.92015,2.04244,2.00058,1.97705,1.95921,1.94037,1.939,1.879,1.999,144,1716667,00,2023-03-10 21:41:37,2022-03-04
3,2022-03-05,1.639,2.379,1.89313,1.91636,1.93631,1.95104,2.0812,2.03951,2.01127,1.99052,1.97132,1.969,1.909,2.029,144,1665588,00,2023-03-10 22:54:54,2022-03-05
3,2022-03-06,1.729,2.379,1.9026,1.92598,1.94511,1.96063,2.09077,2.05254,2.02287,2.00267,1.98322,1.979,1.919,2.039,144,1582458,00,2023-03-11 07:42:35,2022-03-06
3,2022-03-07,1.689,2.419,1.93825,1.96056,1.9799,2.00022,2.19077,2.1225,2.0765,2.056,2.03063,2.019,1.959,2.129,144,1712925,00,2023-03-11 07:47:04,2022-03-07
3,2022-03-08,1.779,2.519,2.01586,2.06195,2.10437,2.12457,2.26569,2.23047,2.20004,2.18118,2.14972,2.159,2.049,2.219,144,1714157,00,2023-03-11 07:51:26,2022-03-08
3,2022-03-09,1.189,2.629,2.16822,2.19792,2.22101,2.24579,2.3864899999999998,2.34814,2.31555,2.29373,2.26904,2.269,2.199,2.339,144,1717432,00,2023-03-11 07:55:58,2022-03-09
3,2022-03-10,1.229,2.819,2.24162,2.27532,2.28876,2.30872,2.42359,2.39692,2.36212,2.34793,2.32887,2.319,2.269,2.379,144,1718192,00,2023-03-11 08:00:28,2022-03-10
3,2022-03-11,1.249,2.749,2.2242,2.25872,2.282,2.29879,2.43451,2.39194,2.35996,2.34156,2.32101,2.319,2.249,2.379,144,1720009,00,2023-03-11 08:05:19,2022-03-11
3,2022-03-12,1.959,2.719,2.22884,2.25274,2.27506,2.28724,2.43316,2.36802,2.349,2.32935,2.30991,2.309,2.249,2.368,144,1667472,00,2023-03-11 08:09:52,2022-03-12
3,2022-03-13,1.858,2.659,2.22952,2.25387,2.27701,2.28923,2.43339,2.36929,2.34959,2.33051,2.31282,2.309,2.249,2.369,144,1578062,00,2023-03-11 08:14:40,2022-03-13
3,2022-03-14,1.319,2.659,2.23158,2.25502,2.27875,2.2945,2.42544,2.3822,2.3477,2.33021,2.31436,2.309,2.258,2.369,144,1695172,00,2023-03-11 08:19:13,2022-03-14
3,2022-03-15,1.9,2.759,2.21014,2.23935,2.26756,2.27646,2.39389,2.35343,2.33157,2.31405,2.29621,2.299,2.239,2.349,144,1676876,00,2023-03-11 08:23:39,2022-03-15
3,2022-03-16,1.669,2.639,2.15789,2.19604,2.21625,2.23697,2.36347,2.32933,2.2915,2.27788,2.25749,2.249,2.199,2.309,144,1704739,00,2023-03-11 08:28:03,2022-03-16
3,2022-03-17,1.969,2.609,2.10879,2.14119,2.17298,2.19217,2.33514,2.29136,2.26231,2.24456,2.21846,2.219,2.129,2.279,144,1713979,00,2023-03-11 08:32:21,2022-03-17
3,2022-03-18,1.899,2.569,2.09288,2.10906,2.12709,2.1446,2.30383,2.24885,2.21235,2.18979,2.17173,2.159,2.109,2.239,144,1717713,00,2023-03-11 08:36:42,2022-03-18
3,2022-03-19,1.929,2.569,2.08853,2.1091,2.12715,2.1408,2.29499,2.23417,2.20602,2.18407,2.16542,2.159,2.099,2.229,144,1667028,00,2023-03-11 08:42:55,2022-03-19
3,2022-03-20,1.739,2.569,2.08913,2.10819,2.12542,2.13941,2.29516,2.23444,2.20775,2.18679,2.16573,2.159,2.099,2.229,144,1578481,00,2023-03-11 08:47:25,2022-03-20
3,2022-03-21,1.889,2.569,2.09645,2.11565,2.13411,2.15157,2.28541,2.23906,2.21299,2.19437,2.17354,2.169,2.109,2.229,144,1704126,00,2023-03-11 08:52:02,2022-03-21
3,2022-03-22,1.939,2.569,2.10754,2.12024,2.13749,2.15477,2.26985,2.24437,2.21374,2.19358,2.17616,2.169,2.119,2.239,144,1669664,00,2023-03-11 08:56:34,2022-03-22
3,2022-03-23,1.979,2.569,2.106,2.12021,2.13842,2.15778,2.27083,2.24258,2.21867,2.19434,2.17854,2.175,2.119,2.239,144,1670520,00,2023-03-11 09:01:14,2022-03-23
3,2022-03-24,1.979,2.569,2.10696,2.12893,2.14591,2.15906,2.28377,2.25276,2.22216,2.20157,2.18248,2.179,2.119,2.249,144,1673611,00,2023-03-11 09:36:18,2022-03-24
3,2022-03-25,1.979,2.569,2.10835,2.12984,2.1466,2.16354,2.28512,2.25469,2.22378,2.20313,2.18454,2.179,2.119,2.249,144,1670897,00,2023-03-11 09:41:18,2022-03-25
3,2022-03-26,1.959,2.569,2.10433,2.11904,2.13855,2.15344,2.27822,2.23521,2.21089,2.19226,2.17621,2.169,2.119,2.239,144,1614496,00,2023-03-11 09:45:45,2022-03-26
3,2022-03-27,1.969,2.569,2.09434,2.11763,2.13608,2.15477,2.27955,2.24822,2.21403,2.19458,2.17567,2.169,2.109,2.239,138,1499076,00,2023-03-11 09:50:07,2022-03-27
3,2022-03-28,1.979,2.569,2.09274,2.11373,2.13256,2.15291,2.27206,2.24388,2.21465,2.19686,2.17553,2.169,2.109,2.239,144,1653113,00,2023-03-11 09:54:53,2022-03-28
3,2022-03-29,1.959,2.559,2.06217,2.08911,2.11525,2.13211,2.25226,2.22006,2.19845,2.17789,2.15472,2.159,2.079,2.219,144,1656426,00,2023-03-11 09:59:28,2022-03-29
3,2022-03-30,1.889,2.559,2.03903,2.0595,2.08637,2.10083,2.23556,2.18557,2.16875,2.14694,2.12458,2.129,2.059,2.189,144,1683582,00,2023-03-11 10:04:11,2022-03-30
3,2022-03-31,1.859,2.529,2.00507,2.03562,2.06431,2.08319,2.24274,2.18184,2.15697,2.13471,2.11068,2.109,2.029,2.179,144,1708620,00,2023-03-11 10:08:56,2022-03-31
3,2022-04-01,1.839,2.499,1.97411,2.00445,2.0382,2.05629,2.21027,2.15895,2.13534,2.10941,2.08416,2.089,1.999,2.149,144,1714523,00,2023-03-11 10:13:37,2022-04-01
3,2022-04-02,1.829,2.469,1.95723,1.9818,2.00645,2.02469,2.19825,2.14062,2.1049,2.07781,2.05339,2.049,1.979,2.139,144,1663741,00,2023-03-11 10:18:11,2022-04-02
3,2022-04-03,1.839,2.459,1.95123,1.9739,1.99149,2.01399,2.19378,2.13724,2.08943,2.06767,2.04421,2.029,1.969,2.129,144,1576221,00,2023-03-11 10:22:36,2022-04-03
3,2022-04-04,1.839,2.469,1.96377,1.97847,2.00145,2.02337,2.19607,2.14128,2.10751,2.0798,2.05447,2.044,1.979,2.139,144,1700238,00,2023-03-11 10:26:59,2022-04-04
3,2022-04-05,1.869,2.469,1.96635,1.98152,2.00242,2.02171,2.1799,2.13757,2.09556,2.06608,2.04828,2.039,1.979,2.139,144,1670368,00,2023-03-11 10:31:25,2022-04-05
3,2022-04-06,1.858,2.469,1.95659,1.96977,1.99251,2.01279,2.16722,2.12783,2.0859,2.05737,2.03924,2.029,1.969,2.129,144,1676380,00,2023-03-11 10:36:03,2022-04-06
3,2022-04-07,1.838,2.469,1.94295,1.95565,1.97943,2.00155,2.16779,2.1198,2.07814,2.05087,2.02992,2.019,1.959,2.129,144,1685192,00,2023-03-11 10:42:18,2022-04-07
3,2022-04-08,1.778,2.469,1.90945,1.93471,1.96,1.97687,2.14724,2.09583,2.05604,2.02687,2.00572,1.999,1.929,2.099,144,1692909,00,2023-03-11 10:46:52,2022-04-08
3,2022-04-09,1.778,2.469,1.9075,1.93238,1.9516,1.96971,2.15789,2.09312,2.04726,2.02387,1.99922,1.989,1.929,2.089,144,1654277,00,2023-03-11 10:51:31,2022-04-09
3,2022-04-10,1.689,2.469,1.89805,1.92256,1.94168,1.96017,2.16136,2.08753,2.04149,2.01824,1.99324,1.979,1.919,2.089,144,1565950,00,2023-03-11 10:55:59,2022-04-10
3,2022-04-11,1.769,2.469,1.88611,1.90398,1.93231,1.95544,2.16823,2.09829,2.05001,2.01729,1.99273,1.979,1.899,2.109,144,1693303,00,2023-03-11 11:00:40,2022-04-11
3,2022-04-12,1.759,2.439,1.8769,1.88935,1.91082,1.93286,2.15628,2.07809,2.0223,1.99206,1.96978,1.949,1.889,2.089,144,1694066,00,2023-03-11 11:05:23,2022-04-12
3,2022-04-13,1.769,2.439,1.87733,1.89819,1.91427,1.93468,2.1599,2.08408,2.02285,1.9967,1.9712,1.949,1.889,2.089,144,1701877,00,2023-03-11 11:09:56,2022-04-13
3,2022-04-14,1.799,2.439,1.89588,1.90932,1.92718,1.94723,2.17314,2.09342,2.03225,2.00687,1.98514,1.959,1.909,2.109,144,1707617,00,2023-03-11 11:14:35,2022-04-14
3,2022-04-15,1.829,2.409,1.91407,1.92872,1.94725,1.96732,2.18759,2.10536,2.05976,2.02363,2.00352,1.98,1.929,2.119,144,1705945,00,2023-03-11 11:19:19,2022-04-15
3,2022-04-16,1.799,2.409,1.92376,1.94646,1.96346,1.98299,2.18882,2.12074,2.06612,2.04023,2.01528,1.999,1.939,2.119,144,1639951,00,2023-03-11 11:23:42,2022-04-16
3,2022-04-17,1.819,2.409,1.92512,1.94858,1.96606,1.98214,2.18492,2.10838,2.06438,2.03821,2.01658,1.999,1.944,2.109,144,1542932,00,2023-03-11 11:28:03,2022-04-17
3,2022-04-18,1.859,2.409,1.9341,1.94954,1.97289,1.98937,2.17187,2.10869,2.07056,2.03988,2.02166,2.009,1.949,2.119,144,1618568,00,2023-03-11 11:32:37,2022-04-18
3,2022-04-19,1.799,2.409,1.9454,1.95923,1.97611,1.99464,2.17206,2.1183,2.07248,2.04635,2.02491,2.009,1.959,2.129,144,1630769,00,2023-03-11 11:36:56,2022-04-19
3,2022-04-20,1.759,2.429,1.95382,1.97036,1.98799,2.00392,2.19204,2.12205,2.08156,2.05412,2.03591,2.019,1.969,2.139,144,1669731,00,2023-03-11 11:43:01,2022-04-20
3,2022-04-21,1.868,2.429,1.95705,1.97128,1.98662,2.00551,2.21012,2.13856,2.08745,2.06048,2.03892,2.019,1.969,2.149,144,1696968,00,2023-03-11 11:47:47,2022-04-21
3,2022-04-22,1.858,2.429,1.95019,1.96242,1.98348,1.99886,2.20793,2.13037,2.08938,2.05383,2.03454,2.019,1.959,2.149,144,1705356,00,2023-03-11 11:52:28,2022-04-22
3,2022-04-23,1.859,2.429,1.94859,1.96239,1.97959,1.99627,2.19986,2.11766,2.073,2.04705,2.02881,2.009,1.959,2.129,144,1649697,00,2023-03-11 11:58:02,2022-04-23
3,2022-04-24,1.849,2.5,1.94896,1.96275,1.97979,1.99479,2.17221,2.11035,2.06542,2.0392,2.02122,2.009,1.959,2.099,144,1528715,00,2023-03-11 12:02:40,2022-04-24
3,2022-04-25,1.769,2.429,1.94664,1.96048,1.9824,1.99889,2.18201,2.12285,2.08173,2.04938,2.02997,2.019,1.959,2.139,144,1643115,00,2023-03-11 12:07:15,2022-04-25
3,2022-04-26,1.839,2.429,1.92757,1.94711,1.96401,1.98507,2.16991,2.10886,2.06287,2.04088,2.01682,1.999,1.939,2.129,144,1634221,00,2023-03-11 12:11:50,2022-04-26
3,2022-04-27,1.839,2.429,1.92715,1.94146,1.96423,1.97944,2.18016,2.11016,2.06542,2.03047,2.01285,1.999,1.939,2.129,144,1643534,00,2023-03-11 12:16:31,2022-04-27
3,2022-04-28,1.839,2.429,1.94633,1.96063,1.97841,1.99422,2.20086,2.12033,2.07402,2.04678,2.02731,2.009,1.959,2.139,144,1652564,00,2023-03-11 12:20:58,2022-04-28
3,2022-04-29,1.799,2.499,1.96566,1.98011,1.99645,2.01144,2.22445,2.14396,2.09404,2.06528,2.0434,2.029,1.979,2.149,144,1668367,00,2023-03-11 12:25:30,2022-04-29
3,2022-04-30,1.759,2.499,1.97425,1.99074,2.00832,2.02267,2.25219,2.15827,2.10729,2.078,2.05712,2.039,1.989,2.159,144,1635770,00,2023-03-11 12:29:54,2022-04-30
3,2022-05-01,1.879,2.499,1.97426,1.99125,2.0107,2.02662,2.25317,2.15426,2.10551,2.07901,2.06201,2.039,1.989,2.159,144,1549906,00,2023-03-11 12:34:19,2022-05-01
3,2022-05-02,1.8,2.529,1.98713,2,2.01701,2.03633,2.26085,2.17858,2.12163,2.09384,2.07158,2.049,1.999,2.189,144,1679559,00,2023-03-11 12:39:24,2022-05-02
3,2022-05-03,1.888,2.529,1.98847,2.00928,2.02698,2.04251,2.26615,2.1771,2.1294,2.10028,2.07823,2.059,2,2.199,144,1690538,00,2023-03-11 12:44:52,2022-05-03
3,2022-05-04,1.889,2.529,1.99607,2.01185,2.03036,2.04451,2.2679,2.18144,2.12857,2.09491,2.07795,2.059,2.009,2.189,144,1703234,00,2023-03-11 12:49:17,2022-05-04
3,2022-05-05,1.888,2.529,1.99531,2.00998,2.03153,2.05085,2.28123,2.20086,2.14358,2.10852,2.08727,2.069,2.009,2.209,144,1710194,00,2023-03-11 12:53:41,2022-05-05
3,2022-05-06,1.889,2.529,1.98005,1.99792,2.02018,2.03713,2.27717,2.18208,2.13465,2.10025,2.07672,2.059,1.989,2.219,144,1704723,00,2023-03-11 12:58:24,2022-05-06
3,2022-05-07,1.874,2.529,1.98764,1.99995,2.0167,2.03296,2.26054,2.17164,2.11787,2.08955,2.0672,2.049,1.999,2.189,144,1645662,00,2023-03-11 13:02:58,2022-05-07
3,2022-05-08,1.858,2.529,1.97946,1.99937,2.01584,2.03153,2.26076,2.1696,2.12043,2.0917,2.06751,2.049,1.989,2.189,144,1551251,00,2023-03-11 13:07:18,2022-05-08
3,2022-05-09,1.898,2.509,1.96955,1.98809,2.00902,2.02953,2.25028,2.17925,2.12348,2.09121,2.0663,2.049,1.979,2.199,144,1658375,00,2023-03-11 13:11:43,2022-05-09
3,2022-05-10,1.858,2.509,1.95187,1.97291,1.99548,2.01333,2.24612,2.15734,2.11081,2.07806,2.05048,2.039,1.969,2.179,144,1669982,00,2023-03-11 13:16:04,2022-05-10
3,2022-05-11,1.839,2.509,1.93384,1.9539,1.97079,1.99536,2.24109,2.15938,2.09166,2.06496,2.0356900000000002,2.009,1.949,2.179,144,1684365,00,2023-03-11 13:20:36,2022-05-11
3,2022-05-12,1.869,2.509,1.93753,1.94974,1.97233,1.99135,2.24913,2.15611,2.09024,2.05299,2.03087,2.009,1.949,2.179,144,1693369,00,2023-03-11 13:25:00,2022-05-12
3,2022-05-13,1.848,2.539,1.92895,1.94786,1.97037,1.98932,2.22996,2.15184,2.0899,2.05313,2.0289,2.009,1.939,2.169,144,1699413,00,2023-03-11 13:29:17,2022-05-13
3,2022-05-14,1.859,2.539,1.93845,1.95269,1.97031,1.98936,2.23926,2.14271,2.07248,2.04552,2.02688,1.999,1.949,2.159,144,1645349,00,2023-03-11 13:33:57,2022-05-14
3,2022-05-15,1.849,2.829,1.93877,1.95976,1.97624,1.9911,2.24344,2.14008,2.08586,2.0548,2.02974,2.009,1.949,2.159,144,1553850,00,2023-03-11 13:38:42,2022-05-15
3,2022-05-16,1.789,2.569,1.93774,1.95908,1.97595,1.99407,2.23988,2.15414,2.08919,2.05862,2.03353,2.009,1.949,2.179,144,1672030,00,2023-03-11 13:43:47,2022-05-16
3,2022-05-17,1.839,2.539,1.93664,1.95682,1.97448,1.99358,2.22538,2.14347,2.08454,2.05591,2.03073,2.009,1.949,2.159,144,1668090,00,2023-03-11 13:48:35,2022-05-17
3,2022-05-18,1.829,2.499,1.9292,1.94836,1.97047,1.98926,2.22629,2.14437,2.0874,2.05097,2.02777,2.009,1.939,2.159,144,1672496,00,2023-03-11 13:53:03,2022-05-18
3,2022-05-19,1.779,2.539,1.92376,1.94382,1.96196,1.98299,2.20691,2.12774,2.07298,2.04787,2.02109,1.999,1.939,2.139,144,1681621,00,2023-03-11 13:57:44,2022-05-19
3,2022-05-20,1.799,2.539,1.90493,1.92331,1.94655,1.96418,2.19134,2.1031,2.05868,2.02792,2.0007,1.989,1.919,2.109,144,1687269,00,2023-03-11 14:02:25,2022-05-20
3,2022-05-21,1.799,2.539,1.90762,1.92656,1.94434,1.96153,2.19254,2.09596,2.04844,2.0233,1.99852,1.979,1.919,2.109,144,1632429,00,2023-03-11 14:06:51,2022-05-21
3,2022-05-22,1.828,2.539,1.90831,1.92717,1.94394,1.96502,2.19587,2.10804,2.05112,2.02525,2.00011,1.979,1.919,2.109,144,1544054,00,2023-03-11 14:11:12,2022-05-22
3,2022-05-23,1.828,2.539,1.91515,1.92975,1.95186,1.96825,2.16129,2.09563,2.05361,2.02165,2.00083,1.989,1.929,2.119,144,1597531,00,2023-03-11 14:15:33,2022-05-23
3,2022-05-24,1.808,2.539,1.90658,1.91924,1.94106,1.95975,2.17197,2.08701,2.04666,2.01663,1.9951,1.979,1.919,2.114,144,1631493,00,2023-03-11 14:19:51,2022-05-24
3,2022-05-25,1.808,2.489,1.8989,1.91324,1.92842,1.94816,2.17917,2.09061,2.03137,2.00264,1.98328,1.959,1.909,2.109,144,1671171,00,2023-03-11 14:24:13,2022-05-25
3,2022-05-26,1.808,2.489,1.90808,1.92205,1.93892,1.95608,2.19279,2.09056,2.0382,2.01188,1.99203,1.969,1.919,2.119,144,1677203,00,2023-03-11 14:28:34,2022-05-26
3,2022-05-27,1.808,2.5,1.91819,1.93282,1.9501,1.96532,2.19381,2.10402,2.04741,2.0188,2.0002,1.979,1.929,2.119,144,1675038,00,2023-03-11 14:33:06,2022-05-27
3,2022-05-28,1.838,2.499,1.92886,1.95007,1.96635,1.98245,2.21466,2.11939,2.06808,2.03964,2.01683,1.999,1.948,2.129,144,1624477,00,2023-03-11 14:37:31,2022-05-28
3,2022-05-29,1.799,2.499,1.93635,1.9504,1.9673,1.98702,2.22505,2.135,2.07503,2.04702,2.02561,1.999,1.949,2.149,144,1533207,00,2023-03-11 14:44:06,2022-05-29
3,2022-05-30,1.799,2.509,1.94063,1.95846,1.97756,1.99585,2.21834,2.14397,2.07982,2.05106,2.03097,2.009,1.959,2.149,144,1671177,00,2023-03-11 14:48:28,2022-05-30
3,2022-05-31,1.779,2.509,1.94828,1.96509,1.99114,2.00699,2.23014,2.15059,2.1018,2.06628,2.04546,2.029,1.969,2.169,144,1680279,00,2023-03-11 14:52:52,2022-05-31
3,2022-06-01,1.659,2.509,1.82864,1.86121,1.88224,1.89957,2.09434,2.01672,1.97874,1.95461,1.93088,1.919,1.854,2.009,144,1703284,00,2023-03-11 14:57:34,2022-06-01
3,2022-06-02,1.759,2.499,1.87017,1.88824,1.90619,1.92384,2.10001,2.03673,1.99643,1.97198,1.95248,1.939,1.889,2.029,144,1715139,00,2023-03-11 15:02:12,2022-06-02
3,2022-06-03,1.709,2.499,1.8862,1.90856,1.92555,1.94202,2.11507,2.05614,2.01508,1.99145,1.96945,1.959,1.899,2.049,144,1718075,00,2023-03-11 15:06:43,2022-06-03
3,2022-06-04,1.789,2.499,1.89766,1.91085,1.92786,1.94463,2.12324,2.05881,2.01332,1.99054,1.97099,1.959,1.909,2.049,144,1666846,00,2023-03-11 15:11:09,2022-06-04
3,2022-06-05,1.779,2.429,1.89747,1.91097,1.92842,1.94605,2.12071,2.05911,2.01441,1.99227,1.97382,1.959,1.909,2.049,144,1566759,00,2023-03-11 15:15:40,2022-06-05
3,2022-06-06,1.799,2.509,1.89775,1.91136,1.93436,1.9479,2.10558,2.05167,2.02043,1.99224,1.97542,1.969,1.909,2.049,144,1675792,00,2023-03-11 15:20:10,2022-06-06
3,2022-06-07,1.809,2.509,1.91487,1.92977,1.95012,1.96713,2.10901,2.06508,2.0269,2.0066,1.99091,1.979,1.929,2.059,144,1649593,00,2023-03-11 15:24:33,2022-06-07
3,2022-06-08,1.689,2.469,1.93428,1.95166,1.9689,1.98119,2.16534,2.08955,2.05334,2.0273,2.01011,1.999,1.949,2.089,144,1690560,00,2023-03-11 15:29:12,2022-06-08
3,2022-06-09,1.699,2.479,1.93635,1.95238,1.96964,1.98565,2.16113,2.09926,2.0549,2.03098,2.01447,1.999,1.949,2.089,144,1703277,00,2023-03-11 15:34:01,2022-06-09
3,2022-06-10,1.829,2.479,1.94576,1.96133,1.97886,1.99292,2.15949,2.09436,2.06091,2.03565,2.01837,2.009,1.959,2.079,144,1709086,00,2023-03-11 15:38:42,2022-06-10
3,2022-06-11,1.829,2.479,1.95556,1.97099,1.98714,2.00054,2.18879,2.11151,2.07481,2.04985,2.03067,2.019,1.969,2.109,144,1650506,00,2023-03-11 15:44:14,2022-06-11
3,2022-06-12,1.859,2.479,1.95579,1.97201,1.98864,2.00547,2.18634,2.12241,2.07566,2.05141,2.03421,2.019,1.969,2.109,144,1553881,00,2023-03-11 15:49:03,2022-06-12
3,2022-06-13,1.859,2.479,1.95644,1.97862,1.99624,2.01112,2.16664,2.11745,2.07985,2.05753,2.0368,2.029,1.969,2.119,144,1658012,00,2023-03-11 15:53:30,2022-06-13
3,2022-06-14,1.859,2.479,1.95661,1.9708,1.99601,2.00778,2.15707,2.10766,2.07819,2.05573,2.0345,2.029,1.969,2.109,144,1659450,00,2023-03-11 15:58:05,2022-06-14
3,2022-06-15,1.859,2.479,1.95783,1.97081,1.99374,2.01181,2.17088,2.12132,2.08129,2.05464,2.03791,2.029,1.969,2.119,144,1665459,00,2023-03-11 16:02:34,2022-06-15
3,2022-06-16,1.859,2.499,1.95706,1.97147,1.9936,2.0119,2.18331,2.12401,2.0841,2.05744,2.04062,2.029,1.969,2.129,144,1671015,00,2023-03-11 16:06:58,2022-06-16
3,2022-06-17,1.859,2.499,1.96507,1.97891,2.00442,2.01716,2.17858,2.13237,2.09136,2.06318,2.04594,2.039,1.979,2.129,144,1653604,00,2023-03-11 16:11:17,2022-06-17
3,2022-06-18,1.849,2.499,1.9743,1.98934,2.00803,2.02459,2.18724,2.13245,2.09204,2.06983,2.05206,2.039,1.989,2.139,144,1606295,00,2023-03-11 16:15:36,2022-06-18
3,2022-06-19,1.899,2.499,1.97434,1.99745,2.00938,2.02716,2.18004,2.12978,2.09006,2.07454,2.05341,2.039,1.989,2.129,144,1519104,00,2023-03-11 16:20:35,2022-06-19
3,2022-06-20,1.889,2.499,1.97407,1.99777,2.01568,2.03013,2.18365,2.13917,2.10107,2.07801,2.05663,2.049,1.989,2.139,144,1653006,00,2023-03-11 16:27:19,2022-06-20
3,2022-06-21,1.839,2.479,1.96876,1.98958,2.00674,2.02319,2.16793,2.12828,2.09218,2.0702,2.0509,2.039,1.979,2.129,144,1655224,00,2023-03-11 16:32:03,2022-06-21
3,2022-06-22,1.666,2.479,1.9766,1.99102,2.00806,2.02394,2.16919,2.12792,2.09124,2.06873,2.05023,2.039,1.989,2.129,144,1664303,00,2023-03-11 16:36:51,2022-06-22
3,2022-06-23,1.878,2.479,1.96634,1.98154,1.99867,2.01885,2.15831,2.12066,2.08012,2.05893,2.04211,2.029,1.979,2.119,144,1669836,00,2023-03-11 16:42:43,2022-06-23
3,2022-06-24,1.879,2.479,1.96619,1.98093,1.99737,2.01263,2.1577,2.11552,2.08077,2.05703,2.03842,2.029,1.979,2.119,144,1665167,00,2023-03-11 16:47:19,2022-06-24
3,2022-06-25,1.879,2.479,1.9653,1.98065,1.99766,2.01412,2.16119,2.11517,2.07963,2.05697,2.03907,2.029,1.979,2.119,144,1609622,00,2023-03-11 16:51:52,2022-06-25
3,2022-06-26,1.879,2.479,1.96477,1.98018,1.99699,2.0131,2.16192,2.11791,2.08205,2.0584,2.03968,2.029,1.979,2.119,144,1518469,00,2023-03-11 16:56:28,2022-06-26
3,2022-06-27,1.869,2.479,1.96574,1.97996,1.99599,2.01601,2.16683,2.12625,2.08515,2.06285,2.043,2.029,1.979,2.129,144,1639784,00,2023-03-11 17:01:04,2022-06-27
3,2022-06-28,1.879,2.609,1.94758,1.96881,1.98522,2.00176,2.1479,2.10788,2.07263,2.05005,2.02903,2.019,1.959,2.109,144,1636560,00,2023-03-11 17:05:46,2022-06-28
3,2022-06-29,1.819,2.479,1.93353,1.95574,1.97348,1.99411,2.13456,2.1028,2.06409,2.04284,2.02054,2.009,1.949,2.099,144,1647175,00,2023-03-11 17:10:31,2022-06-29
3,2022-06-30,1.809,2.569,1.91397,1.93407,1.95867,1.97911,2.14522,2.09899,2.05861,2.03171,2.00932,1.999,1.929,2.099,144,1665726,00,2023-03-11 17:14:57,2022-06-30
3,2022-07-01,1.808,2.459,1.89591,1.91403,1.93956,1.96143,2.13752,2.09067,2.04224,2.01665,1.99458,1.979,1.909,2.079,144,1684659,00,2023-03-11 17:19:44,2022-07-01
3,2022-07-02,1.818,2.459,1.89695,1.91705,1.93528,1.95713,2.14823,2.08776,2.04041,2.00979,1.98783,1.978,1.909,2.079,144,1635523,00,2023-03-11 17:24:05,2022-07-02
3,2022-07-03,1.804,2.459,1.90378,1.91674,1.94158,1.95976,2.14946,2.08501,2.04109,2.01231,1.99209,1.979,1.919,2.079,144,1548788,00,2023-03-11 17:31:48,2022-07-03
3,2022-07-04,1.789,2.459,1.89691,1.92135,1.94564,1.96246,2.1284,2.08148,2.04539,2.01863,1.99304,1.989,1.909,2.089,144,1649311,00,2023-03-11 17:36:14,2022-07-04
3,2022-07-05,1.799,2.459,1.89394,1.91281,1.9382,1.9559,2.133,2.07667,2.03751,2.01051,1.98725,1.979,1.909,2.089,144,1649720,00,2023-03-11 17:43:09,2022-07-05
3,2022-07-06,1.789,2.439,1.86854,1.88654,1.91415,1.93342,2.14267,2.06961,2.02586,1.99257,1.96863,1.959,1.879,2.079,144,1678818,00,2023-03-11 17:47:48,2022-07-06
3,2022-07-07,1.769,2.439,1.86357,1.8834,1.90667,1.92367,2.11128,2.05159,2.01223,1.98417,1.95797,1.949,1.879,2.049,144,1693029,00,2023-03-11 17:52:24,2022-07-07
3,2022-07-08,1.759,2.509,1.85503,1.87296,1.89591,1.91916,2.10548,2.05005,2.00245,1.97646,1.95112,1.939,1.869,2.039,144,1700453,00,2023-03-11 17:57:03,2022-07-08
3,2022-07-09,1.754,2.569,1.85692,1.87558,1.89915,1.92222,2.09468,2.04487,1.99679,1.97251,1.95067,1.939,1.869,2.039,144,1634460,00,2023-03-11 18:01:35,2022-07-09
3,2022-07-10,1.754,2.649,1.85587,1.87315,1.89619,1.91932,2.0958,2.04736,1.99939,1.97534,1.94967,1.939,1.869,2.039,144,1543083,00,2023-03-11 18:06:22,2022-07-10
3,2022-07-11,1.764,2.739,1.85897,1.87585,1.9031,1.92392,2.09748,2.05373,2.01047,1.97844,1.95437,1.949,1.869,2.049,144,1657459,00,2023-03-11 18:11:00,2022-07-11
3,2022-07-12,1.779,2.839,1.86894,1.88711,1.90866,1.93079,2.11581,2.06084,2.0109,1.9848,1.96175,1.949,1.879,2.059,144,1655266,00,2023-03-11 18:15:45,2022-07-12
3,2022-07-13,1.779,2.929,1.87729,1.88927,1.90983,1.93252,2.12142,2.06022,2.01582,1.98835,1.96635,1.949,1.889,2.069,144,1666675,00,2023-03-11 18:20:22,2022-07-13
3,2022-07-14,1.789,2.979,1.87925,1.89199,1.91279,1.93394,2.1249,2.0639,2.01561,1.98531,1.96654,1.949,1.889,2.069,144,1678223,00,2023-03-11 18:24:44,2022-07-14
3,2022-07-15,1.779,2.509,1.86521,1.88651,1.9085,1.93218,2.11538,2.05879,2.01316,1.98707,1.96439,1.949,1.879,2.059,144,1687792,00,2023-03-11 18:29:07,2022-07-15
3,2022-07-16,1.769,2.509,1.87705,1.89072,1.91197,1.93458,2.12643,2.0639,2.01477,1.98517,1.96628,1.949,1.889,2.059,144,1645104,00,2023-03-11 18:33:31,2022-07-16
3,2022-07-17,1.759,2.509,1.8775,1.89778,1.91783,1.93599,2.12862,2.06494,2.0236,1.99278,1.96862,1.959,1.889,2.059,144,1554976,00,2023-03-11 18:37:59,2022-07-17
3,2022-07-18,1.768,2.509,1.87719,1.89704,1.91716,1.94058,2.12965,2.07263,2.02559,1.99801,1.97425,1.959,1.889,2.069,144,1675706,00,2023-03-11 18:44:00,2022-07-18
3,2022-07-19,1.749,2.509,1.87665,1.89003,1.90938,1.93103,2.10482,2.05551,2.01392,1.98285,1.96118,1.949,1.889,2.059,144,1656173,00,2023-03-11 18:48:48,2022-07-19
3,2022-07-20,1.718,2.509,1.84416,1.86692,1.88791,1.90716,2.08735,2.03271,1.99442,1.96305,1.93952,1.929,1.859,2.039,144,1666623,00,2023-03-11 18:53:34,2022-07-20
3,2022-07-21,1.709,2.509,1.84379,1.85659,1.88388,1.90536,2.07283,2.0308,1.9936,1.95894,1.93746,1.929,1.859,2.029,144,1674059,00,2023-03-11 18:58:07,2022-07-21
3,2022-07-22,1.689,2.509,1.82331,1.85125,1.87415,1.89736,2.06436,2.0147,1.98218,1.955,1.92895,1.919,1.842,2.019,144,1672110,00,2023-03-11 19:02:51,2022-07-22
3,2022-07-23,1.689,2.499,1.83471,1.85543,1.87622,1.90105,2.05096,2.02115,1.98243,1.9532,1.92864,1.919,1.849,2.009,144,1619410,00,2023-03-11 19:07:33,2022-07-23
3,2022-07-24,1.709,2.509,1.83559,1.85608,1.87566,1.89973,2.0705,2.02205,1.98482,1.95422,1.92844,1.919,1.849,2.019,144,1526425,00,2023-03-11 19:12:12,2022-07-24
3,2022-07-25,1.719,2.499,1.84225,1.85651,1.88233,1.90484,2.07596,2.02277,1.99163,1.95853,1.93586,1.929,1.859,2.019,144,1656199,00,2023-03-11 19:16:40,2022-07-25
3,2022-07-26,1.699,2.369,1.82178,1.84327,1.87185,1.89613,2.07095,2.01501,1.98302,1.95682,1.92843,1.919,1.839,2.009,144,1663272,00,2023-03-11 19:21:48,2022-07-26
3,2022-07-27,1.688,2.339,1.82561,1.85129,1.87283,1.89921,2.08163,2.02719,1.98837,1.9615,1.93267,1.919,1.839,2.019,144,1677211,00,2023-03-11 19:26:36,2022-07-27
3,2022-07-28,1.688,2.339,1.83039,1.85207,1.88147,1.90896,2.07953,2.03489,1.9948,1.96313,1.93879,1.929,1.849,2.019,144,1685712,00,2023-03-11 19:31:01,2022-07-28
3,2022-07-29,1.719,2.389,1.83364,1.86034,1.88694,1.91741,2.0859,2.04411,2.00385,1.97287,1.94546,1.939,1.849,2.029,144,1690586,00,2023-03-11 19:35:25,2022-07-29
3,2022-07-30,1.729,2.329,1.84542,1.86479,1.88606,1.91172,2.07047,2.03319,1.99368,1.96764,1.94274,1.929,1.859,2.019,144,1636943,00,2023-03-11 19:40:17,2022-07-30
3,2022-07-31,1.709,2.329,1.83764,1.85617,1.88107,1.90505,2.07356,2.03616,1.99542,1.96185,1.93654,1.929,1.849,2.019,144,1546201,00,2023-03-11 19:45:10,2022-07-31
3,2022-08-01,1.719,2.329,1.83168,1.85226,1.88505,1.90861,2.06686,2.03192,2.00107,1.9656,1.94127,1.939,1.849,2.019,144,1670520,00,2023-03-11 19:49:49,2022-08-01
3,2022-08-02,1.679,2.329,1.82201,1.84889,1.87331,1.89756,2.04918,2.00744,1.9769,1.9526,1.92648,1.919,1.839,1.999,144,1640428,00,2023-03-11 19:54:38,2022-08-02
3,2022-08-03,1.659,2.509,1.79438,1.82169,1.85795,1.88434,2.04353,1.99979,1.97359,1.94386,1.91445,1.919,1.819,1.989,144,1679376,00,2023-03-11 19:59:10,2022-08-03
3,2022-08-04,1.639,2.309,1.77631,1.81057,1.84493,1.8739,2.03982,2.0023,1.97007,1.93961,1.90594,1.909,1.799,1.989,144,1689665,00,2023-03-11 20:04:12,2022-08-04
3,2022-08-05,1.629,2.309,1.77213,1.80039,1.84174,1.871,2.0526,2.00303,1.97119,1.9357,1.90455,1.909,1.799,1.999,144,1694483,00,2023-03-11 20:09:09,2022-08-05
3,2022-08-06,1.608,2.289,1.77654,1.79784,1.83405,1.86785,2.04922,2.00113,1.96286,1.9262,1.8972,1.899,1.799,1.989,144,1642857,00,2023-03-11 20:13:44,2022-08-06
3,2022-08-07,1.608,2.289,1.76892,1.79643,1.82767,1.85997,2.05372,1.99497,1.95744,1.92656,1.89527,1.889,1.789,1.989,144,1548808,00,2023-03-11 20:18:46,2022-08-07
3,2022-08-08,1.608,2.289,1.77221,1.80118,1.83679,1.86789,2.04851,1.99062,1.95976,1.93119,1.90096,1.899,1.799,1.989,144,1671992,00,2023-03-11 20:23:16,2022-08-08
3,2022-08-09,1.608,2.509,1.76602,1.79256,1.83062,1.8582,2.03603,1.98057,1.95417,1.92161,1.88955,1.899,1.789,1.979,144,1671172,00,2023-03-11 20:28:09,2022-08-09
3,2022-08-10,1.608,2.279,1.75928,1.78466,1.8211,1.85343,2.02236,1.98159,1.94872,1.9153,1.8836,1.889,1.779,1.969,144,1683381,00,2023-03-11 20:32:42,2022-08-10
3,2022-08-11,1.608,2.279,1.7693,1.795,1.82537,1.85808,2.03512,1.98083,1.95482,1.92163,1.89009,1.898,1.789,1.979,144,1691974,00,2023-03-11 20:37:15,2022-08-11
3,2022-08-12,1.649,2.319,1.77936,1.80537,1.8339,1.87077,2.03374,2.00081,1.96221,1.93257,1.90023,1.899,1.799,1.989,144,1694665,00,2023-03-11 20:42:57,2022-08-12
3,2022-08-13,1.639,2.319,1.79001,1.81495,1.84868,1.88306,2.06288,2.01014,1.98006,1.94783,1.91579,1.919,1.809,2.009,144,1640221,00,2023-03-11 20:47:36,2022-08-13
3,2022-08-14,1.659,2.319,1.7905,1.81675,1.85646,1.88987,2.06258,2.02192,1.9873,1.94995,1.91973,1.929,1.809,2.009,144,1551253,00,2023-03-11 20:52:21,2022-08-14
3,2022-08-15,1.659,2.349,1.79648,1.82274,1.85856,1.89369,2.05295,2.0155,1.98358,1.95305,1.92086,1.929,1.819,2.009,144,1662820,00,2023-03-11 20:56:52,2022-08-15
3,2022-08-16,1.639,2.349,1.7949600000000001,1.82329,1.86759,1.89891,2.0511,2.01395,1.98556,1.95226,1.92324,1.939,1.819,2.009,144,1655088,00,2023-03-11 21:01:59,2022-08-16
3,2022-08-17,1.639,2.359,1.80456,1.83124,1.8692,1.89909,2.06663,2.01865,1.98979,1.96141,1.92962,1.939,1.829,2.019,144,1677908,00,2023-03-11 21:06:43,2022-08-17
3,2022-08-18,1.599,2.379,1.80619,1.83976,1.87794,1.90807,2.0783,2.03033,2.00289,1.97324,1.94043,1.949,1.829,2.029,144,1693842,00,2023-03-11 21:11:30,2022-08-18
3,2022-08-19,1.649,2.409,1.8241,1.85741,1.89252,1.92549,2.09877,2.05343,2.01519,1.98997,1.95561,1.959,1.849,2.049,144,1701686,00,2023-03-11 21:16:00,2022-08-19
3,2022-08-20,1.679,2.439,1.8332,1.86047,1.90029,1.93572,2.10781,2.06053,2.02619,1.99408,1.96273,1.969,1.859,2.059,144,1651591,00,2023-03-11 21:20:46,2022-08-20
3,2022-08-21,1.679,2.499,1.83464,1.86214,1.90061,1.93295,2.10248,2.06237,2.02764,1.99405,1.96202,1.969,1.859,2.059,144,1547925,00,2023-03-11 21:25:15,2022-08-21
3,2022-08-22,1.679,2.509,1.84549,1.87421,1.91361,1.94245,2.11727,2.06372,2.03444,2.00168,1.97322,1.979,1.869,2.069,144,1683011,00,2023-03-11 21:29:40,2022-08-22
3,2022-08-23,1.729,2.509,1.85665,1.88921,1.92518,1.9558,2.12605,2.0837,2.04941,2.02116,1.9885,1.989,1.879,2.079,144,1696522,00,2023-03-11 22:32:21,2022-08-23
3,2022-08-24,1.739,2.509,1.8769,1.90961,1.95223,1.97873,2.15379,2.10728,2.07556,2.04099,2.01129,2.019,1.899,2.109,144,1708396,00,2023-03-11 22:37:19,2022-08-24
3,2022-08-25,1.749,2.509,1.90445,1.93745,1.97504,2.00103,2.17707,2.1293,2.09517,2.06638,2.03398,2.039,1.929,2.129,144,1716084,00,2023-03-11 22:43:36,2022-08-25
3,2022-08-26,1.739,2.599,1.92489,1.95895,1.99651,2.0233,2.19921,2.1461,2.11278,2.08578,2.05457,2.059,1.949,2.149,144,1717674,00,2023-03-11 22:48:36,2022-08-26
3,2022-08-27,1.739,2.599,1.93326,1.9684,2.00728,2.03465,2.19778,2.15524,2.12015,2.09397,2.06319,2.069,1.959,2.149,144,1650540,00,2023-03-11 22:53:04,2022-08-27
3,2022-08-28,1.669,2.599,1.93988,1.96928,2.0085,2.03629,2.20932,2.15729,2.12326,2.09667,2.0677,2.069,1.969,2.159,144,1565843,00,2023-03-11 22:57:31,2022-08-28
3,2022-08-29,1.759,2.599,1.94989,1.98416,2.02336,2.04741,2.21275,2.16888,2.12859,2.10597,2.07541,2.079,1.979,2.159,144,1693467,00,2023-03-11 23:02:12,2022-08-29
3,2022-08-30,1.859,2.489,1.95309,1.97981,2.02308,2.04545,2.22737,2.17261,2.13209,2.10396,2.07557,2.079,1.979,2.169,144,1696081,00,2023-03-11 23:07:21,2022-08-30
3,2022-08-31,1.849,2.659,1.96024,1.9984,2.03017,2.05551,2.2298,2.18054,2.13854,2.11484,2.08665,2.079,1.989,2.179,144,1702811,00,2023-03-11 23:11:54,2022-08-31
3,2022-09-01,1.859,2.759,2.03903,2.07382,2.10963,2.14637,2.35516,2.29774,2.24924,2.21938,2.18187,2.179,2.069,2.289,144,1716783,00,2023-03-11 23:16:25,2022-09-01
3,2022-09-02,1.909,2.619,2.03941,2.07436,2.11141,2.13757,2.3318,2.27778,2.23145,2.20375,2.17004,2.169,2.069,2.269,144,1722689,00,2023-03-11 23:20:58,2022-09-02
3,2022-09-03,1.899,2.579,2.02289,2.05665,2.09353,2.12637,2.32452,2.26412,2.22311,2.19517,2.16065,2.159,2.049,2.259,144,1671231,00,2023-03-11 23:25:26,2022-09-03
3,2022-09-04,1.929,2.629,2.02522,2.05096,2.09036,2.1217,2.3281,2.26676,2.22651,2.19182,2.15784,2.159,2.049,2.259,144,1587571,00,2023-03-11 23:29:56,2022-09-04
3,2022-09-05,1.939,2.629,2.02413,2.05181,2.0912,2.12392,2.30791,2.25667,2.22114,2.18801,2.1567,2.159,2.049,2.259,144,1674262,00,2023-03-11 23:34:51,2022-09-05
3,2022-09-06,1.929,2.579,2.03866,2.06081,2.0945,2.12554,2.31944,2.26905,2.23217,2.18994,2.16152,2.159,2.059,2.269,144,1670266,00,2023-03-12 07:22:06,2022-09-06
3,2022-09-07,1.939,2.639,2.03581,2.06129,2.10105,2.13398,2.32864,2.2685,2.23217,2.19839,2.16651,2.169,2.059,2.269,144,1686746,00,2023-03-12 07:26:33,2022-09-07
3,2022-09-08,1.929,2.709,2.01939,2.05111,2.08385,2.11771,2.30961,2.26087,2.2197,2.18755,2.15202,2.149,2.039,2.249,144,1691091,00,2023-03-12 07:31:20,2022-09-08
3,2022-09-09,1.929,2.709,2.01603,2.04401,2.07409,2.11001,2.30231,2.24624,2.21548,2.17879,2.14479,2.148,2.039,2.239,144,1693165,00,2023-03-12 07:35:47,2022-09-09
3,2022-09-10,1.909,2.889,2.00729,2.03568,2.06594,2.1056,2.28901,2.23967,2.2023,2.1674,2.13494,2.129,2.029,2.239,144,1626398,00,2023-03-12 07:40:30,2022-09-10
3,2022-09-11,1.888,3.009,2.00083,2.0283,2.05998,2.10143,2.29186,2.2421,2.19785,2.15948,2.13096,2.119,2.019,2.239,144,1535371,00,2023-03-12 08:14:10,2022-09-11
3,2022-09-12,1.899,3.049,2.00973,2.03402,2.06513,2.09762,2.28013,2.23058,2.19491,2.16302,2.12988,2.129,2.029,2.229,144,1661989,00,2023-03-12 08:18:59,2022-09-12
3,2022-09-13,1.899,2.559,1.99102,2.0158,2.05368,2.08544,2.26738,2.21953,2.18734,2.14992,2.11997,2.119,2.009,2.219,144,1669009,00,2023-03-12 08:23:55,2022-09-13
3,2022-09-14,1.908,2.599,1.98352,2.00826,2.03952,2.07691,2.26378,2.22238,2.17588,2.13977,2.10907,2.099,1.999,2.209,144,1687634,00,2023-03-12 08:28:27,2022-09-14
3,2022-09-15,1.859,2.629,1.94951,1.98062,2.01356,2.04784,2.25206,2.20054,2.15907,2.12261,2.08659,2.079,1.969,2.189,144,1710973,00,2023-03-12 08:32:58,2022-09-15
3,2022-09-16,1.828,2.649,1.9197,1.94532,1.9824600000000001,2.01936,2.23999,2.18189,2.13602,2.09116,2.05839,2.049,1.939,2.169,144,1715712,00,2023-03-12 08:37:57,2022-09-16
3,2022-09-17,1.749,2.649,1.91281,1.93063,1.95891,1.99412,2.22312,2.1723,2.11557,2.07256,2.03839,2.019,1.929,2.159,144,1664065,00,2023-03-12 08:43:21,2022-09-17
3,2022-09-18,1.798,2.509,1.90396,1.92305,1.95606,1.99011,2.23037,2.1732,2.11627,2.06558,2.03423,2.019,1.919,2.159,144,1577885,00,2023-03-12 08:48:02,2022-09-18
3,2022-09-19,1.799,2.609,1.89503,1.91911,1.9486,1.98556,2.20662,2.16135,2.11328,2.06539,2.03094,2.018,1.909,2.149,144,1700044,00,2023-03-12 08:52:47,2022-09-19
3,2022-09-20,1.799,2.509,1.89316,1.91735,1.94292,1.97734,2.18057,2.14197,2.0901,2.0544,2.01933,1.999,1.909,2.139,144,1685807,00,2023-03-12 08:57:36,2022-09-20
3,2022-09-21,1.819,2.509,1.89771,1.91992,1.94836,1.98098,2.1808,2.14335,2.09444,2.05444,2.02028,2.009,1.909,2.139,144,1688618,00,2023-03-12 09:02:07,2022-09-21
3,2022-09-22,1.829,2.509,1.89914,1.92122,1.9462,1.97625,2.18611,2.13851,2.08539,2.04928,2.01609,1.999,1.909,2.139,144,1693209,00,2023-03-12 09:06:51,2022-09-22
3,2022-09-23,1.829,2.509,1.90582,1.92346,1.94926,1.97443,2.17873,2.13027,2.08264,2.04348,2.01453,1.999,1.919,2.129,144,1682177,00,2023-03-12 09:11:36,2022-09-23
3,2022-09-24,1.849,2.509,1.89978,1.92239,1.9431,1.97177,2.17495,2.12901,2.07297,2.04094,2.00987,1.989,1.909,2.129,144,1626966,00,2023-03-12 09:16:16,2022-09-24
3,2022-09-25,1.849,2.519,1.89894,1.91543,1.9414,1.96654,2.17886,2.12275,2.0729,2.03419,2.00708,1.989,1.909,2.129,144,1539593,00,2023-03-12 09:20:45,2022-09-25
3,2022-09-26,1.809,2.519,1.89592,1.91392,1.94136,1.96811,2.17151,2.1234,2.07104,2.03482,2.0083,1.989,1.909,2.119,144,1673250,00,2023-03-12 09:25:12,2022-09-26
3,2022-09-27,1.799,2.479,1.88537,1.91006,1.9320600000000001,1.9617,2.16989,2.11124,2.05809,2.02859,1.99762,1.979,1.899,2.099,144,1684567,00,2023-03-12 09:30:11,2022-09-27
3,2022-09-28,1.759,2.699,1.88858,1.90495,1.92618,1.9524,2.16272,2.1083,2.0525,2.02054,1.99223,1.969,1.899,2.099,144,1693749,00,2023-03-12 09:34:59,2022-09-28
3,2022-09-29,1.829,2.479,1.90637,1.91934,1.94104,1.96502,2.16837,2.10875,2.05251,2.02285,2.00111,1.979,1.919,2.099,144,1701681,00,2023-03-12 09:39:49,2022-09-29
3,2022-09-30,1.749,2.449,1.91603,1.93502,1.95736,1.97769,2.1824,2.11138,2.06757,2.03694,2.01154,1.999,1.929,2.109,144,1699723,00,2023-03-12 09:45:21,2022-09-30
3,2022-10-01,1.789,2.449,1.91863,1.93774,1.95837,1.98354,2.18055,2.12102,2.07162,2.04079,2.0175,1.999,1.929,2.119,144,1647358,00,2023-03-12 09:49:56,2022-10-01
3,2022-10-02,1.789,2.449,1.91777,1.93619,1.95703,1.97673,2.17857,2.11299,2.06931,2.03699,2.01113,1.999,1.929,2.109,144,1557184,00,2023-03-12 09:54:48,2022-10-02
3,2022-10-03,1.849,2.519,1.91743,1.93593,1.95737,1.97745,2.1567,2.10298,2.06335,2.03331,2.00873,1.999,1.929,2.109,144,1651466,00,2023-03-12 09:59:54,2022-10-03
3,2022-10-04,1.849,2.529,1.91795,1.93816,1.95988,1.98039,2.14506,2.10189,2.0598,2.03214,2.01023,1.999,1.929,2.099,144,1635680,00,2023-03-12 10:04:55,2022-10-04
3,2022-10-05,1.859,2.449,1.93873,1.95748,1.97451,1.99564,2.1661,2.11285,2.06743,2.04679,2.0235,2.009,1.949,2.109,144,1654559,00,2023-03-12 10:09:43,2022-10-05
3,2022-10-06,1.883,2.489,1.96713,1.98874,2.00546,2.02184,2.20481,2.13996,2.0978,2.07301,2.05085,2.039,1.979,2.129,144,1679877,00,2023-03-12 10:14:14,2022-10-06
3,2022-10-07,1.903,2.549,1.99627,2.0109,2.03066,2.04743,2.22987,2.15803,2.11511,2.09207,2.0762,2.059,2.009,2.149,144,1706004,00,2023-03-12 10:18:45,2022-10-07
3,2022-10-08,1.939,2.849,2.03493,2.05155,2.07046,2.0882,2.25893,2.19636,2.15432,2.13849,2.1168,2.099,2.049,2.189,144,1661057,00,2023-03-12 10:23:14,2022-10-08
3,2022-10-09,1.969,3.019,2.04661,2.06247,2.07927,2.09668,2.27274,2.20656,2.16603,2.14158,2.12511,2.109,2.059,2.199,144,1573774,00,2023-03-12 10:27:39,2022-10-09
3,2022-10-10,1.969,2.729,2.06536,2.08026,2.09746,2.11408,2.26686,2.21897,2.18033,2.15779,2.13872,2.129,2.079,2.209,144,1697337,00,2023-03-12 10:32:07,2022-10-10
3,2022-10-11,1.849,2.559,2.07756,2.09071,2.10821,2.12673,2.27325,2.22649,2.18903,2.16834,2.15051,2.139,2.089,2.209,144,1708691,00,2023-03-12 10:36:51,2022-10-11
3,2022-10-12,1.949,2.559,2.04607,2.06656,2.08525,2.10348,2.26113,2.21035,2.17228,2.15157,2.13099,2.119,2.059,2.199,144,1710282,00,2023-03-12 10:43:28,2022-10-12
3,2022-10-13,1.959,2.559,2.04835,2.06401,2.082,2.09921,2.25942,2.20497,2.16203,2.1458,2.12533,2.109,2.059,2.189,144,1712074,00,2023-03-12 10:55:26,2022-10-13
3,2022-10-14,1.979,2.579,2.06837,2.08411,2.10075,2.11678,2.2896,2.22698,2.18216,2.15728,2.14214,2.129,2.079,2.219,144,1697905,00,2023-03-12 10:59:52,2022-10-14
3,2022-10-15,1.939,2.579,2.07868,2.09273,2.11046,2.12562,2.29675,2.23897,2.19469,2.16911,2.15284,2.139,2.089,2.229,144,1644835,00,2023-03-12 11:04:33,2022-10-15
3,2022-10-16,1.979,2.589,2.0792,2.0937,2.11125,2.12723,2.29754,2.23773,2.19588,2.17139,2.15631,2.139,2.089,2.229,144,1557837,00,2023-03-12 11:09:12,2022-10-16
3,2022-10-17,1.969,2.729,2.07742,2.09147,2.11423,2.13018,2.29221,2.24312,2.20404,2.1738,2.15688,2.149,2.089,2.229,144,1682938,00,2023-03-12 11:13:47,2022-10-17
3,2022-10-18,1.959,2.579,2.07861,2.09244,2.11038,2.12731,2.27776,2.22684,2.18917,2.16806,2.15265,2.139,2.089,2.229,144,1664090,00,2023-03-12 11:18:37,2022-10-18
3,2022-10-19,1.929,2.599,2.0781,2.08515,2.10229,2.11505,2.27883,2.20946,2.17896,2.15515,2.14156,2.129,2.089,2.219,144,1669204,00,2023-03-12 11:23:08,2022-10-19
3,2022-10-20,1.909,2.599,2.06852,2.0822600000000002,2.09913,2.11639,2.26688,2.21732,2.18113,2.15935,2.14283,2.129,2.079,2.219,144,1676136,00,2023-03-12 11:27:38,2022-10-20
3,2022-10-21,1.949,2.579,2.06942,2.0832,2.09908,2.11491,2.27202,2.22225,2.18196,2.15821,2.14075,2.129,2.079,2.219,144,1675023,00,2023-03-12 11:32:05,2022-10-21
3,2022-10-22,1.899,2.579,2.06692,2.08337,2.09906,2.11074,2.26985,2.21331,2.18219,2.15613,2.13861,2.129,2.079,2.219,144,1620493,00,2023-03-12 11:36:33,2022-10-22
3,2022-10-23,1.949,2.679,2.06556,2.08201,2.09322,2.10931,2.27282,2.21493,2.17322,2.15651,2.13758,2.119,2.079,2.219,144,1529605,00,2023-03-12 11:43:32,2022-10-23
3,2022-10-24,1.919,2.649,2.05849,2.07082,2.08744,2.1081,2.26932,2.22256,2.17566,2.15367,2.1346,2.119,2.069,2.219,144,1653658,00,2023-03-12 11:47:59,2022-10-24
3,2022-10-25,1.919,2.579,2.05114,2.06319,2.0797,2.09644,2.26781,2.20739,2.16613,2.14281,2.12532,2.109,2.059,2.209,144,1657270,00,2023-03-12 11:52:27,2022-10-25
3,2022-10-26,1.959,2.579,2.03934,2.04661,2.06736,2.08264,2.26136,2.20078,2.15671,2.12338,2.10985,2.099,2.049,2.199,144,1668815,00,2023-03-12 11:57:12,2022-10-26
3,2022-10-27,1.94,2.569,2.03085,2.04485,2.06167,2.07829,2.25825,2.18961,2.14759,2.12382,2.10868,2.089,2.039,2.199,144,1677672,00,2023-03-12 12:02:06,2022-10-27
3,2022-10-28,1.969,2.569,2.04061,2.05381,2.06439,2.07954,2.26172,2.19242,2.14754,2.12772,2.10876,2.089,2.049,2.199,144,1680818,00,2023-03-12 12:06:34,2022-10-28
3,2022-10-29,1.879,2.569,2.05069,2.05752,2.07363,2.08779,2.27531,2.20698,2.15889,2.1314,2.11829,2.099,2.059,2.209,144,1627129,00,2023-03-12 12:11:06,2022-10-29
3,2022-10-30,1.939,2.579,2.05175,2.06427,2.07428,2.0887,2.28313,2.20967,2.16108,2.14186,2.12113,2.099,2.059,2.219,150,1573897,00,2023-03-12 12:15:37,2022-10-30
3,2022-10-31,1.979,2.579,2.05161,2.0642,2.08005,2.09461,2.27968,2.21512,2.16982,2.1426,2.1243,2.109,2.059,2.219,144,1657105,00,2023-03-12 12:20:03,2022-10-31
3,2022-11-01,1.959,2.569,2.05082,2.06288,2.07846,2.0931,2.27599,2.21294,2.16907,2.14191,2.12187,2.109,2.059,2.219,144,1646699,00,2023-03-12 12:25:06,2022-11-01
3,2022-11-02,1.899,2.569,2.02325,2.0463,2.06537,2.08268,2.26823,2.19963,2.15793,2.13543,2.11346,2.099,2.039,2.209,144,1650981,00,2023-03-12 12:30:11,2022-11-02
3,2022-11-03,1.879,2.569,1.99476,2.01536,2.04042,2.05841,2.23475,2.17781,2.13813,2.11047,2.08994,2.079,2.009,2.179,144,1670540,00,2023-03-12 12:34:50,2022-11-03
3,2022-11-04,1.909,2.639,1.99488,2.01034,2.02907,2.04497,2.25359,2.17197,2.12454,2.09771,2.07919,2.059,2.009,2.179,144,1697395,00,2023-03-12 12:39:26,2022-11-04
3,2022-11-05,1.919,2.679,1.99418,2.01836,2.03115,2.05041,2.2675,2.18784,2.12582,2.10549,2.08375,2.059,2.009,2.189,144,1653110,00,2023-03-12 12:44:20,2022-11-05
3,2022-11-06,1.909,2.909,1.99209,2.01648,2.03454,2.04951,2.27463,2.19045,2.13974,2.10863,2.08546,2.069,2.009,2.199,144,1562288,00,2023-03-12 12:48:59,2022-11-06
3,2022-11-07,1.899,2.549,1.99408,2.01938,2.03543,2.05084,2.2449,2.1735,2.13098,2.10382,2.08166,2.069,2.009,2.179,144,1665431,00,2023-03-12 12:53:32,2022-11-07
3,2022-11-08,1.869,2.529,1.98393,1.99992,2.01798,2.03831,2.22938,2.16293,2.1108,2.08809,2.06901,2.049,1.999,2.169,144,1666621,00,2023-03-12 12:58:26,2022-11-08
3,2022-11-09,1.859,2.529,1.96149,1.97664,2.00066,2.0176,2.2068,2.14079,2.10162,2.07088,2.0505,2.039,1.979,2.149,144,1678580,00,2023-03-12 13:03:39,2022-11-09
3,2022-11-10,1.829,2.529,1.93069,1.95263,1.97667,1.99409,2.19074,2.12306,2.08358,2.053,2.02796,2.019,1.949,2.129,144,1698990,00,2023-03-12 13:08:19,2022-11-10
3,2022-11-11,1.789,2.479,1.90098,1.92233,1.95369,1.97136,2.18235,2.10642,2.06535,2.0301,2.00727,1.999,1.919,2.109,144,1715493,00,2023-03-12 13:12:51,2022-11-11
3,2022-11-12,1.789,2.479,1.88834,1.91238,1.93717,1.95371,2.16292,2.09324,2.04886,2.01611,1.99049,1.979,1.909,2.089,144,1665604,00,2023-03-12 13:17:37,2022-11-12
3,2022-11-13,1.789,2.539,1.87893,1.90315,1.92847,1.94871,2.1656,2.09782,2.04294,2.01019,1.98607,1.969,1.899,2.089,144,1576895,00,2023-03-12 13:22:09,2022-11-13
3,2022-11-14,1.779,2.619,1.88176,1.90104,1.92579,1.94645,2.13349,2.08237,2.03415,2.00411,1.97827,1.969,1.899,2.079,144,1678536,00,2023-03-12 13:26:57,2022-11-14
3,2022-11-15,1.769,2.509,1.86267,1.88172,1.90848,1.93039,2.136,2.06875,2.01679,1.98795,1.96393,1.949,1.879,2.069,144,1684643,00,2023-03-12 13:31:29,2022-11-15
3,2022-11-16,1.779,2.509,1.84331,1.87069,1.895,1.9159,2.13071,2.0624,2.01052,1.97883,1.95132,1.939,1.859,2.059,144,1705530,00,2023-03-12 13:36:18,2022-11-16
3,2022-11-17,1.759,2.444,1.83685,1.85589,1.87838,1.89858,2.13623,2.04856,1.99685,1.96322,1.93843,1.919,1.849,2.059,144,1713976,00,2023-03-12 13:41:37,2022-11-17
3,2022-11-18,1.749,2.439,1.82689,1.84009,1.86231,1.88633,2.11552,2.03907,1.97532,1.94395,1.92332,1.899,1.839,2.039,144,1716233,00,2023-03-12 13:46:32,2022-11-18
3,2022-11-19,1.739,2.439,1.81842,1.83193,1.84804,1.86738,2.10499,2.0147,1.95423,1.92678,1.90579,1.879,1.829,2.029,144,1664331,00,2023-03-12 13:51:08,2022-11-19
3,2022-11-20,1.719,2.469,1.81165,1.83051,1.84685,1.86532,2.10783,2.01876,1.95625,1.92705,1.9037,1.879,1.819,2.029,144,1575979,00,2023-03-12 13:55:53,2022-11-20
3,2022-11-21,1.679,2.499,1.80948,1.8279,1.85026,1.86619,2.10386,2.01259,1.96432,1.9292,1.9055,1.889,1.819,2.029,144,1697405,00,2023-03-12 14:00:41,2022-11-21
3,2022-11-22,1.729,2.529,1.79885,1.8181,1.84008,1.85995,2.08169,2.00729,1.95248,1.91922,1.89602,1.879,1.809,2.019,144,1680349,00,2023-03-12 14:05:26,2022-11-22
3,2022-11-23,1.729,2.529,1.79718,1.8107,1.83279,1.85079,2.09415,2.00955,1.94756,1.90963,1.88887,1.869,1.809,2.019,144,1698282,00,2023-03-12 14:09:57,2022-11-23
3,2022-11-24,1.689,2.488,1.78694,1.79916,1.8224,1.84182,2.08156,1.99694,1.93587,1.9021,1.88056,1.859,1.799,2.009,144,1706513,00,2023-03-12 14:14:51,2022-11-24
3,2022-11-25,1.709,2.339,1.77475,1.78779,1.81103,1.83097,2.0666,1.98688,1.92707,1.89309,1.8704,1.849,1.789,1.999,144,1709878,00,2023-03-12 14:19:37,2022-11-25
3,2022-11-26,1.689,2.339,1.76992,1.78902,1.80568,1.82159,2.0439,1.95769,1.90871,1.88281,1.85829,1.839,1.779,1.979,144,1640435,00,2023-03-12 14:24:07,2022-11-26
3,2022-11-27,1.689,2.369,1.76943,1.78318,1.79927,1.81522,2.03868,1.94591,1.89622,1.87051,1.85105,1.829,1.779,1.959,144,1549198,00,2023-03-12 14:28:35,2022-11-27
3,2022-11-28,1.709,2.399,1.76737,1.78847,1.80575,1.82549,2.04548,1.96766,1.91126,1.88564,1.86236,1.839,1.779,1.989,144,1667075,00,2023-03-12 14:33:02,2022-11-28
3,2022-11-29,1.669,2.489,1.74571,1.76598,1.78856,1.80894,2.03178,1.9594,1.90467,1.87234,1.84744,1.829,1.759,1.969,144,1681309,00,2023-03-12 14:37:51,2022-11-29
3,2022-11-30,1.669,2.609,1.74677,1.76029,1.78251,1.79761,2.0384,1.94594,1.89714,1.85873,1.83792,1.819,1.759,1.969,144,1699607,00,2023-03-12 14:43:22,2022-11-30
3,2022-12-01,1.689,2.489,1.74828,1.76229,1.77971,1.79428,2.04508,1.94142,1.88236,1.85019,1.83095,1.809,1.759,1.959,144,1706529,00,2023-03-12 18:52:31,2022-12-01
3,2022-12-02,1.649,2.489,1.76128,1.77461,1.79091,1.80623,2.05284,1.94692,1.8927,1.86215,1.84431,1.819,1.769,1.969,144,1706706,00,2023-03-12 18:57:09,2022-12-02
3,2022-12-03,1.699,2.299,1.77065,1.78425,1.80033,1.81546,2.01697,1.94104,1.89041,1.8627,1.84527,1.829,1.779,1.949,144,1631618,00,2023-03-12 19:01:38,2022-12-03
3,2022-12-04,1.709,2.349,1.77113,1.78402,1.80017,1.81509,2.01655,1.94083,1.89198,1.86424,1.84615,1.829,1.779,1.949,144,1537388,00,2023-03-12 19:06:11,2022-12-04
3,2022-12-05,1.699,2.407,1.75895,1.77847,1.79481,1.81111,2.01914,1.93954,1.89514,1.86904,1.84545,1.829,1.769,1.959,144,1652415,00,2023-03-12 19:10:51,2022-12-05
3,2022-12-06,1.659,2.309,1.73944,1.75787,1.7758,1.79594,2.01647,1.93786,1.88044,1.85498,1.83171,1.809,1.749,1.949,144,1661411,00,2023-03-12 19:15:29,2022-12-06
3,2022-12-07,1.629,2.359,1.71522,1.73504,1.75324,1.77488,2.0064,1.92019,1.8612899999999999,1.8368,1.81172,1.789,1.729,1.939,144,1685293,00,2023-03-12 19:20:20,2022-12-07
3,2022-12-08,1.619,2.429,1.69403,1.71597,1.73936,1.75841,2.0027,1.92005,1.85893,1.82305,1.79788,1.779,1.709,1.939,144,1689585,00,2023-03-12 19:25:12,2022-12-08
3,2022-12-09,1.604,2.499,1.68725,1.69903,1.72098,1.74305,1.98415,1.89137,1.84573,1.80555,1.78335,1.768,1.699,1.909,144,1708708,00,2023-03-12 19:29:38,2022-12-09
3,2022-12-10,1.604,2.569,1.68832,1.70002,1.71669,1.73614,1.9589,1.87836,1.82031,1.79323,1.77094,1.749,1.699,1.879,144,1645065,00,2023-03-12 19:34:08,2022-12-10
3,2022-12-11,1.594,2.639,1.68104,1.6996,1.71589,1.73438,1.9678,1.88315,1.82263,1.79434,1.76968,1.749,1.689,1.889,144,1559546,00,2023-03-12 19:38:51,2022-12-11
3,2022-12-12,1.604,2.699,1.68091,1.69244,1.71345,1.72897,1.9611,1.86862,1.8217,1.78624,1.76578,1.749,1.689,1.879,144,1675343,00,2023-03-12 19:44:24,2022-12-12
3,2022-12-13,1.594,2.939,1.6879,1.70192,1.71829,1.73347,1.96344,1.87187,1.82197,1.79158,1.77118,1.749,1.699,1.889,144,1674411,00,2023-03-12 19:49:06,2022-12-13
3,2022-12-14,1.619,2.939,1.70707,1.72147,1.7327,1.75154,1.98401,1.89598,1.82825,1.80838,1.78625,1.759,1.719,1.899,144,1691350,00,2023-03-12 19:53:42,2022-12-14
3,2022-12-15,1.639,2.939,1.72063,1.73362,1.75072,1.76567,1.99126,1.9008,1.84786,1.81877,1.80061,1.779,1.729,1.909,144,1697635,00,2023-03-12 19:58:55,2022-12-15
3,2022-12-16,1.669,2.999,1.73127,1.74354,1.76108,1.77685,2.00397,1.9092,1.85735,1.83027,1.81279,1.789,1.739,1.929,144,1694773,00,2023-03-12 20:03:46,2022-12-16
3,2022-12-17,1.669,2.909,1.73196,1.75127,1.76206,1.77856,1.9805,1.8996,1.85161,1.83348,1.81139,1.789,1.739,1.909,144,1627757,00,2023-03-12 20:08:24,2022-12-17
3,2022-12-18,1.639,3.009,1.73282,1.74522,1.76167,1.77712,1.98768,1.90196,1.85263,1.82656,1.81009,1.789,1.739,1.919,144,1544918,00,2023-03-12 20:12:59,2022-12-18
3,2022-12-19,1.668,3.019,1.73026,1.74299,1.76424,1.77927,1.98676,1.91347,1.86761,1.83252,1.81389,1.799,1.739,1.929,144,1663802,00,2023-03-12 20:17:52,2022-12-19
3,2022-12-20,1.638,2.888,1.71968,1.73215,1.74948,1.76964,1.97909,1.9025,1.84479,1.82039,1.80197,1.779,1.729,1.919,144,1657184,00,2023-03-12 20:22:31,2022-12-20
3,2022-12-21,1.628,2.269,1.70877,1.72088,1.73778,1.75798,1.97424,1.89451,1.83797,1.81312,1.79227,1.769,1.719,1.909,144,1665853,00,2023-03-12 20:26:58,2022-12-21
3,2022-12-22,1.639,2.279,1.70867,1.72286,1.74013,1.75944,1.99206,1.90453,1.8411,1.81301,1.7954,1.769,1.719,1.919,144,1685875,00,2023-03-12 20:32:06,2022-12-22
3,2022-12-23,1.649,2.279,1.71803,1.73293,1.74899,1.76413,1.99322,1.89997,1.85001,1.81998,1.80053,1.779,1.729,1.909,144,1686121,00,2023-03-12 20:36:34,2022-12-23
3,2022-12-24,1.629,2.279,1.72668,1.74262,1.75799,1.77197,1.998,1.91244,1.86025,1.82871,1.80774,1.789,1.739,1.909,144,1630610,00,2023-03-12 20:43:18,2022-12-24
3,2022-12-25,1.628,2.299,1.7272,1.74361,1.75887,1.77284,2.00853,1.91628,1.86081,1.8297,1.80912,1.789,1.739,1.919,144,1543532,00,2023-03-12 20:48:11,2022-12-25
3,2022-12-26,1.639,2.379,1.72709,1.7435,1.76014,1.77817,2.01259,1.92573,1.86046,1.83245,1.81429,1.789,1.739,1.929,144,1657128,00,2023-03-12 20:52:57,2022-12-26
3,2022-12-27,1.639,2.409,1.73464,1.74929,1.76761,1.78155,1.98938,1.91336,1.86401,1.83489,1.81407,1.799,1.749,1.919,144,1623752,00,2023-03-12 20:57:47,2022-12-27
3,2022-12-28,1.659,2.309,1.7448,1.76074,1.77823,1.79239,1.98923,1.91973,1.87312,1.84365,1.82461,1.809,1.759,1.919,144,1644013,00,2023-03-12 21:02:35,2022-12-28
3,2022-12-29,1.669,2.319,1.74769,1.76179,1.77815,1.79678,2.01349,1.93671,1.87871,1.85085,1.83098,1.809,1.759,1.939,144,1662957,00,2023-03-12 21:07:18,2022-12-29
3,2022-12-30,1.674,2.319,1.74861,1.76343,1.78024,1.79844,2.02439,1.94361,1.88093,1.85183,1.83364,1.809,1.759,1.939,144,1680895,00,2023-03-12 21:12:17,2022-12-30
3,2022-12-31,1.669,2.259,1.75816,1.76567,1.78245,1.80073,2.02948,1.94317,1.87788,1.85721,1.83437,1.809,1.769,1.939,144,1629523,00,2023-03-12 21:17:09,2022-12-31
3,2023-01-01,1.669,2.369,1.75902,1.77226,1.78972,1.80354,2.04284,1.94896,1.89132,1.86035,1.84016,1.819,1.769,1.949,144,1543019,00,2023-03-12 21:31:43,2023-01-01
3,2023-01-02,1.679,2.439,1.76705,1.78161,1.79753,1.81156,2.04117,1.95455,1.90154,1.86984,1.84751,1.829,1.779,1.949,144,1668772,00,2023-03-12 21:36:29,2023-01-02
3,2023-01-03,1.649,2.439,1.76744,1.78275,1.79949,1.8148,2.0464,1.95019,1.89936,1.87018,1.8511,1.829,1.779,1.959,144,1676339,00,2023-03-12 21:41:22,2023-01-03
3,2023-01-04,1.679,2.439,1.76616,1.77989,1.79614,1.81114,2.05286,1.95353,1.90242,1.87287,1.84857,1.829,1.779,1.968,144,1688646,00,2023-03-12 21:45:57,2023-01-04
3,2023-01-05,1.654,2.439,1.74642,1.75922,1.78252,1.79844,2.00616,1.93196,1.88507,1.85197,1.83162,1.819,1.759,1.939,144,1678276,00,2023-03-12 21:50:29,2023-01-05
3,2023-01-06,1.654,2.349,1.7358,1.74942,1.76613,1.78221,2.00048,1.91565,1.86583,1.84004,1.81654,1.799,1.749,1.929,144,1667301,00,2023-03-12 21:55:17,2023-01-06
3,2023-01-07,1.659,2.289,1.72661,1.74199,1.75932,1.77686,1.99484,1.90363,1.85343,1.82887,1.81134,1.789,1.739,1.919,144,1613843,00,2023-03-12 21:59:42,2023-01-07
3,2023-01-08,1.659,2.289,1.72587,1.74127,1.75763,1.77391,1.99774,1.9068,1.85622,1.82869,1.80849,1.789,1.739,1.919,144,1520756,00,2023-03-12 22:04:04,2023-01-08
3,2023-01-09,1.649,2.349,1.72473,1.74129,1.7638,1.77907,2.00116,1.91727,1.86824,1.8326,1.81425,1.799,1.739,1.929,144,1642679,00,2023-03-12 22:08:28,2023-01-09
3,2023-01-10,1.649,2.349,1.72385,1.7406,1.75735,1.77809,2.00406,1.91892,1.85715,1.83173,1.81171,1.789,1.739,1.919,144,1655126,00,2023-03-12 22:12:52,2023-01-10
3,2023-01-11,1.569,2.349,1.71543,1.73797,1.75571,1.77522,1.9957,1.91908,1.85821,1.83215,1.80896,1.789,1.729,1.919,144,1663724,00,2023-03-12 22:17:25,2023-01-11
3,2023-01-12,1.53,2.349,1.71873,1.73462,1.75092,1.76316,1.98739,1.8834,1.84216,1.8128,1.79616,1.779,1.729,1.879,144,1668636,00,2023-03-12 22:21:49,2023-01-12
3,2023-01-13,1.669,2.359,1.73775,1.75321,1.76971,1.78436,2.01198,1.92025,1.86589,1.83677,1.81781,1.799,1.749,1.929,144,1666559,00,2023-03-12 22:26:36,2023-01-13
3,2023-01-14,1.679,2.359,1.74819,1.7628,1.77933,1.7912,2.01342,1.914,1.87392,1.84495,1.82551,1.809,1.759,1.929,144,1611746,00,2023-03-12 22:31:17,2023-01-14
3,2023-01-15,1.659,2.349,1.7489,1.76298,1.77346,1.78929,2.02096,1.91985,1.86667,1.84755,1.82538,1.799,1.759,1.939,144,1526342,00,2023-03-12 22:36:07,2023-01-15
3,2023-01-16,1.659,2.349,1.74954,1.763,1.77928,1.79427,2.01999,1.92903,1.87806,1.84942,1.82937,1.809,1.759,1.939,144,1645630,00,2023-03-12 22:42:30,2023-01-16
3,2023-01-17,1.679,2.349,1.74896,1.76243,1.77946,1.79493,2.01784,1.92906,1.87782,1.84976,1.83038,1.809,1.759,1.939,144,1642521,00,2023-03-12 22:47:05,2023-01-17
3,2023-01-18,1.679,2.319,1.74903,1.76236,1.7731,1.79143,2.03053,1.93801,1.87032,1.85055,1.8275,1.799,1.759,1.949,144,1657895,00,2023-03-12 22:51:31,2023-01-18
3,2023-01-19,1.649,2.389,1.74845,1.76276,1.77401,1.78968,2.04932,1.93217,1.87248,1.85136,1.82948,1.799,1.759,1.949,144,1673574,00,2023-03-12 22:56:22,2023-01-19
3,2023-01-20,1.688,2.389,1.74842,1.76392,1.77918,1.79309,2.04988,1.94528,1.88527,1.85202,1.8309,1.809,1.759,1.959,144,1673805,00,2023-03-12 23:01:04,2023-01-20
3,2023-01-21,1.639,2.319,1.75893,1.76648,1.78277,1.79675,2.05393,1.94871,1.88267,1.84846,1.83307,1.809,1.769,1.949,144,1620212,00,2023-03-12 23:06:22,2023-01-21
3,2023-01-22,1.687,2.319,1.76073,1.77436,1.78445,1.7998,2.03197,1.93293,1.87769,1.85714,1.83599,1.809,1.769,1.949,144,1520643,00,2023-03-12 23:10:57,2023-01-22
3,2023-01-23,1.679,2.359,1.76976,1.77624,1.79266,1.80791,2.03659,1.9541,1.88804,1.85983,1.84446,1.819,1.779,1.959,144,1646603,00,2023-03-12 23:15:27,2023-01-23
3,2023-01-24,1.709,2.349,1.7787,1.79323,1.80369,1.82216,2.06161,1.9689,1.90024,1.87971,1.85755,1.829,1.789,1.969,144,1659109,00,2023-03-12 23:20:36,2023-01-24
3,2023-01-25,1.709,2.349,1.77846,1.79373,1.81,1.82742,2.07744,1.98556,1.91595,1.88468,1.86507,1.839,1.789,1.989,144,1675808,00,2023-03-12 23:25:05,2023-01-25
3,2023-01-26,1.669,2.349,1.76675,1.7817,1.79809,1.81793,2.06898,1.96869,1.90548,1.87652,1.85657,1.829,1.779,1.979,144,1681926,00,2023-03-12 23:29:30,2023-01-26
3,2023-01-27,1.669,2.349,1.7592,1.77248,1.78911,1.80793,2.06772,1.96475,1.89779,1.86787,1.84761,1.819,1.769,1.979,144,1680120,00,2023-03-12 23:34:02,2023-01-27
3,2023-01-28,4.12581e-318,2.349,1.75953,1.77291,1.78986,1.80573,2.04073,1.94218,1.88844,1.86053,1.8417,1.819,1.769,1.959,144,1609151,00,2023-03-13 07:02:43,2023-01-28
3,2023-01-29,1.689,2.349,1.76005,1.77273,1.78885,1.80339,2.04155,1.94646,1.891,1.86046,1.83939,1.819,1.769,1.959,144,1523181,00,2023-03-13 07:07:15,2023-01-29
3,2023-01-30,1.679,2.349,1.75775,1.77134,1.78772,1.80629,2.04181,1.95483,1.89299,1.86447,1.84296,1.819,1.769,1.969,144,1642852,00,2023-03-13 07:11:42,2023-01-30
3,2023-01-31,1.639,2.359,1.73444,1.74917,1.77211,1.79257,2.02807,1.94228,1.88311,1.85001,1.82941,1.809,1.749,1.949,144,1647928,00,2023-03-13 07:16:08,2023-01-31
3,2023-02-01,1.639,2.349,1.71855,1.73854,1.7549,1.77062,2.01505,1.91459,1.86376,1.83429,1.80909,1.789,1.729,1.929,144,1660540,00,2023-03-13 07:20:35,2023-02-01
3,2023-02-02,1.629,2.349,1.70616,1.72847,1.74566,1.76534,2.01637,1.91904,1.85393,1.82637,1.8023,1.779,1.719,1.929,144,1673437,00,2023-03-13 07:24:58,2023-02-02
3,2023-02-03,1.599,2.349,1.68559,1.7066,1.72972,1.74915,2.00859,1.91291,1.84879,1.81264,1.78828,1.769,1.699,1.919,144,1687155,00,2023-03-13 07:29:30,2023-02-03
3,2023-02-04,1.559,2.329,1.67599,1.69666,1.71943,1.73599,2.00822,1.89332,1.83968,1.80251,1.77732,1.759,1.689,1.899,144,1650810,00,2023-03-13 07:34:13,2023-02-04
3,2023-02-05,1.589,2.329,1.67517,1.6884,1.71092,1.73464,2.01561,1.9091,1.83664,1.80124,1.7779,1.749,1.689,1.919,144,1563405,00,2023-03-13 07:39:22,2023-02-05
3,2023-02-06,1.589,2.329,1.66491,1.6841,1.70551,1.72956,2.00608,1.90766,1.83884,1.80396,1.77356,1.749,1.679,1.909,144,1689675,00,2023-03-13 07:44:28,2023-02-06
3,2023-02-07,1.564,2.319,1.65396,1.66759,1.69091,1.71433,1.96379,1.87633,1.80879,1.7757,1.75304,1.729,1.669,1.879,144,1671076,00,2023-03-13 07:48:55,2023-02-07
3,2023-02-08,1.579,2.319,1.65575,1.67907,1.69487,1.71288,1.96815,1.87137,1.80878,1.77909,1.75283,1.729,1.669,1.879,144,1679269,00,2023-03-13 07:53:21,2023-02-08
3,2023-02-09,1.549,2.329,1.66681,1.68098,1.70339,1.71925,1.97493,1.86815,1.81642,1.7796400000000001,1.75925,1.739,1.679,1.879,144,1685296,00,2023-03-13 07:57:45,2023-02-09
3,2023-02-10,1.579,2.319,1.66617,1.67971,1.70325,1.72241,1.97294,1.88095,1.81595,1.78063,1.76027,1.739,1.679,1.889,144,1683978,00,2023-03-13 08:02:32,2023-02-10
3,2023-02-11,1.579,2.319,1.67583,1.69117,1.70782,1.7233,1.96828,1.86855,1.81229,1.78139,1.76057,1.739,1.689,1.869,144,1622190,00,2023-03-13 08:06:57,2023-02-11
3,2023-02-12,1.579,2.319,1.67553,1.69136,1.70794,1.72733,1.98315,1.87923,1.81902,1.78931,1.76865,1.739,1.689,1.899,144,1530316,00,2023-03-13 08:11:53,2023-02-12
3,2023-02-13,1.589,2.319,1.67573,1.68978,1.71149,1.72971,1.98179,1.8879,1.83031,1.79211,1.77021,1.749,1.689,1.899,144,1647101,00,2023-03-13 08:16:49,2023-02-13
3,2023-02-14,1.579,2.319,1.66637,1.68716,1.70328,1.72269,1.97387,1.88203,1.81912,1.79003,1.76312,1.739,1.679,1.889,144,1645136,00,2023-03-13 08:21:33,2023-02-14
3,2023-02-15,1.589,2.319,1.66723,1.68106,1.70363,1.71926,1.97862,1.87175,1.81735,1.77943,1.75956,1.739,1.679,1.889,144,1653930,00,2023-03-13 08:26:07,2023-02-15
3,2023-02-16,1.579,2.319,1.65745,1.67851,1.69486,1.71497,1.97465,1.87315,1.80911,1.7822,1.75633,1.729,1.669,1.889,144,1664354,00,2023-03-13 08:31:03,2023-02-16
3,2023-02-17,1.549,2.319,1.64447,1.66647,1.6889,1.70458,1.966,1.86073,1.80982,1.77339,1.7469,1.729,1.659,1.879,144,1670037,00,2023-03-13 08:35:59,2023-02-17
3,2023-02-18,1.569,2.319,1.64577,1.6661,1.68366,1.70332,1.95037,1.86083,1.7979,1.7701,1.74352,1.719,1.659,1.869,144,1621372,00,2023-03-13 08:42:43,2023-02-18
3,2023-02-19,1.569,2.319,1.63706,1.65751,1.67934,1.69787,1.96882,1.87015,1.80717,1.76897,1.7427,1.719,1.649,1.899,144,1536091,00,2023-03-13 08:47:58,2023-02-19
3,2023-02-20,1.569,2.319,1.63705,1.64997,1.67192,1.69597,1.96572,1.88594,1.80463,1.76684,1.74273,1.709,1.649,1.899,144,1659883,00,2023-03-13 08:52:39,2023-02-20
3,2023-02-21,1.569,2.299,1.62689,1.64759,1.66516,1.68754,1.97888,1.8759,1.79006,1.76108,1.7341,1.699,1.639,1.889,144,1669734,00,2023-03-13 08:57:16,2023-02-21
3,2023-02-22,1.539,2.309,1.62768,1.64058,1.66165,1.67996,1.98207,1.8627,1.79422,1.75319,1.72888,1.699,1.639,1.889,144,1682135,00,2023-03-13 09:01:47,2023-02-22
3,2023-02-23,1.539,2.329,1.62602,1.63974,1.66097,1.67916,1.98398,1.8631,1.79307,1.75176,1.72627,1.699,1.639,1.889,144,1691567,00,2023-03-13 09:06:20,2023-02-23
3,2023-02-24,1.539,2.329,1.61909,1.6323,1.64818,1.66682,1.94635,1.83227,1.76132,1.73045,1.70842,1.679,1.629,1.849,144,1678137,00,2023-03-13 09:11:00,2023-02-24
3,2023-02-25,1.539,2.299,1.62687,1.64172,1.65894,1.67841,1.93451,1.83533,1.76611,1.73692,1.717,1.689,1.639,1.839,144,1620767,00,2023-03-13 09:15:29,2023-02-25
3,2023-02-26,1.539,2.299,1.62639,1.64194,1.66432,1.68301,1.94101,1.84518,1.77829,1.74088,1.72173,1.699,1.639,1.849,144,1531322,00,2023-03-13 09:20:18,2023-02-26
3,2023-02-27,1.559,2.299,1.62796,1.64863,1.66516,1.68809,1.94336,1.85298,1.77998,1.75262,1.72719,1.699,1.648,1.859,144,1652354,00,2023-03-13 09:25:01,2023-02-27
3,2023-02-28,1.559,2.299,1.63852,1.65266,1.66881,1.68793,1.95642,1.84773,1.7804,1.75059,1.72966,1.699,1.649,1.859,144,1657199,00,2023-03-13 09:29:43,2023-02-28
3,2023-03-01,1.559,2.669,1.6403,1.65384,1.67538,1.69306,1.97597,1.86812,1.79519,1.75432,1.73497,1.709,1.649,1.869,144,1675053,00,2023-03-13 09:34:34,2023-03-01
3,2023-03-02,1.539,2.279,1.64965,1.66221,1.67848,1.69693,1.9767,1.86496,1.79433,1.76219,1.74003,1.709,1.659,1.869,144,1682254,00,2023-03-13 09:39:40,2023-03-02
3,2023-03-03,1.569,2.269,1.65749,1.67201,1.68731,1.70222,1.98405,1.86609,1.80263,1.7685,1.74461,1.719,1.669,1.879,144,1687795,00,2023-03-13 09:44:44,2023-03-03
3,2023-03-04,1.579,2.269,1.66699,1.68084,1.69722,1.70941,1.95143,1.84202,1.79832,1.76837,1.74612,1.729,1.679,1.849,144,1620256,00,2023-03-13 09:49:23,2023-03-04
3,2023-03-05,1.579,2.279,1.66773,1.68195,1.69812,1.71392,1.9584,1.8557,1.80115,1.77219,1.75131,1.729,1.679,1.869,144,1536054,00,2023-03-13 09:54:18,2023-03-05
3,2023-03-06,1.588,2.279,1.66822,1.68138,1.69693,1.71628,1.95129,1.86682,1.80494,1.77796,1.75511,1.729,1.679,1.869,144,1655930,00,2023-03-13 09:59:25,2023-03-06
3,2023-03-07,1.579,2.269,1.66712,1.68029,1.69562,1.71162,1.94639,1.8548,1.80349,1.77596,1.75065,1.729,1.679,1.869,144,1659084,00,2023-03-13 10:04:21,2023-03-07
3,2023-03-08,1.569,2.279,1.65655,1.6711,1.68825,1.70867,1.95036,1.85603,1.80281,1.76564,1.74556,1.728,1.669,1.869,144,1663965,00,2023-03-13 10:09:01,2023-03-08
3,2023-03-09,1.568,2.279,1.64665,1.66033,1.68218,1.70191,1.94336,1.85505,1.79617,1.76121,1.74022,1.719,1.659,1.869,144,1667262,00,2023-03-13 10:14:01,2023-03-09
3,2023-03-10,1.529,2.269,1.63641,1.65051,1.67112,1.6894,1.93708,1.85048,1.78948,1.75176,1.72818,1.709,1.649,1.859,144,1664372,00,2023-03-13 10:18:57,2023-03-10
3,2023-03-11,1.529,2.269,1.62613,1.64119,1.66401,1.67981,1.92153,1.82534,1.77428,1.73861,1.71938,1.699,1.639,1.839,144,1613690,00,2023-03-13 10:23:41,2023-03-11
3,2023-03-12,1.549,2.269,1.62571,1.63993,1.66269,1.68223,1.92776,1.83635,1.77647,1.74177,1.72119,1.699,1.639,1.849,144,1530308,00,2023-03-13 10:28:27,2023-03-12
3,2023-03-13,1.53,2.269,1.62792,1.64106,1.66212,1.68098,1.92967,1.83775,1.7806,1.745,1.72229,1.699,1.639,1.859,144,1681042,00,2023-03-13 23:12:23,2023-03-13
3,2023-03-14,1.559,2.269,1.62744,1.64136,1.6627,1.68022,1.93309,1.84465,1.78233,1.74375,1.72164,1.699,1.639,1.859,144,1687196,00,2023-03-14 23:12:19,2023-03-14
3,2023-03-15,1.519,2.269,1.62651,1.64015,1.65641,1.67586,1.94534,1.83736,1.7713,1.74217,1.71838,1.689,1.639,1.859,144,1700920,00,2023-03-15 23:12:22,2023-03-15
3,2023-03-16,1.499,2.269,1.61368,1.62884,1.65095,1.67063,1.93047,1.83523,1.7686,1.73239,1.70971,1.689,1.629,1.839,144,1705728,00,2023-03-16 23:12:20,2023-03-16
3,2023-03-17,1.488,2.269,1.60255,1.61828,1.64087,1.66083,1.91758,1.82367,1.76201,1.72566,1.70303,1.679,1.619,1.829,144,1712153,00,2023-03-17 23:12:23,2023-03-17
3,2023-03-18,1.489,2.249,1.60374,1.61908,1.64176,1.66266,1.9263,1.82635,1.76174,1.72664,1.7055,1.679,1.619,1.829,144,1662502,00,2023-03-18 23:12:24,2023-03-18
3,2023-03-19,1.488,2.249,1.60428,1.61949,1.64177,1.66287,1.93439,1.82585,1.76092,1.7259,1.70491,1.679,1.619,1.829,144,1582326,00,2023-03-19 23:12:22,2023-03-19
3,2023-03-20,1.488,2.249,1.6044,1.61868,1.64122,1.65752,1.93099,1.81824,1.76194,1.72157,1.69963,1.679,1.619,1.829,144,1711963,00,2023-03-20 23:12:19,2023-03-20
3,2023-03-21,1.488,2.259,1.60377,1.61878,1.64064,1.66074,1.88849,1.79149,1.74649,1.71599,1.69534,1.679,1.619,1.769,144,1711208,00,2023-03-21 23:12:21,2023-03-21
3,2023-03-22,1.488,2.279,1.60441,1.62731,1.64841,1.66399,1.8513,1.78143,1.74866,1.71961,1.69648,1.689,1.619,1.759,144,1710230,00,2023-03-22 23:12:20,2023-03-22
3,2023-03-23,1.488,2.279,1.60319,1.62658,1.64321,1.66373,1.84674,1.77637,1.73812,1.71696,1.6944,1.679,1.619,1.759,144,1705731,00,2023-03-23 23:12:19,2023-03-23
3,2023-03-24,1.488,2.279,1.60335,1.61914,1.64113,1.66757,1.84153,1.78773,1.73977,1.71261,1.69359,1.679,1.619,1.759,144,1703747,00,2023-03-24 23:12:26,2023-03-24
3,2023-03-25,1.488,2.279,1.59196,1.61486,1.63895,1.66055,1.85151,1.77524,1.7373,1.71212,1.69088,1.679,1.609,1.759,144,1652178,00,2023-03-25 23:12:20,2023-03-25
3,2023-03-26,1.488,2.279,1.59009,1.61376,1.6439,1.66645,1.84715,1.78791,1.74696,1.71446,1.69327,1.689,1.609,1.759,138,1538694,00,2023-03-26 22:12:26,2023-03-26
3,2023-03-27,1.499,2.279,1.59929,1.62131,1.64501,1.66798,1.84409,1.78552,1.74631,1.71972,1.69457,1.689,1.619,1.759,144,1702872,00,2023-03-27 22:12:22,2023-03-27
3,2023-03-28,1.479,2.249,1.591,1.61531,1.63897,1.66034,1.84447,1.77397,1.7364,1.70916,1.68869,1.679,1.609,1.749,144,1696514,00,2023-03-28 22:12:25,2023-03-28
3,2023-03-29,1.489,2.269,1.59271,1.61537,1.63933,1.66123,1.80852,1.7739,1.73317,1.70878,1.68938,1.679,1.609,1.749,144,1680045,00,2023-03-29 22:12:28,2023-03-29
3,2023-03-30,1.498,2.269,1.59079,1.61397,1.63677,1.66265,1.80875,1.77295,1.73438,1.70984,1.68776,1.679,1.609,1.749,144,1678485,00,2023-03-30 22:12:23,2023-03-30
3,2023-03-31,1.479,2.249,1.58318,1.61174,1.63459,1.6555,1.83678,1.7685,1.73487,1.70849,1.68304,1.679,1.604,1.749,144,1688376,00,2023-03-31 22:12:20,2023-03-31
3,2023-04-01,1.469,2.249,1.58112,1.60404,1.62697,1.65389,1.83235,1.77478,1.72887,1.70308,1.68047,1.669,1.599,1.739,144,1644122,00,2023-04-01 22:12:29,2023-04-01
3,2023-04-02,1.469,2.249,1.58042,1.60236,1.6254,1.65149,1.8345,1.77743,1.7324600000000001,1.70456,1.6796,1.669,1.599,1.739,144,1563880,00,2023-04-02 22:12:18,2023-04-02
3,2023-04-03,1.469,2.409,1.5829,1.60484,1.62755,1.65346,1.82887,1.77228,1.7293,1.70202,1.68,1.669,1.599,1.739,144,1694492,00,2023-04-03 22:12:19,2023-04-03
3,2023-04-04,1.509,2.249,1.59412,1.61599,1.6398,1.66304,1.83069,1.78518,1.74129,1.71299,1.69254,1.679,1.609,1.759,144,1695297,00,2023-04-04 22:12:18,2023-04-04
3,2023-04-05,1.509,2.229,1.59975,1.62228,1.64555,1.6714,1.82728,1.7938,1.749,1.72263,1.69854,1.689,1.619,1.759,144,1701372,00,2023-04-05 22:12:19,2023-04-05
3,2023-04-06,1.509,2.229,1.59782,1.62204,1.64488,1.67088,1.8327,1.79227,1.74966,1.72354,1.69799,1.689,1.619,1.759,144,1702280,00,2023-04-06 22:12:19,2023-04-06
3,2023-04-07,1.499,2.229,1.5918,1.62212,1.64432,1.66905,1.82732,1.79414,1.75115,1.72316,1.69709,1.689,1.614,1.759,144,1677890,00,2023-04-07 22:12:16,2023-04-07
3,2023-04-08,1.509,2.229,1.59983,1.6227,1.65245,1.67428,1.84148,1.7814,1.75115,1.72192,1.70017,1.699,1.619,1.764,144,1639649,00,2023-04-08 22:12:22,2023-04-08

