Datum	Deutschland/Luxemburg [€/MWh] Originalauflösungen
2020-12-24	
2020-12-25	
2020-12-26	
2020-12-27	
2020-12-28	
2020-12-29	
2020-12-30	28.0
2020-12-31	31.0
2021-01-01	33.0
2021-01-02	38.0
2021-01-03	45.0
2021-01-04	47.0
2021-01-05	48.0
2021-01-06	49.0
2021-01-07	52.0
2021-01-08	56.0
2021-01-09	58.0
2021-01-10	60.0
2021-01-11	60.0
2021-01-12	58.0
2021-01-13	57.0
2021-01-14	57.0
2021-01-15	56.0
2021-01-16	55.0
2021-01-17	56.0
2021-01-18	57.0
2021-01-19	57.0
2021-01-20	56.0
2021-01-21	50.0
2021-01-22	46.0
2021-01-23	45.0
2021-01-24	44.0
2021-01-25	45.0
2021-01-26	47.0
2021-01-27	51.0
2021-01-28	54.0
2021-01-29	55.0
2021-01-30	55.0
2021-01-31	55.0
2021-02-01	54.0
2021-02-02	53.0
2021-02-03	51.0
2021-02-04	51.0
2021-02-05	51.0
2021-02-06	49.0
2021-02-07	45.0
2021-02-08	43.0
2021-02-09	45.0
2021-02-10	48.0
2021-02-11	52.0
2021-02-12	54.0
2021-02-13	56.0
2021-02-14	60.0
2021-02-15	61.0
2021-02-16	59.0
2021-02-17	56.0
2021-02-18	51.0
2021-02-19	49.0
2021-02-20	47.0
2021-02-21	45.0
2021-02-22	45.0
2021-02-23	44.0
2021-02-24	42.0
2021-02-25	42.0
2021-02-26	42.0
2021-02-27	44.0
2021-02-28	45.0
2021-03-01	45.0
2021-03-02	46.0
2021-03-03	48.0
2021-03-04	49.0
2021-03-05	50.0
2021-03-06	50.0
2021-03-07	50.0
2021-03-08	52.0
2021-03-09	53.0
2021-03-10	53.0
2021-03-11	49.0
2021-03-12	45.0
2021-03-13	40.0
2021-03-14	36.0
2021-03-15	34.0
2021-03-16	33.0
2021-03-17	34.0
2021-03-18	40.0
2021-03-19	45.0
2021-03-20	50.0
2021-03-21	53.0
2021-03-22	55.0
2021-03-23	56.0
2021-03-24	55.0
2021-03-25	54.0
2021-03-26	54.0
2021-03-27	50.0
2021-03-28	47.0
2021-03-29	45.0
2021-03-30	44.0
2021-03-31	44.0
2021-04-01	43.0
2021-04-02	41.0
2021-04-03	43.0
2021-04-04	44.0
2021-04-05	36.0
2021-04-06	33.0
2021-04-07	32.0
2021-04-08	33.0
2021-04-09	35.0
2021-04-10	38.0
2021-04-11	41.0
2021-04-12	52.0
2021-04-13	56.0
2021-04-14	58.0
2021-04-15	60.0
2021-04-16	61.0
2021-04-17	61.0
2021-04-18	63.0
2021-04-19	65.0
2021-04-20	68.0
2021-04-21	66.0
2021-04-22	63.0
2021-04-23	63.0
2021-04-24	62.0
2021-04-25	58.0
2021-04-26	57.0
2021-04-27	54.0
2021-04-28	54.0
2021-04-29	56.0
2021-04-30	57.0
2021-05-01	58.0
2021-05-02	59.0
2021-05-03	59.0
2021-05-04	55.0
2021-05-05	51.0
2021-05-06	51.0
2021-05-07	52.0
2021-05-08	51.0
2021-05-09	45.0
2021-05-10	44.0
2021-05-11	50.0
2021-05-12	56.0
2021-05-13	55.0
2021-05-14	55.0
2021-05-15	57.0
2021-05-16	62.0
2021-05-17	64.0
2021-05-18	64.0
2021-05-19	66.0
2021-05-20	67.0
2021-05-21	61.0
2021-05-22	51.0
2021-05-23	49.0
2021-05-24	43.0
2021-05-25	41.0
2021-05-26	39.0
2021-05-27	39.0
2021-05-28	45.0
2021-05-29	54.0
2021-05-30	57.0
2021-05-31	62.0
2021-06-01	63.0
2021-06-02	63.0
2021-06-03	62.0
2021-06-04	61.0
2021-06-05	62.0
2021-06-06	65.0
2021-06-07	67.0
2021-06-08	68.0
2021-06-09	70.0
2021-06-10	72.0
2021-06-11	73.0
2021-06-12	70.0
2021-06-13	64.0
2021-06-14	63.0
2021-06-15	64.0
2021-06-16	65.0
2021-06-17	65.0
2021-06-18	65.0
2021-06-19	70.0
2021-06-20	75.0
2021-06-21	76.0
2021-06-22	76.0
2021-06-23	77.0
2021-06-24	80.0
2021-06-25	81.0
2021-06-26	83.0
2021-06-27	83.0
2021-06-28	85.0
2021-06-29	86.0
2021-06-30	86.0
2021-07-01	85.0
2021-07-02	86.0
2021-07-03	87.0
2021-07-04	89.0
2021-07-05	90.0
2021-07-06	88.0
2021-07-07	89.0
2021-07-08	92.0
2021-07-09	92.0
2021-07-10	91.0
2021-07-11	90.0
2021-07-12	90.0
2021-07-13	92.0
2021-07-14	91.0
2021-07-15	88.0
2021-07-16	87.0
2021-07-17	84.0
2021-07-18	80.0
2021-07-19	79.0
2021-07-20	79.0
2021-07-21	79.0
2021-07-22	79.0
2021-07-23	79.0
2021-07-24	81.0
2021-07-25	83.0
2021-07-26	83.0
2021-07-27	83.0
2021-07-28	81.0
2021-07-29	75.0
2021-07-30	72.0
2021-07-31	65.0
2021-08-01	65.0
2021-08-02	64.0
2021-08-03	65.0
2021-08-04	68.0
2021-08-05	75.0
2021-08-06	76.0
2021-08-07	80.0
2021-08-08	73.0
2021-08-09	71.0
2021-08-10	70.0
2021-08-11	70.0
2021-08-12	72.0
2021-08-13	75.0
2021-08-14	76.0
2021-08-15	84.0
2021-08-16	84.0
2021-08-17	79.0
2021-08-18	76.0
2021-08-19	74.0
2021-08-20	75.0
2021-08-21	79.0
2021-08-22	81.0
2021-08-23	85.0
2021-08-24	90.0
2021-08-25	91.0
2021-08-26	91.0
2021-08-27	90.0
2021-08-28	89.0
2021-08-29	90.0
2021-08-30	91.0
2021-08-31	94.0
2021-09-01	97.0
2021-09-02	101.0
2021-09-03	103.0
2021-09-04	106.0
2021-09-05	109.0
2021-09-06	112.0
2021-09-07	114.0
2021-09-08	116.0
2021-09-09	118.0
2021-09-10	122.0
2021-09-11	125.0
2021-09-12	126.0
2021-09-13	128.0
2021-09-14	130.0
2021-09-15	137.0
2021-09-16	141.0
2021-09-17	143.0
2021-09-18	144.0
2021-09-19	142.0
2021-09-20	144.0
2021-09-21	145.0
2021-09-22	141.0
2021-09-23	129.0
2021-09-24	122.0
2021-09-25	121.0
2021-09-26	126.0
2021-09-27	125.0
2021-09-28	126.0
2021-09-29	124.0
2021-09-30	129.0
2021-10-01	128.0
2021-10-02	125.0
2021-10-03	113.0
2021-10-04	115.0
2021-10-05	116.0
2021-10-06	123.0
2021-10-07	150.0
2021-10-08	165.0
2021-10-09	170.0
2021-10-10	185.0
2021-10-11	186.0
2021-10-12	187.0
2021-10-13	188.0
2021-10-14	168.0
2021-10-15	156.0
2021-10-16	158.0
2021-10-17	158.0
2021-10-18	161.0
2021-10-19	159.0
2021-10-20	141.0
2021-10-21	126.0
2021-10-22	119.0
2021-10-23	117.0
2021-10-24	111.0
2021-10-25	108.0
2021-10-26	112.0
2021-10-27	124.0
2021-10-28	137.0
2021-10-29	143.0
2021-10-30	135.0
2021-10-31	130.0
2021-11-01	118.0
2021-11-02	122.0
2021-11-03	129.0
2021-11-04	132.0
2021-11-05	139.0
2021-11-06	138.0
2021-11-07	134.0
2021-11-08	146.0
2021-11-09	140.0
2021-11-10	137.0
2021-11-11	140.0
2021-11-12	141.0
2021-11-13	152.0
2021-11-14	171.0
2021-11-15	179.0
2021-11-16	189.0
2021-11-17	190.0
2021-11-18	183.0
2021-11-19	178.0
2021-11-20	171.0
2021-11-21	168.0
2021-11-22	168.0
2021-11-23	169.0
2021-11-24	182.0
2021-11-25	197.0
2021-11-26	205.0
2021-11-27	218.0
2021-11-28	226.0
2021-11-29	231.0
2021-11-30	214.0
2021-12-01	188.0
2021-12-02	181.0
2021-12-03	176.0
2021-12-04	175.0
2021-12-05	169.0
2021-12-06	168.0
2021-12-07	182.0
2021-12-08	195.0
2021-12-09	207.0
2021-12-10	220.0
2021-12-11	225.0
2021-12-12	229.0
2021-12-13	229.0
2021-12-14	240.0
2021-12-15	256.0
2021-12-16	266.0
2021-12-17	280.0
2021-12-18	283.0
2021-12-19	274.0
2021-12-20	283.0
2021-12-21	303.0
2021-12-22	320.0
2021-12-23	314.0
2021-12-24	294.0
2021-12-25	285.0
2021-12-26	293.0
2021-12-27	266.0
2021-12-28	220.0
2021-12-29	182.0
2021-12-30	150.0
2021-12-31	124.0
2022-01-01	107.0
2022-01-02	89.0
2022-01-03	79.0
2022-01-04	86.0
2022-01-05	79.0
2022-01-06	96.0
2022-01-07	118.0
2022-01-08	130.0
2022-01-09	145.0
2022-01-10	171.0
2022-01-11	186.0
2022-01-12	203.0
2022-01-13	201.0
2022-01-14	203.0
2022-01-15	210.0
2022-01-16	208.0
2022-01-17	189.0
2022-01-18	187.0
2022-01-19	178.0
2022-01-20	169.0
2022-01-21	166.0
2022-01-22	160.0
2022-01-23	169.0
2022-01-24	186.0
2022-01-25	195.0
2022-01-26	204.0
2022-01-27	204.0
2022-01-28	206.0
2022-01-29	194.0
2022-01-30	174.0
2022-01-31	167.0
2022-02-01	146.0
2022-02-02	133.0
2022-02-03	143.0
2022-02-04	137.0
2022-02-05	137.0
2022-02-06	136.0
2022-02-07	120.0
2022-02-08	119.0
2022-02-09	122.0
2022-02-10	122.0
2022-02-11	130.0
2022-02-12	137.0
2022-02-13	142.0
2022-02-14	144.0
2022-02-15	147.0
2022-02-16	140.0
2022-02-17	122.0
2022-02-18	112.0
2022-02-19	98.0
2022-02-20	95.0
2022-02-21	92.0
2022-02-22	87.0
2022-02-23	89.0
2022-02-24	97.0
2022-02-25	97.0
2022-02-26	124.0
2022-02-27	140.0
2022-02-28	159.0
2022-03-01	176.0
2022-03-02	197.0
2022-03-03	228.0
2022-03-04	262.0
2022-03-05	279.0
2022-03-06	302.0
2022-03-07	330.0
2022-03-08	366.0
2022-03-09	389.0
2022-03-10	381.0
2022-03-11	341.0
2022-03-12	310.0
2022-03-13	278.0
2022-03-14	259.0
2022-03-15	232.0
2022-03-16	204.0
2022-03-17	196.0
2022-03-18	217.0
2022-03-19	218.0
2022-03-20	209.0
2022-03-21	198.0
2022-03-22	189.0
2022-03-23	188.0
2022-03-24	189.0
2022-03-25	192.0
2022-03-26	200.0
2022-03-27	222.0
2022-03-28	224.0
2022-03-29	226.0
2022-03-30	231.0
2022-03-31	227.0
2022-04-01	215.0
2022-04-02	211.0
2022-04-03	207.0
2022-04-04	186.0
2022-04-05	177.0
2022-04-06	155.0
2022-04-07	136.0
2022-04-08	131.0
2022-04-09	115.0
2022-04-10	101.0
2022-04-11	122.0
2022-04-12	123.0
2022-04-13	137.0
2022-04-14	159.0
2022-04-15	169.0
2022-04-16	182.0
2022-04-17	187.0
2022-04-18	172.0
2022-04-19	176.0
2022-04-20	174.0
2022-04-21	170.0
2022-04-22	167.0
2022-04-23	159.0
2022-04-24	159.0
2022-04-25	173.0
2022-04-26	177.0
2022-04-27	180.0
2022-04-28	184.0
2022-04-29	192.0
2022-04-30	207.0
2022-05-01	220.0
2022-05-02	219.0
2022-05-03	216.0
2022-05-04	218.0
2022-05-05	218.0
2022-05-06	218.0
2022-05-07	218.0
2022-05-08	215.0
2022-05-09	214.0
2022-05-10	209.0
2022-05-11	199.0
2022-05-12	190.0
2022-05-13	181.0
2022-05-14	175.0
2022-05-15	171.0
2022-05-16	171.0
2022-05-17	177.0
2022-05-18	183.0
2022-05-19	189.0
2022-05-20	195.0
2022-05-21	188.0
2022-05-22	191.0
2022-05-23	187.0
2022-05-24	178.0
2022-05-25	174.0
2022-05-26	154.0
2022-05-27	130.0
2022-05-28	121.0
2022-05-29	119.0
2022-05-30	125.0
2022-05-31	132.0
2022-06-01	137.0
2022-06-02	154.0
2022-06-03	174.0
2022-06-04	192.0
2022-06-05	190.0
2022-06-06	171.0
2022-06-07	167.0
2022-06-08	163.0
2022-06-09	163.0
2022-06-10	163.0
2022-06-11	159.0
2022-06-12	155.0
2022-06-13	166.0
2022-06-14	168.0
2022-06-15	171.0
2022-06-16	173.0
2022-06-17	183.0
2022-06-18	192.0
2022-06-19	197.0
2022-06-20	212.0
2022-06-21	225.0
2022-06-22	241.0
2022-06-23	254.0
2022-06-24	257.0
2022-06-25	263.0
2022-06-26	270.0
2022-06-27	277.0
2022-06-28	283.0
2022-06-29	282.0
2022-06-30	287.0
2022-07-01	292.0
2022-07-02	289.0
2022-07-03	289.0
2022-07-04	286.0
2022-07-05	284.0
2022-07-06	282.0
2022-07-07	266.0
2022-07-08	263.0
2022-07-09	253.0
2022-07-10	241.0
2022-07-11	252.0
2022-07-12	261.0
2022-07-13	268.0
2022-07-14	290.0
2022-07-15	295.0
2022-07-16	299.0
2022-07-17	314.0
2022-07-18	317.0
2022-07-19	320.0
2022-07-20	317.0
2022-07-21	321.0
2022-07-22	328.0
2022-07-23	350.0
2022-07-24	355.0
2022-07-25	343.0
2022-07-26	331.0
2022-07-27	344.0
2022-07-28	355.0
2022-07-29	364.0
2022-07-30	372.0
2022-07-31	380.0
2022-08-01	397.0
2022-08-02	406.0
2022-08-03	400.0
2022-08-04	392.0
2022-08-05	383.0
2022-08-06	368.0
2022-08-07	353.0
2022-08-08	344.0
2022-08-09	339.0
2022-08-10	332.0
2022-08-11	325.0
2022-08-12	333.0
2022-08-13	348.0
2022-08-14	365.0
2022-08-15	374.0
2022-08-16	395.0
2022-08-17	426.0
2022-08-18	454.0
2022-08-19	465.0
2022-08-20	477.0
2022-08-21	481.0
2022-08-22	501.0
2022-08-23	517.0
2022-08-24	528.0
2022-08-25	533.0
2022-08-26	559.0
2022-08-27	581.0
2022-08-28	586.0
2022-08-29	599.0
2022-08-30	607.0
2022-08-31	604.0
2022-09-01	600.0
2022-09-02	561.0
2022-09-03	515.0
2022-09-04	492.0
2022-09-05	449.0
2022-09-06	415.0
2022-09-07	394.0
2022-09-08	376.0
2022-09-09	365.0
2022-09-10	382.0
2022-09-11	403.0
2022-09-12	410.0
2022-09-13	407.0
2022-09-14	406.0
2022-09-15	395.0
2022-09-16	375.0
2022-09-17	327.0
2022-09-18	282.0
2022-09-19	261.0
2022-09-20	257.0
2022-09-21	246.0
2022-09-22	249.0
2022-09-23	273.0
2022-09-24	313.0
2022-09-25	341.0
2022-09-26	339.0
2022-09-27	331.0
2022-09-28	332.0
2022-09-29	336.0
2022-09-30	329.0
2022-10-01	291.0
2022-10-02	268.0
2022-10-03	262.0
2022-10-04	253.0
2022-10-05	213.0
2022-10-06	168.0
2022-10-07	146.0
2022-10-08	155.0
2022-10-09	159.0
2022-10-10	153.0
2022-10-11	155.0
2022-10-12	180.0
2022-10-13	203.0
2022-10-14	216.0
2022-10-15	218.0
2022-10-16	211.0
2022-10-17	209.0
2022-10-18	198.0
2022-10-19	182.0
2022-10-20	165.0
2022-10-21	151.0
2022-10-22	149.0
2022-10-23	149.0
2022-10-24	139.0
2022-10-25	128.0
2022-10-26	121.0
2022-10-27	119.0
2022-10-28	110.0
2022-10-29	105.0
2022-10-30	108.0
2022-10-31	117.0
2022-11-01	112.0
2022-11-02	105.0
2022-11-03	102.0
2022-11-04	112.0
2022-11-05	117.0
2022-11-06	107.0
2022-11-07	97.0
2022-11-08	101.0
2022-11-09	109.0
2022-11-10	114.0
2022-11-11	106.0
2022-11-12	111.0
2022-11-13	124.0
2022-11-14	136.0
2022-11-15	148.0
2022-11-16	150.0
2022-11-17	145.0
2022-11-18	151.0
2022-11-19	157.0
2022-11-20	166.0
2022-11-21	179.0
2022-11-22	183.0
2022-11-23	188.0
2022-11-24	208.0
2022-11-25	220.0
2022-11-26	226.0
2022-11-27	217.0
2022-11-28	222.0
2022-11-29	246.0
2022-11-30	277.0
2022-12-01	299.0
2022-12-02	311.0
2022-12-03	317.0
2022-12-04	334.0
2022-12-05	342.0
2022-12-06	344.0
2022-12-07	334.0
2022-12-08	333.0
2022-12-09	343.0
2022-12-10	353.0
2022-12-11	362.0
2022-12-12	375.0
2022-12-13	383.0
2022-12-14	400.0
2022-12-15	402.0
2022-12-16	402.0
2022-12-17	389.0
2022-12-18	370.0
2022-12-19	335.0
2022-12-20	298.0
2022-12-21	266.0
2022-12-22	236.0
2022-12-23	204.0
2022-12-24	182.0
2022-12-25	170.0
2022-12-26	148.0
2022-12-27	135.0
2022-12-28	111.0
2022-12-29	85.0
2022-12-30	61.0
2022-12-31	45.0
2023-01-01	31.0
2023-01-02	43.0
2023-01-03	51.0
2023-01-04	53.0
2023-01-05	66.0
2023-01-06	81.0
2023-01-07	94.0
2023-01-08	102.0
2023-01-09	102.0
2023-01-10	99.0
2023-01-11	103.0
2023-01-12	97.0
2023-01-13	90.0
2023-01-14	82.0
2023-01-15	73.0
2023-01-16	73.0
2023-01-17	75.0
2023-01-18	83.0
2023-01-19	94.0
2023-01-20	111.0
2023-01-21	127.0
2023-01-22	147.0
2023-01-23	158.0
2023-01-24	168.0
2023-01-25	173.0
2023-01-26	176.0
2023-01-27	174.0
2023-01-28	174.0
2023-01-29	170.0
2023-01-30	152.0
2023-01-31	140.0
2023-02-01	127.0
2023-02-02	123.0
2023-02-03	113.0
2023-02-04	113.0
2023-02-05	114.0
2023-02-06	128.0
2023-02-07	136.0
2023-02-08	145.0
2023-02-09	144.0
2023-02-10	148.0
2023-02-11	142.0
2023-02-12	143.0
2023-02-13	141.0
2023-02-14	139.0
2023-02-15	138.0
2023-02-16	138.0
2023-02-17	132.0
2023-02-18	130.0
2023-02-19	127.0
2023-02-20	112.0
2023-02-21	108.0
2023-02-22	108.0
2023-02-23	110.0
2023-02-24	115.0
2023-02-25	114.0
2023-02-26	114.0
2023-02-27	127.0
2023-02-28	130.0
2023-03-01	130.0
2023-03-02	129.0
2023-03-03	132.0
2023-03-04	135.0
2023-03-05	136.0
2023-03-06	136.0
2023-03-07	130.0
2023-03-08	130.0
2023-03-09	127.0
2023-03-10	124.0
2023-03-11	123.0
2023-03-12	119.0
2023-03-13	103.0
2023-03-14	98.0
2023-03-15	96.0
2023-03-16	93.0
2023-03-17	90.0
2023-03-18	91.0
2023-03-19	94.0
2023-03-20	106.0
2023-03-21	112.0
2023-03-22	106.0
2023-03-23	101.0
2023-03-24	96.0
2023-03-25	82.0
2023-03-26	76.0
2023-03-27	72.0
2023-03-28	71.0
2023-03-29	76.0
2023-03-30	77.0
2023-03-31	84.0
2023-04-01	90.0
2023-04-02	89.0
2023-04-03	92.0
2023-04-04	95.0
2023-04-05	99.0
2023-04-06	105.0
2023-04-07	106.0
2023-04-08	115.0
2023-04-09	120.0
2023-04-10	110.0
2023-04-11	99.0
2023-04-12	95.0
2023-04-13	92.0
2023-04-14	95.0
2023-04-15	94.0
2023-04-16	95.0
2023-04-17	107.0
2023-04-18	113.0
2023-04-19	111.0
2023-04-20	111.0
2023-04-21	105.0
2023-04-22	102.0
2023-04-23	99.0
2023-04-24	96.0
2023-04-25	95.0
2023-04-26	98.0
2023-04-27	98.0
2023-04-28	101.0
2023-04-29	103.0
2023-04-30	100.0
2023-05-01	98.0
2023-05-02	99.0
2023-05-03	98.0
2023-05-04	96.0
2023-05-05	95.0
2023-05-06	93.0
2023-05-07	93.0
2023-05-08	94.0
2023-05-09	93.0
2023-05-10	93.0
2023-05-11	95.0
2023-05-12	96.0
2023-05-13	94.0
2023-05-14	95.0
2023-05-15	98.0
2023-05-16	95.0
2023-05-17	91.0
2023-05-18	87.0
2023-05-19	85.0
2023-05-20	81.0
2023-05-21	74.0
2023-05-22	72.0
2023-05-23	71.0
2023-05-24	75.0
2023-05-25	74.0
2023-05-26	71.0
2023-05-27	74.0
2023-05-28	73.0
2023-05-29	62.0
2023-05-30	65.0
2023-05-31	60.0
2023-06-01	59.0
2023-06-02	61.0
2023-06-03	60.0
2023-06-04	63.0
2023-06-05	73.0
2023-06-06	74.0
2023-06-07	79.0
2023-06-08	80.0
2023-06-09	81.0
2023-06-10	81.0
2023-06-11	80.0
2023-06-12	80.0
2023-06-13	79.0
2023-06-14	79.0
2023-06-15	85.0
2023-06-16	90.0
2023-06-17	97.0
2023-06-18	105.0
2023-06-19	108.0
2023-06-20	112.0
2023-06-21	115.0
2023-06-22	116.0
2023-06-23	113.0
2023-06-24	110.0
2023-06-25	107.0
2023-06-26	105.0
2023-06-27	102.0
2023-06-28	100.0
2023-06-29	99.0
2023-06-30	100.0
2023-07-01	97.0
2023-07-02	79.0
2023-07-03	73.0
2023-07-04	70.0
2023-07-05	64.0
2023-07-06	63.0
2023-07-07	62.0
2023-07-08	64.0
2023-07-09	84.0
2023-07-10	93.0
2023-07-11	96.0
2023-07-12	98.0
2023-07-13	97.0
2023-07-14	96.0
2023-07-15	89.0
2023-07-16	79.0
2023-07-17	74.0
2023-07-18	74.0
2023-07-19	75.0
2023-07-20	75.0
2023-07-21	76.0
2023-07-22	83.0
2023-07-23	85.0
2023-07-24	86.0
2023-07-25	86.0
2023-07-26	85.0
2023-07-27	85.0
2023-07-28	84.0
2023-07-29	84.0
2023-07-30	84.0
2023-07-31	81.0
2023-08-01	78.0
2023-08-02	74.0
2023-08-03	67.0
2023-08-04	67.0
2023-08-05	69.0
2023-08-06	73.0
2023-08-07	66.0
2023-08-08	56.0
2023-08-09	59.0
2023-08-10	67.0
2023-08-11	67.0
2023-08-12	66.0
2023-08-13	67.0
2023-08-14	79.0
2023-08-15	90.0
2023-08-16	94.0
2023-08-17	95.0
2023-08-18	96.0
2023-08-19	97.0
2023-08-20	100.0
2023-08-21	103.0
2023-08-22	107.0
2023-08-23	112.0
2023-08-24	117.0
2023-08-25	118.0
2023-08-26	120.0
2023-08-27	122.0
2023-08-28	121.0
2023-08-29	121.0
2023-08-30	117.0
2023-08-31	111.0
2023-09-01	110.0
2023-09-02	109.0
2023-09-03	107.0
2023-09-04	105.0
2023-09-05	103.0
2023-09-06	101.0
2023-09-07	101.0
2023-09-08	101.0
2023-09-09	100.0
2023-09-10	101.0
2023-09-11	107.0
2023-09-12	111.0
2023-09-13	111.0
2023-09-14	114.0
2023-09-15	114.0
2023-09-16	115.0
2023-09-17	115.0
2023-09-18	107.0
2023-09-19	93.0
2023-09-20	85.0
2023-09-21	82.0
2023-09-22	82.0
2023-09-23	82.0
2023-09-24	80.0
2023-09-25	81.0
2023-09-26	94.0
2023-09-27	105.0
2023-09-28	106.0
2023-09-29	106.0
2023-09-30	105.0
2023-10-01	106.0
2023-10-02	108.0
2023-10-03	93.0
2023-10-04	85.0
2023-10-05	83.0
2023-10-06	78.0
2023-10-07	72.0
2023-10-08	74.0
2023-10-09	74.0
2023-10-10	87.0
2023-10-11	85.0
2023-10-12	88.0
2023-10-13	88.0
2023-10-14	85.0
2023-10-15	78.0
2023-10-16	80.0
2023-10-17	83.0
2023-10-18	89.0
2023-10-19	84.0
2023-10-20	87.0
2023-10-21	91.0
2023-10-22	94.0
2023-10-23	93.0
2023-10-24	91.0
2023-10-25	95.0
2023-10-26	99.0
2023-10-27	104.0
2023-10-28	108.0
2023-10-29	102.0
2023-10-30	97.0
2023-10-31	95.0
2023-11-01	87.0
2023-11-02	78.0
2023-11-03	69.0
2023-11-04	61.0
2023-11-05	62.0
2023-11-06	59.0
2023-11-07	58.0
2023-11-08	62.0
2023-11-09	67.0
2023-11-10	73.0
2023-11-11	83.0
2023-11-12	93.0
2023-11-13	96.0
2023-11-14	91.0
2023-11-15	93.0
2023-11-16	96.0
2023-11-17	100.0
2023-11-18	99.0
2023-11-19	90.0
2023-11-20	92.0
2023-11-21	100.0
2023-11-22	101.0
2023-11-23	93.0
2023-11-24	85.0
2023-11-25	85.0
2023-11-26	97.0
2023-11-27	98.0
2023-11-28	98.0
2023-11-29	102.0
2023-11-30	117.0
2023-12-01	130.0
2023-12-02	133.0
2023-12-03	132.0
2023-12-04	131.0
2023-12-05	130.0
2023-12-06	129.0
2023-12-07	121.0
2023-12-08	114.0
2023-12-09	108.0
2023-12-10	101.0
2023-12-11	97.0
2023-12-12	96.0
2023-12-13	90.0
2023-12-14	89.0
2023-12-15	88.0
2023-12-16	86.0
2023-12-17	86.0
2023-12-18	86.0
2023-12-19	81.0
2023-12-20	77.0
2023-12-21	65.0
2023-12-22	55.0
2023-12-23	49.0
2023-12-24	42.0
2023-12-25	31.0
2023-12-26	22.0
2023-12-27	22.0
2023-12-28	21.0
2023-12-29	18.0
2023-12-30	19.0
2023-12-31	21.0
2024-01-01	23.0
2024-01-02	28.0
2024-01-03	26.0
2024-01-04	36.0
2024-01-05	48.0
2024-01-06	56.0
2024-01-07	67.0
2024-01-08	79.0
2024-01-09	87.0
2024-01-10	96.0
2024-01-11	100.0
2024-01-12	102.0
2024-01-13	100.0
2024-01-14	99.0
2024-01-15	96.0
2024-01-16	95.0
2024-01-17	93.0
2024-01-18	91.0
2024-01-19	87.0
2024-01-20	87.0
2024-01-21	83.0
2024-01-22	78.0
2024-01-23	71.0
2024-01-24	61.0
2024-01-25	59.0
2024-01-26	57.0
2024-01-27	56.0
2024-01-28	57.0
2024-01-29	62.0
2024-01-30	65.0
2024-01-31	71.0
2024-02-01	71.0
2024-02-02	71.0
2024-02-03	66.0
2024-02-04	60.0
2024-02-05	53.0
2024-02-06	49.0
2024-02-07	49.0
2024-02-08	52.0
2024-02-09	53.0
2024-02-10	58.0
2024-02-11	65.0
2024-02-12	70.0
2024-02-13	74.0
2024-02-14	73.0
2024-02-15	70.0
2024-02-16	69.0
2024-02-17	68.0
2024-02-18	67.0
2024-02-19	65.0
2024-02-20	64.0
2024-02-21	62.0
2024-02-22	60.0
2024-02-23	57.0
2024-02-24	56.0
2024-02-25	57.0
2024-02-26	57.0
2024-02-27	59.0
2024-02-28	61.0
2024-02-29	62.0
2024-03-01	66.0
2024-03-02	67.0
2024-03-03	67.0
2024-03-04	69.0
2024-03-05	69.0
2024-03-06	70.0
2024-03-07	72.0
2024-03-08	71.0
2024-03-09	68.0
2024-03-10	65.0
2024-03-11	64.0
2024-03-12	66.0
2024-03-13	64.0
2024-03-14	63.0
2024-03-15	62.0
2024-03-16	63.0
2024-03-17	67.0
2024-03-18	68.0
2024-03-19	67.0
2024-03-20	70.0
2024-03-21	72.0
2024-03-22	74.0
2024-03-23	72.0
2024-03-24	67.0
2024-03-25	67.0
2024-03-26	65.0
2024-03-27	63.0
2024-03-28	59.0
2024-03-29	54.0
2024-03-30	56.0
2024-03-31	61.0
2024-04-01	54.0
2024-04-02	49.0
2024-04-03	51.0
2024-04-04	53.0
2024-04-05	54.0
2024-04-06	50.0
2024-04-07	45.0
2024-04-08	52.0
2024-04-09	56.0
2024-04-10	53.0
2024-04-11	53.0
2024-04-12	55.0
2024-04-13	52.0
2024-04-14	52.0
2024-04-15	50.0
2024-04-16	50.0
2024-04-17	54.0
2024-04-18	59.0
2024-04-19	59.0
2024-04-20	65.0
2024-04-21	71.0
2024-04-22	75.0
2024-04-23	81.0
2024-04-24	80.0
2024-04-25	79.0
2024-04-26	83.0
2024-04-27	84.0
2024-04-28	78.0
2024-04-29	75.0
2024-04-30	71.0
2024-05-01	58.0
2024-05-02	50.0
2024-05-03	49.0
2024-05-04	51.0
2024-05-05	57.0
2024-05-06	59.0
2024-05-07	62.0
2024-05-08	75.0
2024-05-09	78.0
2024-05-10	78.0
2024-05-11	75.0
2024-05-12	67.0
2024-05-13	61.0
2024-05-14	51.0
2024-05-15	44.0
2024-05-16	43.0
2024-05-17	42.0
2024-05-18	42.0
2024-05-19	49.0
2024-05-20	52.0
2024-05-21	59.0
2024-05-22	65.0
2024-05-23	72.0
2024-05-24	76.0
2024-05-25	79.0
2024-05-26	80.0
2024-05-27	86.0
2024-05-28	87.0
2024-05-29	86.0
2024-05-30	87.0
2024-05-31	85.0
2024-06-01	83.0
2024-06-02	78.0
2024-06-03	79.0
2024-06-04	82.0
2024-06-05	82.0
2024-06-06	81.0
2024-06-07	80.0
2024-06-08	78.0
2024-06-09	78.0
2024-06-10	75.0
2024-06-11	68.0
2024-06-12	70.0
2024-06-13	71.0
2024-06-14	70.0
2024-06-15	65.0
2024-06-16	64.0
2024-06-17	64.0
2024-06-18	69.0
2024-06-19	68.0
2024-06-20	68.0
2024-06-21	71.0
2024-06-22	77.0
2024-06-23	81.0
2024-06-24	81.0
2024-06-25	78.0
2024-06-26	81.0
2024-06-27	80.0
2024-06-28	75.0
2024-06-29	78.0
2024-06-30	77.0
2024-07-01	77.0
2024-07-02	79.0
2024-07-03	76.0
2024-07-04	67.0
2024-07-05	64.0
2024-07-06	54.0
2024-07-07	51.0
2024-07-08	51.0
2024-07-09	50.0
2024-07-10	48.0
2024-07-11	57.0
2024-07-12	65.0
2024-07-13	68.0
2024-07-14	69.0
2024-07-15	67.0
2024-07-16	63.0
2024-07-17	63.0
2024-07-18	63.0
2024-07-19	62.0
2024-07-20	67.0
2024-07-21	71.0
2024-07-22	73.0
2024-07-23	77.0
2024-07-24	76.0
2024-07-25	74.0
2024-07-26	75.0
2024-07-27	77.0
2024-07-28	76.0
2024-07-29	73.0
2024-07-30	73.0
2024-07-31	75.0
2024-08-01	77.0
2024-08-02	78.0
2024-08-03	77.0
2024-08-04	79.0
2024-08-05	83.0
2024-08-06	85.0
2024-08-07	87.0
2024-08-08	86.0
2024-08-09	81.0
2024-08-10	77.0
2024-08-11	76.0
2024-08-12	75.0
2024-08-13	77.0
2024-08-14	79.0
2024-08-15	78.0
2024-08-16	85.0
2024-08-17	92.0
2024-08-18	96.0
2024-08-19	99.0
2024-08-20	98.0
2024-08-21	90.0
2024-08-22	86.0
2024-08-23	77.0
2024-08-24	70.0
2024-08-25	61.0
2024-08-26	60.0
2024-08-27	60.0
2024-08-28	66.0
2024-08-29	73.0
2024-08-30	83.0
2024-08-31	87.0
2024-09-01	92.0
2024-09-02	95.0
2024-09-03	104.0
2024-09-04	109.0
2024-09-05	102.0
2024-09-06	97.0
2024-09-07	97.0
2024-09-08	98.0
2024-09-09	96.0
2024-09-10	82.0
2024-09-11	76.0
2024-09-12	82.0
2024-09-13	84.0
2024-09-14	81.0
2024-09-15	80.0
2024-09-16	80.0
2024-09-17	84.0
2024-09-18	83.0
2024-09-19	78.0
2024-09-20	76.0
2024-09-21	78.0
2024-09-22	80.0
2024-09-23	84.0
2024-09-24	84.0
2024-09-25	84.0
2024-09-26	80.0
2024-09-27	72.0
2024-09-28	66.0
2024-09-29	64.0
2024-09-30	51.0
2024-10-01	48.0
2024-10-02	51.0
2024-10-03	53.0
2024-10-04	65.0
2024-10-05	73.0
2024-10-06	72.0
2024-10-07	80.0
2024-10-08	83.0
2024-10-09	81.0
2024-10-10	79.0
2024-10-11	79.0
2024-10-12	75.0
2024-10-13	68.0
2024-10-14	71.0
2024-10-15	72.0
2024-10-16	65.0
2024-10-17	67.0
2024-10-18	68.0
2024-10-19	72.0
2024-10-20	76.0
2024-10-21	73.0
2024-10-22	74.0
2024-10-23	85.0
2024-10-24	89.0
2024-10-25	90.0
2024-10-26	93.0
2024-10-27	101.0
2024-10-28	105.0
2024-10-29	110.0
2024-10-30	112.0
2024-10-31	113.0
2024-11-01	107.0
2024-11-02	108.0
2024-11-03	108.0
2024-11-04	110.0
2024-11-05	114.0
2024-11-06	129.0
2024-11-07	137.0
2024-11-08	142.0
2024-11-09	143.0
2024-11-10	146.0
2024-11-11	146.0
2024-11-12	146.0
2024-11-13	134.0
2024-11-14	129.0
2024-11-15	130.0
2024-11-16	128.0
2024-11-17	120.0
2024-11-18	118.0
2024-11-19	112.0
2024-11-20	107.0
2024-11-21	107.0
2024-11-22	105.0
2024-11-23	103.0
2024-11-24	94.0
2024-11-25	87.0
2024-11-26	85.0
2024-11-27	86.0
2024-11-28	82.0
2024-11-29	85.0
2024-11-30	89.0
2024-12-01	102.0
2024-12-02	110.0
2024-12-03	114.0
2024-12-04	123.0
2024-12-05	124.0
2024-12-06	118.0
2024-12-07	113.0
2024-12-08	114.0
2024-12-09	113.0
2024-12-10	114.0
2024-12-11	126.0
2024-12-12	167.0
2024-12-13	180.0
2024-12-14	184.0
2024-12-15	177.0
2024-12-16	170.0
2024-12-17	160.0
2024-12-18	130.0
2024-12-19	81.0
2024-12-20	67.0
2024-12-21	55.0
2024-12-22	52.0
2024-12-23	53.0
2024-12-24	56.0
2024-12-25	62.0
2024-12-26	71.0
2024-12-27	77.0
2024-12-28	91.0
2024-12-29	103.0
2024-12-30	106.0
2024-12-31	100.0
2025-01-01	86.0
2025-01-02	83.0
2025-01-03	79.0
2025-01-04	79.0
2025-01-05	74.0
2025-01-06	66.0
2025-01-07	66.0
2025-01-08	81.0
2025-01-09	85.0
2025-01-10	88.0
2025-01-11	85.0
2025-01-12	91.0
2025-01-13	105.0
2025-01-14	115.0
2025-01-15	132.0
2025-01-16	136.0
2025-01-17	141.0
2025-01-18	145.0
2025-01-19	148.0
2025-01-20	163.0
2025-01-21	168.0
2025-01-22	160.0
2025-01-23	153.0
2025-01-24	144.0
2025-01-25	139.0
2025-01-26	135.0
2025-01-27	111.0
2025-01-28	102.0
2025-01-29	94.0
2025-01-30	98.0
2025-01-31	107.0
2025-02-01	112.0
2025-02-02	117.0
2025-02-03	131.0
2025-02-04	136.0
2025-02-05	141.0
2025-02-06	143.0
2025-02-07	140.0
2025-02-08	137.0
2025-02-09	135.0
2025-02-10	131.0
2025-02-11	127.0
2025-02-12	129.0
2025-02-13	132.0
2025-02-14	141.0
2025-02-15	144.0
2025-02-16	145.0
2025-02-17	149.0
2025-02-18	151.0
2025-02-19	145.0
2025-02-20	134.0
2025-02-21	121.0
2025-02-22	112.0
2025-02-23	106.0
2025-02-24	97.0
2025-02-25	98.0
2025-02-26	102.0
2025-02-27	106.0
2025-02-28	112.0
2025-03-01	119.0
2025-03-02	119.0
2025-03-03	122.0
2025-03-04	117.0
2025-03-05	109.0
2025-03-06	104.0
2025-03-07	100.0
2025-03-08	95.0
2025-03-09	93.0
2025-03-10	94.0
2025-03-11	97.0
2025-03-12	104.0
2025-03-13	109.0
2025-03-14	111.0
2025-03-15	111.0
2025-03-16	111.0
2025-03-17	109.0
2025-03-18	104.0
2025-03-19	101.0
2025-03-20	98.0
2025-03-21	91.0
2025-03-22	80.0
2025-03-23	78.0
2025-03-24	82.0
2025-03-25	85.0
2025-03-26	87.0
2025-03-27	86.0
2025-03-28	88.0
2025-03-29	98.0
2025-03-30	91.0
2025-03-31	88.0
2025-04-01	85.0
2025-04-02	78.0
2025-04-03	75.0
2025-04-04	75.0
2025-04-05	71.0
2025-04-06	74.0
2025-04-07	73.0
2025-04-08	74.0
2025-04-09	78.0
2025-04-10	79.0
2025-04-11	76.0
2025-04-12	77.0
2025-04-13	77.0
2025-04-14	78.0
2025-04-15	74.0
2025-04-16	73.0
2025-04-17	75.0
2025-04-18	78.0
2025-04-19	79.0
2025-04-20	83.0
2025-04-21	80.0
2025-04-22	86.0
2025-04-23	89.0
2025-04-24	89.0
2025-04-25	89.0
2025-04-26	87.0
2025-04-27	83.0
2025-04-28	82.0
2025-04-29	76.0
2025-04-30	71.0
2025-05-01	64.0
2025-05-02	60.0
2025-05-03	60.0
2025-05-04	60.0
2025-05-05	62.0
2025-05-06	64.0
2025-05-07	68.0
2025-05-08	76.0
2025-05-09	79.0
2025-05-10	78.0
2025-05-11	76.0
2025-05-12	74.0
2025-05-13	72.0
2025-05-14	68.0
2025-05-15	62.0
2025-05-16	61.0
2025-05-17	62.0
2025-05-18	69.0
2025-05-19	72.0
2025-05-20	74.0
2025-05-21	74.0
2025-05-22	74.0
2025-05-23	75.0
2025-05-24	75.0
2025-05-25	69.0
2025-05-26	66.0
2025-05-27	62.0
2025-05-28	64.0
2025-05-29	63.0
2025-05-30	58.0
2025-05-31	60.0
2025-06-01	62.0
2025-06-02	64.0
2025-06-03	65.0
2025-06-04	65.0
2025-06-05	69.0
2025-06-06	69.0
2025-06-07	67.0
2025-06-08	65.0
2025-06-09	57.0
2025-06-10	55.0
2025-06-11	53.0
2025-06-12	50.0
2025-06-13	50.0
2025-06-14	48.0
2025-06-15	54.0
2025-06-16	61.0
2025-06-17	65.0
2025-06-18	66.0
2025-06-19	66.0
2025-06-20	71.0
2025-06-21	75.0
2025-06-22	72.0
2025-06-23	66.0
2025-06-24	60.0
2025-06-25	60.0
2025-06-26	66.0
2025-06-27	65.0
2025-06-28	62.0
2025-06-29	64.0
2025-06-30	73.0
2025-07-01	86.0
2025-07-02	89.0
2025-07-03	88.0
2025-07-04	88.0
2025-07-05	88.0
2025-07-06	91.0
2025-07-07	91.0
2025-07-08	84.0
2025-07-09	82.0
2025-07-10	83.0
2025-07-11	84.0
2025-07-12	87.0
2025-07-13	87.0
2025-07-14	86.0
2025-07-15	86.0
2025-07-16	87.0
2025-07-17	87.0
2025-07-18	89.0
2025-07-19	89.0
2025-07-20	89.0
2025-07-21	89.0
2025-07-22	87.0
2025-07-23	85.0
2025-07-24	86.0
2025-07-25	85.0
2025-07-26	88.0
2025-07-27	90.0
2025-07-28	89.0
2025-07-29	89.0
2025-07-30	88.0
2025-07-31	86.0
2025-08-01	85.0
2025-08-02	82.0
2025-08-03	76.0
2025-08-04	72.0
2025-08-05	66.0
2025-08-06	64.0
2025-08-07	62.0
2025-08-08	60.0
2025-08-09	59.0
2025-08-10	60.0
2025-08-11	63.0
2025-08-12	70.0
2025-08-13	75.0
2025-08-14	80.0
2025-08-15	79.0
2025-08-16	79.0
2025-08-17	82.0
2025-08-18	83.0
2025-08-19	82.0
2025-08-20	81.0
2025-08-21	79.0
2025-08-22	79.0
2025-08-23	80.0
2025-08-24	80.0
2025-08-25	80.0
2025-08-26	82.0
2025-08-27	84.0
2025-08-28	88.0
2025-08-29	91.0
2025-08-30	91.0
2025-08-31	90.0
2025-09-01	92.0
2025-09-02	95.0
2025-09-03	90.0
2025-09-04	86.0
2025-09-05	86.0
2025-09-06	87.0
2025-09-07	85.0
2025-09-08	88.0
2025-09-09	91.0
2025-09-10	100.0
2025-09-11	97.0
2025-09-12	91.0
2025-09-13	89.0
2025-09-14	93.0
2025-09-15	77.0
2025-09-16	59.0
2025-09-17	52.0
2025-09-18	51.0
2025-09-19	57.0
2025-09-20	57.0
2025-09-21	51.0
2025-09-22	64.0
2025-09-23	76.0
2025-09-24	76.0
2025-09-25	78.0
2025-09-26	78.0
2025-09-27	83.0
2025-09-28	91.0
2025-09-29	96.0
2025-09-30	100.0
2025-10-01	106.0
2025-10-02	109.0
2025-10-03	105.0
2025-10-04	91.0
2025-10-05	79.0
2025-10-06	73.0
2025-10-07	73.0
2025-10-08	73.0
2025-10-09	74.0
2025-10-10	78.0
2025-10-11	91.0
2025-10-12	103.0
2025-10-13	111.0
2025-10-14	113.0
2025-10-15	117.0
2025-10-16	117.0
2025-10-17	118.0
