country_region_code,country_region,sub_region_1,sub_region_2,metro_area,iso_3166_2_code,census_fips_code,place_id,date,retail_and_recreation_percent_change_from_baseline,grocery_and_pharmacy_percent_change_from_baseline,parks_percent_change_from_baseline,transit_stations_percent_change_from_baseline,workplaces_percent_change_from_baseline,residential_percent_change_from_baseline
CR,Costa Rica,,,,,,ChIJJcmsIWLlko8RK5qBNSX3VGI,2021-01-01,-63,-41,-47,-71,-75,20
CR,Costa Rica,,,,,,ChIJJcmsIWLlko8RK5qBNSX3VGI,2021-01-02,-42,-19,-39,-46,-35,12
CR,Costa Rica,,,,,,ChIJJcmsIWLlko8RK5qBNSX3VGI,2021-01-03,-40,-19,-40,-37,-14,9
CR,Costa Rica,,,,,,ChIJJcmsIWLlko8RK5qBNSX3VGI,2021-01-04,-27,-9,-37,-34,-28,11
CR,Costa Rica,,,,,,ChIJJcmsIWLlko8RK5qBNSX3VGI,2021-01-05,-28,-9,-38,-36,-29,11
CR,Costa Rica,,,,,,ChIJJcmsIWLlko8RK5qBNSX3VGI,2021-01-06,-31,-13,-40,-38,-27,12
CR,Costa Rica,,,,,,ChIJJcmsIWLlko8RK5qBNSX3VGI,2021-01-07,-30,-13,-41,-38,-27,12
CR,Costa Rica,,,,,,ChIJJcmsIWLlko8RK5qBNSX3VGI,2021-01-08,-30,-13,-41,-38,-25,11
CR,Costa Rica,,,,,,ChIJJcmsIWLlko8RK5qBNSX3VGI,2021-01-09,-37,-18,-45,-38,-12,11
CR,Costa Rica,,,,,,ChIJJcmsIWLlko8RK5qBNSX3VGI,2021-01-10,-42,-20,-47,-40,-11,10
CR,Costa Rica,,,,,,ChIJJcmsIWLlko8RK5qBNSX3VGI,2021-01-11,-29,-14,-43,-37,-26,10
CR,Costa Rica,,,,,,ChIJJcmsIWLlko8RK5qBNSX3VGI,2021-01-12,-31,-16,-44,-39,-28,10
CR,Costa Rica,,,,,,ChIJJcmsIWLlko8RK5qBNSX3VGI,2021-01-13,-33,-19,-44,-41,-29,9
CR,Costa Rica,,,,,,ChIJJcmsIWLlko8RK5qBNSX3VGI,2021-01-14,-31,-17,-45,-42,-30,9
CR,Costa Rica,,,,,,ChIJJcmsIWLlko8RK5qBNSX3VGI,2021-01-15,-29,-13,-43,-41,-28,7
CR,Costa Rica,,,,,,ChIJJcmsIWLlko8RK5qBNSX3VGI,2021-01-16,-35,-16,-45,-39,-17,7
CR,Costa Rica,,,,,,ChIJJcmsIWLlko8RK5qBNSX3VGI,2021-01-17,-38,-17,-42,-38,-14,6
CR,Costa Rica,,,,,,ChIJJcmsIWLlko8RK5qBNSX3VGI,2021-01-18,-27,-13,-41,-38,-29,7
CR,Costa Rica,,,,,,ChIJJcmsIWLlko8RK5qBNSX3VGI,2021-01-19,-29,-15,-42,-40,-30,8
CR,Costa Rica,,,,,,ChIJJcmsIWLlko8RK5qBNSX3VGI,2021-01-20,-32,-18,-44,-41,-30,9
CR,Costa Rica,,,,,,ChIJJcmsIWLlko8RK5qBNSX3VGI,2021-01-21,-30,-17,-45,-41,-30,10
CR,Costa Rica,,,,,,ChIJJcmsIWLlko8RK5qBNSX3VGI,2021-01-22,-28,-14,-42,-39,-27,9
CR,Costa Rica,,,,,,ChIJJcmsIWLlko8RK5qBNSX3VGI,2021-01-23,-34,-17,-42,-38,-15,8
CR,Costa Rica,,,,,,ChIJJcmsIWLlko8RK5qBNSX3VGI,2021-01-24,-38,-17,-40,-39,-13,6
CR,Costa Rica,,,,,,ChIJJcmsIWLlko8RK5qBNSX3VGI,2021-01-25,-27,-15,-41,-37,-28,8
CR,Costa Rica,,,,,,ChIJJcmsIWLlko8RK5qBNSX3VGI,2021-01-26,-29,-16,-42,-39,-28,8
CR,Costa Rica,,,,,,ChIJJcmsIWLlko8RK5qBNSX3VGI,2021-01-27,-31,-17,-42,-40,-28,9
CR,Costa Rica,,,,,,ChIJJcmsIWLlko8RK5qBNSX3VGI,2021-01-28,-30,-16,-43,-40,-28,9
CR,Costa Rica,,,,,,ChIJJcmsIWLlko8RK5qBNSX3VGI,2021-01-29,-25,-9,-39,-38,-25,6
CR,Costa Rica,,,,,,ChIJJcmsIWLlko8RK5qBNSX3VGI,2021-01-30,-29,-8,-38,-35,-13,4
CR,Costa Rica,,,,,,ChIJJcmsIWLlko8RK5qBNSX3VGI,2021-01-31,-34,-9,-36,-35,-10,3
CR,Costa Rica,,,,,,ChIJJcmsIWLlko8RK5qBNSX3VGI,2021-02-01,-22,-5,-37,-33,-25,4
CR,Costa Rica,,,,,,ChIJJcmsIWLlko8RK5qBNSX3VGI,2021-02-02,-26,-10,-42,-36,-27,6
CR,Costa Rica,,,,,,ChIJJcmsIWLlko8RK5qBNSX3VGI,2021-02-03,-29,-14,-45,-39,-26,7
CR,Costa Rica,,,,,,ChIJJcmsIWLlko8RK5qBNSX3VGI,2021-02-04,-29,-15,-46,-40,-26,8
CR,Costa Rica,,,,,,ChIJJcmsIWLlko8RK5qBNSX3VGI,2021-02-05,-26,-11,-42,-38,-23,6
CR,Costa Rica,,,,,,ChIJJcmsIWLlko8RK5qBNSX3VGI,2021-02-06,-32,-15,-41,-39,-13,6
CR,Costa Rica,,,,,,ChIJJcmsIWLlko8RK5qBNSX3VGI,2021-02-07,-37,-18,-42,-41,-11,6
CR,Costa Rica,,,,,,ChIJJcmsIWLlko8RK5qBNSX3VGI,2021-02-08,-24,-10,-40,-36,-24,5
CR,Costa Rica,,,,,,ChIJJcmsIWLlko8RK5qBNSX3VGI,2021-02-09,-27,-13,-43,-38,-24,6
CR,Costa Rica,,,,,,ChIJJcmsIWLlko8RK5qBNSX3VGI,2021-02-10,-29,-15,-43,-39,-23,7
CR,Costa Rica,,,,,,ChIJJcmsIWLlko8RK5qBNSX3VGI,2021-02-11,-28,-13,-44,-39,-24,6
CR,Costa Rica,,,,,,ChIJJcmsIWLlko8RK5qBNSX3VGI,2021-02-12,-23,-6,-40,-37,-22,3
CR,Costa Rica,,,,,,ChIJJcmsIWLlko8RK5qBNSX3VGI,2021-02-13,-26,-6,-37,-36,-13,3
CR,Costa Rica,,,,,,ChIJJcmsIWLlko8RK5qBNSX3VGI,2021-02-14,-25,-7,-35,-35,-9,2
CR,Costa Rica,,,,,,ChIJJcmsIWLlko8RK5qBNSX3VGI,2021-02-15,-21,-2,-38,-34,-23,2
CR,Costa Rica,,,,,,ChIJJcmsIWLlko8RK5qBNSX3VGI,2021-02-16,-24,-4,-40,-35,-24,3
CR,Costa Rica,,,,,,ChIJJcmsIWLlko8RK5qBNSX3VGI,2021-02-17,-27,-8,-40,-35,-22,4
CR,Costa Rica,,,,,,ChIJJcmsIWLlko8RK5qBNSX3VGI,2021-02-18,-27,-10,-43,-36,-23,5
CR,Costa Rica,,,,,,ChIJJcmsIWLlko8RK5qBNSX3VGI,2021-02-19,-25,-7,-41,-36,-21,4
CR,Costa Rica,,,,,,ChIJJcmsIWLlko8RK5qBNSX3VGI,2021-02-20,-29,-10,-39,-37,-14,4
CR,Costa Rica,,,,,,ChIJJcmsIWLlko8RK5qBNSX3VGI,2021-02-21,-34,-12,-38,-38,-12,3
CR,Costa Rica,,,,,,ChIJJcmsIWLlko8RK5qBNSX3VGI,2021-02-22,-24,-7,-40,-34,-22,3
CR,Costa Rica,,,,,,ChIJJcmsIWLlko8RK5qBNSX3VGI,2021-02-23,-27,-10,-41,-36,-22,4
CR,Costa Rica,,,,,,ChIJJcmsIWLlko8RK5qBNSX3VGI,2021-02-24,-28,-12,-39,-36,-22,4
CR,Costa Rica,,,,,,ChIJJcmsIWLlko8RK5qBNSX3VGI,2021-02-25,-28,-12,-43,-37,-22,5
CR,Costa Rica,,,,,,ChIJJcmsIWLlko8RK5qBNSX3VGI,2021-02-26,-22,-4,-36,-34,-19,3
CR,Costa Rica,,,,,,ChIJJcmsIWLlko8RK5qBNSX3VGI,2021-02-27,-26,-4,-36,-34,-12,3
CR,Costa Rica,,,,,,ChIJJcmsIWLlko8RK5qBNSX3VGI,2021-02-28,-29,-4,-34,-32,-9,2
CR,Costa Rica,,,,,,ChIJJcmsIWLlko8RK5qBNSX3VGI,2021-03-01,-20,0,-36,-30,-20,2
CR,Costa Rica,,,,,,ChIJJcmsIWLlko8RK5qBNSX3VGI,2021-03-02,-23,-3,-38,-33,-21,3
CR,Costa Rica,,,,,,ChIJJcmsIWLlko8RK5qBNSX3VGI,2021-03-03,-26,-7,-39,-34,-21,4
CR,Costa Rica,,,,,,ChIJJcmsIWLlko8RK5qBNSX3VGI,2021-03-04,-27,-10,-41,-35,-22,5
CR,Costa Rica,,,,,,ChIJJcmsIWLlko8RK5qBNSX3VGI,2021-03-05,-24,-7,-38,-35,-19,3
CR,Costa Rica,,,,,,ChIJJcmsIWLlko8RK5qBNSX3VGI,2021-03-06,-24,-5,-34,-35,-12,2
CR,Costa Rica,,,,,,ChIJJcmsIWLlko8RK5qBNSX3VGI,2021-03-07,-28,-8,-32,-35,-12,1
CR,Costa Rica,,,,,,ChIJJcmsIWLlko8RK5qBNSX3VGI,2021-03-08,-25,-9,-40,-33,-21,3
CR,Costa Rica,,,,,,ChIJJcmsIWLlko8RK5qBNSX3VGI,2021-03-09,-27,-10,-41,-35,-22,4
CR,Costa Rica,,,,,,ChIJJcmsIWLlko8RK5qBNSX3VGI,2021-03-10,-29,-12,-40,-35,-20,5
CR,Costa Rica,,,,,,ChIJJcmsIWLlko8RK5qBNSX3VGI,2021-03-11,-27,-11,-41,-35,-21,5
CR,Costa Rica,,,,,,ChIJJcmsIWLlko8RK5qBNSX3VGI,2021-03-12,-23,-5,-39,-34,-18,4
CR,Costa Rica,,,,,,ChIJJcmsIWLlko8RK5qBNSX3VGI,2021-03-13,-23,-2,-35,-34,-11,2
CR,Costa Rica,,,,,,ChIJJcmsIWLlko8RK5qBNSX3VGI,2021-03-14,-27,-5,-33,-34,-9,1
CR,Costa Rica,,,,,,ChIJJcmsIWLlko8RK5qBNSX3VGI,2021-03-15,-21,-1,-37,-31,-18,2
CR,Costa Rica,,,,,,ChIJJcmsIWLlko8RK5qBNSX3VGI,2021-03-16,-23,-1,-38,-32,-19,3
CR,Costa Rica,,,,,,ChIJJcmsIWLlko8RK5qBNSX3VGI,2021-03-17,-26,-7,-40,-33,-18,4
CR,Costa Rica,,,,,,ChIJJcmsIWLlko8RK5qBNSX3VGI,2021-03-18,-26,-7,-42,-33,-18,5
CR,Costa Rica,,,,,,ChIJJcmsIWLlko8RK5qBNSX3VGI,2021-03-19,-25,-6,-42,-32,-17,4
CR,Costa Rica,,,,,,ChIJJcmsIWLlko8RK5qBNSX3VGI,2021-03-20,-23,-3,-36,-32,-11,2
CR,Costa Rica,,,,,,ChIJJcmsIWLlko8RK5qBNSX3VGI,2021-03-21,-29,-7,-37,-32,-10,2
CR,Costa Rica,,,,,,ChIJJcmsIWLlko8RK5qBNSX3VGI,2021-03-22,-25,-6,-40,-31,-17,3
CR,Costa Rica,,,,,,ChIJJcmsIWLlko8RK5qBNSX3VGI,2021-03-23,-27,-9,-43,-32,-18,4
CR,Costa Rica,,,,,,ChIJJcmsIWLlko8RK5qBNSX3VGI,2021-03-24,-27,-9,-40,-32,-18,4
CR,Costa Rica,,,,,,ChIJJcmsIWLlko8RK5qBNSX3VGI,2021-03-25,-24,-7,-40,-32,-18,4
CR,Costa Rica,,,,,,ChIJJcmsIWLlko8RK5qBNSX3VGI,2021-03-26,-21,-3,-38,-29,-16,3
CR,Costa Rica,,,,,,ChIJJcmsIWLlko8RK5qBNSX3VGI,2021-03-27,-20,1,-33,-28,-8,1
CR,Costa Rica,,,,,,ChIJJcmsIWLlko8RK5qBNSX3VGI,2021-03-28,-25,-1,-29,-28,-4,0
CR,Costa Rica,,,,,,ChIJJcmsIWLlko8RK5qBNSX3VGI,2021-03-29,-18,2,-32,-32,-33,4
CR,Costa Rica,,,,,,ChIJJcmsIWLlko8RK5qBNSX3VGI,2021-03-30,-17,8,-30,-32,-34,4
CR,Costa Rica,,,,,,ChIJJcmsIWLlko8RK5qBNSX3VGI,2021-03-31,-14,19,-24,-25,-39,2
CR,Costa Rica,,,,,,ChIJJcmsIWLlko8RK5qBNSX3VGI,2021-04-01,-43,-4,-31,-55,-72,12
CR,Costa Rica,,,,,,ChIJJcmsIWLlko8RK5qBNSX3VGI,2021-04-02,-57,-30,-38,-71,-75,18
CR,Costa Rica,,,,,,ChIJJcmsIWLlko8RK5qBNSX3VGI,2021-04-03,-36,-14,-35,-43,-38,4
CR,Costa Rica,,,,,,ChIJJcmsIWLlko8RK5qBNSX3VGI,2021-04-04,-34,-12,-39,-30,-14,2
CR,Costa Rica,,,,,,ChIJJcmsIWLlko8RK5qBNSX3VGI,2021-04-05,-20,1,-36,-26,-17,2
CR,Costa Rica,,,,,,ChIJJcmsIWLlko8RK5qBNSX3VGI,2021-04-06,-24,-4,-39,-31,-18,4
CR,Costa Rica,,,,,,ChIJJcmsIWLlko8RK5qBNSX3VGI,2021-04-07,-27,-7,-40,-32,-18,4
CR,Costa Rica,,,,,,ChIJJcmsIWLlko8RK5qBNSX3VGI,2021-04-08,-30,-14,-50,-36,-19,6
CR,Costa Rica,,,,,,ChIJJcmsIWLlko8RK5qBNSX3VGI,2021-04-09,-26,-8,-47,-33,-16,5
CR,Costa Rica,,,,,,ChIJJcmsIWLlko8RK5qBNSX3VGI,2021-04-10,-25,-6,-43,-35,-10,3
CR,Costa Rica,,,,,,ChIJJcmsIWLlko8RK5qBNSX3VGI,2021-04-11,-30,-8,-41,-35,-11,4
CR,Costa Rica,,,,,,ChIJJcmsIWLlko8RK5qBNSX3VGI,2021-04-12,-26,-8,-45,-33,-17,4
CR,Costa Rica,,,,,,ChIJJcmsIWLlko8RK5qBNSX3VGI,2021-04-13,-26,-7,-44,-33,-18,4
CR,Costa Rica,,,,,,ChIJJcmsIWLlko8RK5qBNSX3VGI,2021-04-14,-29,-11,-50,-34,-19,5
CR,Costa Rica,,,,,,ChIJJcmsIWLlko8RK5qBNSX3VGI,2021-04-15,-25,-6,-51,-34,-18,6
CR,Costa Rica,,,,,,ChIJJcmsIWLlko8RK5qBNSX3VGI,2021-04-16,-22,-3,-47,-31,-15,4
CR,Costa Rica,,,,,,ChIJJcmsIWLlko8RK5qBNSX3VGI,2021-04-17,-29,-8,-50,-34,-12,6
CR,Costa Rica,,,,,,ChIJJcmsIWLlko8RK5qBNSX3VGI,2021-04-18,-34,-10,-50,-32,-11,6
CR,Costa Rica,,,,,,ChIJJcmsIWLlko8RK5qBNSX3VGI,2021-04-19,-22,-3,-46,-28,-16,4
CR,Costa Rica,,,,,,ChIJJcmsIWLlko8RK5qBNSX3VGI,2021-04-20,-23,-3,-45,-31,-17,5
CR,Costa Rica,,,,,,ChIJJcmsIWLlko8RK5qBNSX3VGI,2021-04-21,-26,-8,-45,-33,-18,5
CR,Costa Rica,,,,,,ChIJJcmsIWLlko8RK5qBNSX3VGI,2021-04-22,-24,-7,-45,-34,-17,6
CR,Costa Rica,,,,,,ChIJJcmsIWLlko8RK5qBNSX3VGI,2021-04-23,-22,-4,-42,-32,-15,5
CR,Costa Rica,,,,,,ChIJJcmsIWLlko8RK5qBNSX3VGI,2021-04-24,-29,-9,-44,-34,-11,6
CR,Costa Rica,,,,,,ChIJJcmsIWLlko8RK5qBNSX3VGI,2021-04-25,-36,-13,-46,-35,-11,7
CR,Costa Rica,,,,,,ChIJJcmsIWLlko8RK5qBNSX3VGI,2021-04-26,-23,-4,-42,-31,-17,5
CR,Costa Rica,,,,,,ChIJJcmsIWLlko8RK5qBNSX3VGI,2021-04-27,-27,-7,-46,-34,-19,6
CR,Costa Rica,,,,,,ChIJJcmsIWLlko8RK5qBNSX3VGI,2021-04-28,-28,-7,-47,-34,-19,7
CR,Costa Rica,,,,,,ChIJJcmsIWLlko8RK5qBNSX3VGI,2021-04-29,-29,-7,-51,-35,-20,8
CR,Costa Rica,,,,,,ChIJJcmsIWLlko8RK5qBNSX3VGI,2021-04-30,-23,2,-44,-31,-18,6
CR,Costa Rica,,,,,,ChIJJcmsIWLlko8RK5qBNSX3VGI,2021-05-01,-29,0,-45,-32,-14,7
CR,Costa Rica,,,,,,ChIJJcmsIWLlko8RK5qBNSX3VGI,2021-05-02,-41,-14,-53,-41,-15,9
CR,Costa Rica,,,,,,ChIJJcmsIWLlko8RK5qBNSX3VGI,2021-05-03,-41,-5,-49,-54,-64,16
CR,Costa Rica,,,,,,ChIJJcmsIWLlko8RK5qBNSX3VGI,2021-05-04,-38,-8,-53,-36,-25,8
CR,Costa Rica,,,,,,ChIJJcmsIWLlko8RK5qBNSX3VGI,2021-05-05,-39,-8,-51,-39,-26,9
CR,Costa Rica,,,,,,ChIJJcmsIWLlko8RK5qBNSX3VGI,2021-05-06,-39,-11,-53,-39,-26,11
CR,Costa Rica,,,,,,ChIJJcmsIWLlko8RK5qBNSX3VGI,2021-05-07,-40,-9,-52,-40,-24,10
CR,Costa Rica,,,,,,ChIJJcmsIWLlko8RK5qBNSX3VGI,2021-05-08,-46,-13,-53,-45,-21,11
CR,Costa Rica,,,,,,ChIJJcmsIWLlko8RK5qBNSX3VGI,2021-05-09,-53,-16,-53,-46,-23,11
CR,Costa Rica,,,,,,ChIJJcmsIWLlko8RK5qBNSX3VGI,2021-05-10,-27,-6,-48,-34,-20,7
CR,Costa Rica,,,,,,ChIJJcmsIWLlko8RK5qBNSX3VGI,2021-05-11,-31,-10,-50,-35,-21,8
CR,Costa Rica,,,,,,ChIJJcmsIWLlko8RK5qBNSX3VGI,2021-05-12,-31,-9,-50,-35,-22,8
CR,Costa Rica,,,,,,ChIJJcmsIWLlko8RK5qBNSX3VGI,2021-05-13,-32,-11,-52,-37,-23,10
CR,Costa Rica,,,,,,ChIJJcmsIWLlko8RK5qBNSX3VGI,2021-05-14,-26,-1,-47,-33,-20,8
CR,Costa Rica,,,,,,ChIJJcmsIWLlko8RK5qBNSX3VGI,2021-05-15,-28,0,-45,-33,-13,7
CR,Costa Rica,,,,,,ChIJJcmsIWLlko8RK5qBNSX3VGI,2021-05-16,-36,-5,-48,-36,-11,8
CR,Costa Rica,,,,,,ChIJJcmsIWLlko8RK5qBNSX3VGI,2021-05-17,-24,1,-45,-30,-19,6
CR,Costa Rica,,,,,,ChIJJcmsIWLlko8RK5qBNSX3VGI,2021-05-18,-27,-3,-46,-32,-20,7
CR,Costa Rica,,,,,,ChIJJcmsIWLlko8RK5qBNSX3VGI,2021-05-19,-33,-8,-49,-36,-21,9
CR,Costa Rica,,,,,,ChIJJcmsIWLlko8RK5qBNSX3VGI,2021-05-20,-32,-9,-49,-35,-22,10
CR,Costa Rica,,,,,,ChIJJcmsIWLlko8RK5qBNSX3VGI,2021-05-21,-31,-6,-47,-32,-18,9
CR,Costa Rica,,,,,,ChIJJcmsIWLlko8RK5qBNSX3VGI,2021-05-22,-32,-6,-47,-32,-11,8
CR,Costa Rica,,,,,,ChIJJcmsIWLlko8RK5qBNSX3VGI,2021-05-23,-41,-15,-53,-39,-11,9
CR,Costa Rica,,,,,,ChIJJcmsIWLlko8RK5qBNSX3VGI,2021-05-24,-29,-6,-47,-32,-25,9
CR,Costa Rica,,,,,,ChIJJcmsIWLlko8RK5qBNSX3VGI,2021-05-25,-30,-7,-47,-33,-26,9
CR,Costa Rica,,,,,,ChIJJcmsIWLlko8RK5qBNSX3VGI,2021-05-26,-35,-14,-51,-36,-27,10
CR,Costa Rica,,,,,,ChIJJcmsIWLlko8RK5qBNSX3VGI,2021-05-27,-29,-6,-44,-34,-25,10
CR,Costa Rica,,,,,,ChIJJcmsIWLlko8RK5qBNSX3VGI,2021-05-28,-27,-3,-43,-32,-21,9
CR,Costa Rica,,,,,,ChIJJcmsIWLlko8RK5qBNSX3VGI,2021-05-29,-25,3,-37,-28,-8,6
CR,Costa Rica,,,,,,ChIJJcmsIWLlko8RK5qBNSX3VGI,2021-05-30,-29,2,-37,-30,-7,6
CR,Costa Rica,,,,,,ChIJJcmsIWLlko8RK5qBNSX3VGI,2021-05-31,-19,7,-33,-27,-23,6
CR,Costa Rica,,,,,,ChIJJcmsIWLlko8RK5qBNSX3VGI,2021-06-01,-21,6,-34,-27,-24,7
CR,Costa Rica,,,,,,ChIJJcmsIWLlko8RK5qBNSX3VGI,2021-06-02,-25,0,-36,-29,-25,8
CR,Costa Rica,,,,,,ChIJJcmsIWLlko8RK5qBNSX3VGI,2021-06-03,-26,-3,-40,-31,-24,9
CR,Costa Rica,,,,,,ChIJJcmsIWLlko8RK5qBNSX3VGI,2021-06-04,-25,0,-38,-31,-21,8
CR,Costa Rica,,,,,,ChIJJcmsIWLlko8RK5qBNSX3VGI,2021-06-05,-26,-1,-36,-29,-8,6
CR,Costa Rica,,,,,,ChIJJcmsIWLlko8RK5qBNSX3VGI,2021-06-06,-28,-1,-33,-30,-6,5
CR,Costa Rica,,,,,,ChIJJcmsIWLlko8RK5qBNSX3VGI,2021-06-07,-27,-6,-43,-31,-23,8
CR,Costa Rica,,,,,,ChIJJcmsIWLlko8RK5qBNSX3VGI,2021-06-08,-30,-8,-44,-32,-24,8
CR,Costa Rica,,,,,,ChIJJcmsIWLlko8RK5qBNSX3VGI,2021-06-09,-29,-7,-42,-32,-24,8
CR,Costa Rica,,,,,,ChIJJcmsIWLlko8RK5qBNSX3VGI,2021-06-10,-28,-6,-43,-33,-24,9
CR,Costa Rica,,,,,,ChIJJcmsIWLlko8RK5qBNSX3VGI,2021-06-11,-27,-4,-40,-32,-21,8
CR,Costa Rica,,,,,,ChIJJcmsIWLlko8RK5qBNSX3VGI,2021-06-12,-28,-4,-39,-31,-10,5
CR,Costa Rica,,,,,,ChIJJcmsIWLlko8RK5qBNSX3VGI,2021-06-13,-32,-6,-39,-34,-9,5
CR,Costa Rica,,,,,,ChIJJcmsIWLlko8RK5qBNSX3VGI,2021-06-14,-23,-1,-39,-31,-23,6
CR,Costa Rica,,,,,,ChIJJcmsIWLlko8RK5qBNSX3VGI,2021-06-15,-21,5,-36,-29,-23,6
CR,Costa Rica,,,,,,ChIJJcmsIWLlko8RK5qBNSX3VGI,2021-06-16,-22,3,-35,-30,-25,5
CR,Costa Rica,,,,,,ChIJJcmsIWLlko8RK5qBNSX3VGI,2021-06-17,-21,1,-35,-31,-25,6
CR,Costa Rica,,,,,,ChIJJcmsIWLlko8RK5qBNSX3VGI,2021-06-18,-20,4,-34,-29,-22,5
CR,Costa Rica,,,,,,ChIJJcmsIWLlko8RK5qBNSX3VGI,2021-06-19,-25,1,-34,-27,-10,3
CR,Costa Rica,,,,,,ChIJJcmsIWLlko8RK5qBNSX3VGI,2021-06-20,-28,2,-34,-29,-7,3
CR,Costa Rica,,,,,,ChIJJcmsIWLlko8RK5qBNSX3VGI,2021-06-21,-26,-6,-40,-32,-24,6
CR,Costa Rica,,,,,,ChIJJcmsIWLlko8RK5qBNSX3VGI,2021-06-22,-25,-3,-36,-32,-24,6
CR,Costa Rica,,,,,,ChIJJcmsIWLlko8RK5qBNSX3VGI,2021-06-23,-25,-4,-40,-31,-25,6
CR,Costa Rica,,,,,,ChIJJcmsIWLlko8RK5qBNSX3VGI,2021-06-24,-24,-4,-43,-31,-24,7
CR,Costa Rica,,,,,,ChIJJcmsIWLlko8RK5qBNSX3VGI,2021-06-25,-23,-2,-44,-31,-21,6
CR,Costa Rica,,,,,,ChIJJcmsIWLlko8RK5qBNSX3VGI,2021-06-26,-30,-9,-47,-31,-11,6
CR,Costa Rica,,,,,,ChIJJcmsIWLlko8RK5qBNSX3VGI,2021-06-27,-30,-6,-41,-32,-10,5
CR,Costa Rica,,,,,,ChIJJcmsIWLlko8RK5qBNSX3VGI,2021-06-28,-23,-1,-43,-29,-24,4
CR,Costa Rica,,,,,,ChIJJcmsIWLlko8RK5qBNSX3VGI,2021-06-29,-25,-3,-44,-32,-26,5
CR,Costa Rica,,,,,,ChIJJcmsIWLlko8RK5qBNSX3VGI,2021-06-30,-21,4,-42,-28,-25,6
CR,Costa Rica,,,,,,ChIJJcmsIWLlko8RK5qBNSX3VGI,2021-07-01,-18,8,-39,-25,-24,6
CR,Costa Rica,,,,,,ChIJJcmsIWLlko8RK5qBNSX3VGI,2021-07-02,-19,7,-38,-25,-20,6
CR,Costa Rica,,,,,,ChIJJcmsIWLlko8RK5qBNSX3VGI,2021-07-03,-23,2,-38,-25,-9,4
CR,Costa Rica,,,,,,ChIJJcmsIWLlko8RK5qBNSX3VGI,2021-07-04,-27,-2,-37,-28,-9,4
CR,Costa Rica,,,,,,ChIJJcmsIWLlko8RK5qBNSX3VGI,2021-07-05,-20,3,-40,-26,-24,5
CR,Costa Rica,,,,,,ChIJJcmsIWLlko8RK5qBNSX3VGI,2021-07-06,-21,3,-38,-27,-24,6
CR,Costa Rica,,,,,,ChIJJcmsIWLlko8RK5qBNSX3VGI,2021-07-07,-21,0,-38,-27,-25,6
CR,Costa Rica,,,,,,ChIJJcmsIWLlko8RK5qBNSX3VGI,2021-07-08,-21,1,-39,-28,-24,7
CR,Costa Rica,,,,,,ChIJJcmsIWLlko8RK5qBNSX3VGI,2021-07-09,-22,1,-40,-28,-21,7
CR,Costa Rica,,,,,,ChIJJcmsIWLlko8RK5qBNSX3VGI,2021-07-10,-28,-5,-43,-29,-10,5
CR,Costa Rica,,,,,,ChIJJcmsIWLlko8RK5qBNSX3VGI,2021-07-11,-29,-4,-39,-30,-8,5
CR,Costa Rica,,,,,,ChIJJcmsIWLlko8RK5qBNSX3VGI,2021-07-12,-20,4,-38,-26,-18,4
CR,Costa Rica,,,,,,ChIJJcmsIWLlko8RK5qBNSX3VGI,2021-07-13,-21,3,-38,-27,-18,5
CR,Costa Rica,,,,,,ChIJJcmsIWLlko8RK5qBNSX3VGI,2021-07-14,-19,5,-36,-27,-18,5
CR,Costa Rica,,,,,,ChIJJcmsIWLlko8RK5qBNSX3VGI,2021-07-15,-14,11,-33,-25,-17,4
CR,Costa Rica,,,,,,ChIJJcmsIWLlko8RK5qBNSX3VGI,2021-07-16,-14,13,-31,-22,-14,3
CR,Costa Rica,,,,,,ChIJJcmsIWLlko8RK5qBNSX3VGI,2021-07-17,-19,7,-33,-23,-6,3
CR,Costa Rica,,,,,,ChIJJcmsIWLlko8RK5qBNSX3VGI,2021-07-18,-23,5,-32,-26,-5,3
CR,Costa Rica,,,,,,ChIJJcmsIWLlko8RK5qBNSX3VGI,2021-07-19,-14,9,-29,-23,-16,3
CR,Costa Rica,,,,,,ChIJJcmsIWLlko8RK5qBNSX3VGI,2021-07-20,-17,6,-32,-25,-17,4
CR,Costa Rica,,,,,,ChIJJcmsIWLlko8RK5qBNSX3VGI,2021-07-21,-20,3,-35,-26,-17,4
CR,Costa Rica,,,,,,ChIJJcmsIWLlko8RK5qBNSX3VGI,2021-07-22,-26,-7,-45,-29,-17,7
CR,Costa Rica,,,,,,ChIJJcmsIWLlko8RK5qBNSX3VGI,2021-07-23,-27,-4,-46,-34,-17,8
CR,Costa Rica,,,,,,ChIJJcmsIWLlko8RK5qBNSX3VGI,2021-07-24,-28,-3,-43,-33,-9,7
CR,Costa Rica,,,,,,ChIJJcmsIWLlko8RK5qBNSX3VGI,2021-07-25,-29,-2,-36,-34,-5,6
CR,Costa Rica,,,,,,ChIJJcmsIWLlko8RK5qBNSX3VGI,2021-07-26,-23,-3,-42,-45,-58,13
CR,Costa Rica,,,,,,ChIJJcmsIWLlko8RK5qBNSX3VGI,2021-07-27,-21,3,-38,-23,-16,4
CR,Costa Rica,,,,,,ChIJJcmsIWLlko8RK5qBNSX3VGI,2021-07-28,-17,8,-33,-24,-16,4
CR,Costa Rica,,,,,,ChIJJcmsIWLlko8RK5qBNSX3VGI,2021-07-29,-17,5,-35,-26,-16,5
CR,Costa Rica,,,,,,ChIJJcmsIWLlko8RK5qBNSX3VGI,2021-07-30,-10,16,-28,-20,-12,3
CR,Costa Rica,,,,,,ChIJJcmsIWLlko8RK5qBNSX3VGI,2021-07-31,-15,13,-27,-19,-3,2
CR,Costa Rica,,,,,,ChIJJcmsIWLlko8RK5qBNSX3VGI,2021-08-01,-22,7,-31,-27,-4,4
CR,Costa Rica,,,,,,ChIJJcmsIWLlko8RK5qBNSX3VGI,2021-08-02,-17,6,-36,-40,-51,10
CR,Costa Rica,,,,,,ChIJJcmsIWLlko8RK5qBNSX3VGI,2021-08-03,-16,10,-35,-20,-15,3
CR,Costa Rica,,,,,,ChIJJcmsIWLlko8RK5qBNSX3VGI,2021-08-04,-17,8,-32,-23,-15,3
CR,Costa Rica,,,,,,ChIJJcmsIWLlko8RK5qBNSX3VGI,2021-08-05,-18,4,-35,-25,-15,5
CR,Costa Rica,,,,,,ChIJJcmsIWLlko8RK5qBNSX3VGI,2021-08-06,-17,5,-34,-26,-12,4
CR,Costa Rica,,,,,,ChIJJcmsIWLlko8RK5qBNSX3VGI,2021-08-07,-23,0,-38,-27,-4,5
CR,Costa Rica,,,,,,ChIJJcmsIWLlko8RK5qBNSX3VGI,2021-08-08,-24,1,-34,-29,-2,5
CR,Costa Rica,,,,,,ChIJJcmsIWLlko8RK5qBNSX3VGI,2021-08-09,-13,10,-29,-23,-13,3
CR,Costa Rica,,,,,,ChIJJcmsIWLlko8RK5qBNSX3VGI,2021-08-10,-17,5,-34,-25,-14,4
CR,Costa Rica,,,,,,ChIJJcmsIWLlko8RK5qBNSX3VGI,2021-08-11,-20,-1,-39,-26,-15,5
CR,Costa Rica,,,,,,ChIJJcmsIWLlko8RK5qBNSX3VGI,2021-08-12,-18,1,-39,-26,-14,5
CR,Costa Rica,,,,,,ChIJJcmsIWLlko8RK5qBNSX3VGI,2021-08-13,-7,17,-28,-20,-10,2
CR,Costa Rica,,,,,,ChIJJcmsIWLlko8RK5qBNSX3VGI,2021-08-14,-10,16,-29,-16,-3,1
CR,Costa Rica,,,,,,ChIJJcmsIWLlko8RK5qBNSX3VGI,2021-08-15,-13,17,-31,-22,2,1
CR,Costa Rica,,,,,,ChIJJcmsIWLlko8RK5qBNSX3VGI,2021-08-16,-11,15,-31,-21,-15,3
CR,Costa Rica,,,,,,ChIJJcmsIWLlko8RK5qBNSX3VGI,2021-08-17,-17,7,-35,-23,-14,4
CR,Costa Rica,,,,,,ChIJJcmsIWLlko8RK5qBNSX3VGI,2021-08-18,-19,3,-38,-25,-12,5
CR,Costa Rica,,,,,,ChIJJcmsIWLlko8RK5qBNSX3VGI,2021-08-19,-20,0,-40,-27,-12,6
CR,Costa Rica,,,,,,ChIJJcmsIWLlko8RK5qBNSX3VGI,2021-08-20,-17,6,-37,-25,-10,4
CR,Costa Rica,,,,,,ChIJJcmsIWLlko8RK5qBNSX3VGI,2021-08-21,-24,-2,-40,-27,-5,5
CR,Costa Rica,,,,,,ChIJJcmsIWLlko8RK5qBNSX3VGI,2021-08-22,-25,1,-36,-29,-4,5
CR,Costa Rica,,,,,,ChIJJcmsIWLlko8RK5qBNSX3VGI,2021-08-23,-18,4,-37,-25,-12,4
CR,Costa Rica,,,,,,ChIJJcmsIWLlko8RK5qBNSX3VGI,2021-08-24,-18,5,-36,-26,-13,4
CR,Costa Rica,,,,,,ChIJJcmsIWLlko8RK5qBNSX3VGI,2021-08-25,-23,-2,-42,-28,-14,6
CR,Costa Rica,,,,,,ChIJJcmsIWLlko8RK5qBNSX3VGI,2021-08-26,-19,2,-39,-28,-13,6
CR,Costa Rica,,,,,,ChIJJcmsIWLlko8RK5qBNSX3VGI,2021-08-27,-14,10,-33,-26,-10,4
CR,Costa Rica,,,,,,ChIJJcmsIWLlko8RK5qBNSX3VGI,2021-08-28,-17,9,-31,-26,-3,4
CR,Costa Rica,,,,,,ChIJJcmsIWLlko8RK5qBNSX3VGI,2021-08-29,-22,4,-33,-29,-2,5
CR,Costa Rica,,,,,,ChIJJcmsIWLlko8RK5qBNSX3VGI,2021-08-30,-15,8,-36,-25,-13,4
CR,Costa Rica,,,,,,ChIJJcmsIWLlko8RK5qBNSX3VGI,2021-08-31,-12,15,-33,-23,-12,3
CR,Costa Rica,,,,,,ChIJJcmsIWLlko8RK5qBNSX3VGI,2021-09-01,-11,16,-28,-22,-13,3
CR,Costa Rica,,,,,,ChIJJcmsIWLlko8RK5qBNSX3VGI,2021-09-02,-15,9,-35,-26,-12,5
CR,Costa Rica,,,,,,ChIJJcmsIWLlko8RK5qBNSX3VGI,2021-09-03,-13,11,-31,-24,-9,4
CR,Costa Rica,,,,,,ChIJJcmsIWLlko8RK5qBNSX3VGI,2021-09-04,-12,11,-29,-25,-4,3
CR,Costa Rica,,,,,,ChIJJcmsIWLlko8RK5qBNSX3VGI,2021-09-05,-19,7,-29,-27,-3,2
CR,Costa Rica,,,,,,ChIJJcmsIWLlko8RK5qBNSX3VGI,2021-09-06,-16,6,-36,-25,-10,3
CR,Costa Rica,,,,,,ChIJJcmsIWLlko8RK5qBNSX3VGI,2021-09-07,-18,3,-38,-26,-11,4
CR,Costa Rica,,,,,,ChIJJcmsIWLlko8RK5qBNSX3VGI,2021-09-08,-17,5,-36,-26,-11,4
CR,Costa Rica,,,,,,ChIJJcmsIWLlko8RK5qBNSX3VGI,2021-09-09,-14,3,-36,-27,-10,4
CR,Costa Rica,,,,,,ChIJJcmsIWLlko8RK5qBNSX3VGI,2021-09-10,-15,8,-33,-25,-8,4
CR,Costa Rica,,,,,,ChIJJcmsIWLlko8RK5qBNSX3VGI,2021-09-11,-15,9,-29,-26,-5,3
CR,Costa Rica,,,,,,ChIJJcmsIWLlko8RK5qBNSX3VGI,2021-09-12,-22,2,-29,-33,-5,3
CR,Costa Rica,,,,,,ChIJJcmsIWLlko8RK5qBNSX3VGI,2021-09-13,-20,0,-37,-45,-59,12
CR,Costa Rica,,,,,,ChIJJcmsIWLlko8RK5qBNSX3VGI,2021-09-14,-15,9,-31,-23,-11,2
CR,Costa Rica,,,,,,ChIJJcmsIWLlko8RK5qBNSX3VGI,2021-09-15,-15,9,-32,-26,-11,4
CR,Costa Rica,,,,,,ChIJJcmsIWLlko8RK5qBNSX3VGI,2021-09-16,-14,12,-32,-26,-12,4
CR,Costa Rica,,,,,,ChIJJcmsIWLlko8RK5qBNSX3VGI,2021-09-17,-12,12,-31,-24,-9,4
CR,Costa Rica,,,,,,ChIJJcmsIWLlko8RK5qBNSX3VGI,2021-09-18,-18,7,-31,-24,-4,4
CR,Costa Rica,,,,,,ChIJJcmsIWLlko8RK5qBNSX3VGI,2021-09-19,-21,6,-29,-25,-4,4
CR,Costa Rica,,,,,,ChIJJcmsIWLlko8RK5qBNSX3VGI,2021-09-20,-13,10,-30,-23,-10,3
CR,Costa Rica,,,,,,ChIJJcmsIWLlko8RK5qBNSX3VGI,2021-09-21,-17,7,-33,-26,-10,4
CR,Costa Rica,,,,,,ChIJJcmsIWLlko8RK5qBNSX3VGI,2021-09-22,-19,2,-35,-27,-9,5
CR,Costa Rica,,,,,,ChIJJcmsIWLlko8RK5qBNSX3VGI,2021-09-23,-21,-1,-40,-29,-9,6
CR,Costa Rica,,,,,,ChIJJcmsIWLlko8RK5qBNSX3VGI,2021-09-24,-18,5,-36,-27,-9,5
CR,Costa Rica,,,,,,ChIJJcmsIWLlko8RK5qBNSX3VGI,2021-09-25,-19,6,-31,-26,-2,4
CR,Costa Rica,,,,,,ChIJJcmsIWLlko8RK5qBNSX3VGI,2021-09-26,-25,1,-34,-30,-3,5
CR,Costa Rica,,,,,,ChIJJcmsIWLlko8RK5qBNSX3VGI,2021-09-27,-17,4,-36,-27,-8,4
CR,Costa Rica,,,,,,ChIJJcmsIWLlko8RK5qBNSX3VGI,2021-09-28,-17,7,-36,-27,-9,4
CR,Costa Rica,,,,,,ChIJJcmsIWLlko8RK5qBNSX3VGI,2021-09-29,-16,8,-33,-26,-9,4
CR,Costa Rica,,,,,,ChIJJcmsIWLlko8RK5qBNSX3VGI,2021-09-30,-12,14,-33,-24,-8,4
CR,Costa Rica,,,,,,ChIJJcmsIWLlko8RK5qBNSX3VGI,2021-10-01,-8,21,-27,-20,-5,3
CR,Costa Rica,,,,,,ChIJJcmsIWLlko8RK5qBNSX3VGI,2021-10-02,-11,16,-25,-19,-2,2
CR,Costa Rica,,,,,,ChIJJcmsIWLlko8RK5qBNSX3VGI,2021-10-03,-17,13,-25,-23,-1,3
CR,Costa Rica,,,,,,ChIJJcmsIWLlko8RK5qBNSX3VGI,2021-10-04,-14,10,-33,-23,-7,3
CR,Costa Rica,,,,,,ChIJJcmsIWLlko8RK5qBNSX3VGI,2021-10-05,-16,8,-34,-25,-8,3
CR,Costa Rica,,,,,,ChIJJcmsIWLlko8RK5qBNSX3VGI,2021-10-06,-17,5,-34,-25,-8,4
CR,Costa Rica,,,,,,ChIJJcmsIWLlko8RK5qBNSX3VGI,2021-10-07,-17,3,-37,-26,-7,5
CR,Costa Rica,,,,,,ChIJJcmsIWLlko8RK5qBNSX3VGI,2021-10-08,-12,10,-30,-23,-4,4
CR,Costa Rica,,,,,,ChIJJcmsIWLlko8RK5qBNSX3VGI,2021-10-09,-16,6,-30,-25,-2,4
CR,Costa Rica,,,,,,ChIJJcmsIWLlko8RK5qBNSX3VGI,2021-10-10,-21,5,-30,-27,-2,4
CR,Costa Rica,,,,,,ChIJJcmsIWLlko8RK5qBNSX3VGI,2021-10-11,-15,5,-33,-24,-6,3
CR,Costa Rica,,,,,,ChIJJcmsIWLlko8RK5qBNSX3VGI,2021-10-12,-15,7,-31,-24,-6,3
CR,Costa Rica,,,,,,ChIJJcmsIWLlko8RK5qBNSX3VGI,2021-10-13,-18,1,-34,-25,-8,4
CR,Costa Rica,,,,,,ChIJJcmsIWLlko8RK5qBNSX3VGI,2021-10-14,-11,11,-30,-24,-6,4
CR,Costa Rica,,,,,,ChIJJcmsIWLlko8RK5qBNSX3VGI,2021-10-15,-7,17,-25,-20,-3,2
CR,Costa Rica,,,,,,ChIJJcmsIWLlko8RK5qBNSX3VGI,2021-10-16,-11,14,-27,-19,-1,2
CR,Costa Rica,,,,,,ChIJJcmsIWLlko8RK5qBNSX3VGI,2021-10-17,-19,4,-34,-23,-2,3
CR,Costa Rica,,,,,,ChIJJcmsIWLlko8RK5qBNSX3VGI,2021-10-18,-13,8,-34,-21,-6,3
CR,Costa Rica,,,,,,ChIJJcmsIWLlko8RK5qBNSX3VGI,2021-10-19,-14,10,-33,-21,-7,3
CR,Costa Rica,,,,,,ChIJJcmsIWLlko8RK5qBNSX3VGI,2021-10-20,-12,11,-29,-21,-10,4
CR,Costa Rica,,,,,,ChIJJcmsIWLlko8RK5qBNSX3VGI,2021-10-21,-11,9,-29,-23,-10,5
CR,Costa Rica,,,,,,ChIJJcmsIWLlko8RK5qBNSX3VGI,2021-10-22,-9,11,-27,-22,-7,3
CR,Costa Rica,,,,,,ChIJJcmsIWLlko8RK5qBNSX3VGI,2021-10-23,-15,5,-30,-22,-1,4
CR,Costa Rica,,,,,,ChIJJcmsIWLlko8RK5qBNSX3VGI,2021-10-24,-17,7,-26,-22,-1,3
CR,Costa Rica,,,,,,ChIJJcmsIWLlko8RK5qBNSX3VGI,2021-10-25,-10,11,-27,-21,-9,3
CR,Costa Rica,,,,,,ChIJJcmsIWLlko8RK5qBNSX3VGI,2021-10-26,-11,10,-27,-21,-5,3
CR,Costa Rica,,,,,,ChIJJcmsIWLlko8RK5qBNSX3VGI,2021-10-27,-11,10,-26,-21,-6,3
CR,Costa Rica,,,,,,ChIJJcmsIWLlko8RK5qBNSX3VGI,2021-10-28,-9,11,-27,-20,-5,3
CR,Costa Rica,,,,,,ChIJJcmsIWLlko8RK5qBNSX3VGI,2021-10-29,-3,19,-22,-16,-2,1
CR,Costa Rica,,,,,,ChIJJcmsIWLlko8RK5qBNSX3VGI,2021-10-30,-8,16,-25,-15,0,1
CR,Costa Rica,,,,,,ChIJJcmsIWLlko8RK5qBNSX3VGI,2021-10-31,-9,18,-23,-16,2,1
CR,Costa Rica,,,,,,ChIJJcmsIWLlko8RK5qBNSX3VGI,2021-11-01,-7,17,-28,-16,-5,1
CR,Costa Rica,,,,,,ChIJJcmsIWLlko8RK5qBNSX3VGI,2021-11-02,-10,15,-30,-20,-5,2
CR,Costa Rica,,,,,,ChIJJcmsIWLlko8RK5qBNSX3VGI,2021-11-03,-10,11,-29,-18,-5,3
CR,Costa Rica,,,,,,ChIJJcmsIWLlko8RK5qBNSX3VGI,2021-11-04,-9,11,-29,-19,-4,3
CR,Costa Rica,,,,,,ChIJJcmsIWLlko8RK5qBNSX3VGI,2021-11-05,-5,15,-23,-16,-2,2
CR,Costa Rica,,,,,,ChIJJcmsIWLlko8RK5qBNSX3VGI,2021-11-06,-7,13,-23,-19,1,1
CR,Costa Rica,,,,,,ChIJJcmsIWLlko8RK5qBNSX3VGI,2021-11-07,-10,12,-23,-20,1,2
CR,Costa Rica,,,,,,ChIJJcmsIWLlko8RK5qBNSX3VGI,2021-11-08,-7,13,-24,-18,-3,2
CR,Costa Rica,,,,,,ChIJJcmsIWLlko8RK5qBNSX3VGI,2021-11-09,-11,8,-30,-21,-5,3
CR,Costa Rica,,,,,,ChIJJcmsIWLlko8RK5qBNSX3VGI,2021-11-10,-10,9,-24,-19,-4,3
CR,Costa Rica,,,,,,ChIJJcmsIWLlko8RK5qBNSX3VGI,2021-11-11,-9,9,-26,-21,-3,4
CR,Costa Rica,,,,,,ChIJJcmsIWLlko8RK5qBNSX3VGI,2021-11-12,-4,17,-20,-18,0,2
CR,Costa Rica,,,,,,ChIJJcmsIWLlko8RK5qBNSX3VGI,2021-11-13,-2,20,-15,-16,3,1
CR,Costa Rica,,,,,,ChIJJcmsIWLlko8RK5qBNSX3VGI,2021-11-14,-3,20,-11,-15,5,0
CR,Costa Rica,,,,,,ChIJJcmsIWLlko8RK5qBNSX3VGI,2021-11-15,0,22,-18,-14,-1,1
CR,Costa Rica,,,,,,ChIJJcmsIWLlko8RK5qBNSX3VGI,2021-11-16,-1,21,-19,-15,-4,2
CR,Costa Rica,,,,,,ChIJJcmsIWLlko8RK5qBNSX3VGI,2021-11-17,-5,16,-21,-16,-5,3
CR,Costa Rica,,,,,,ChIJJcmsIWLlko8RK5qBNSX3VGI,2021-11-18,-3,17,-20,-16,-4,3
CR,Costa Rica,,,,,,ChIJJcmsIWLlko8RK5qBNSX3VGI,2021-11-19,0,18,-16,-15,-7,2
CR,Costa Rica,,,,,,ChIJJcmsIWLlko8RK5qBNSX3VGI,2021-11-20,-2,18,-15,-13,3,0
CR,Costa Rica,,,,,,ChIJJcmsIWLlko8RK5qBNSX3VGI,2021-11-21,-4,17,-12,-12,5,0
CR,Costa Rica,,,,,,ChIJJcmsIWLlko8RK5qBNSX3VGI,2021-11-22,-5,14,-22,-17,-6,3
CR,Costa Rica,,,,,,ChIJJcmsIWLlko8RK5qBNSX3VGI,2021-11-23,-6,13,-23,-17,-7,3
CR,Costa Rica,,,,,,ChIJJcmsIWLlko8RK5qBNSX3VGI,2021-11-24,-7,12,-22,-16,-3,3
CR,Costa Rica,,,,,,ChIJJcmsIWLlko8RK5qBNSX3VGI,2021-11-25,-4,12,-22,-17,-3,3
CR,Costa Rica,,,,,,ChIJJcmsIWLlko8RK5qBNSX3VGI,2021-11-26,6,23,-12,-12,0,0
CR,Costa Rica,,,,,,ChIJJcmsIWLlko8RK5qBNSX3VGI,2021-11-27,4,25,-10,-8,5,-2
CR,Costa Rica,,,,,,ChIJJcmsIWLlko8RK5qBNSX3VGI,2021-11-28,2,22,-9,-12,7,0
CR,Costa Rica,,,,,,ChIJJcmsIWLlko8RK5qBNSX3VGI,2021-11-29,1,17,-23,-29,-45,8
CR,Costa Rica,,,,,,ChIJJcmsIWLlko8RK5qBNSX3VGI,2021-11-30,0,22,-21,-14,-3,2
CR,Costa Rica,,,,,,ChIJJcmsIWLlko8RK5qBNSX3VGI,2021-12-01,2,25,-14,-11,-3,2
CR,Costa Rica,,,,,,ChIJJcmsIWLlko8RK5qBNSX3VGI,2021-12-02,5,25,-14,-10,-2,2
CR,Costa Rica,,,,,,ChIJJcmsIWLlko8RK5qBNSX3VGI,2021-12-03,8,26,-10,-7,1,0
CR,Costa Rica,,,,,,ChIJJcmsIWLlko8RK5qBNSX3VGI,2021-12-04,9,27,-4,-2,7,-2
CR,Costa Rica,,,,,,ChIJJcmsIWLlko8RK5qBNSX3VGI,2021-12-05,8,27,-3,-2,12,-1
CR,Costa Rica,,,,,,ChIJJcmsIWLlko8RK5qBNSX3VGI,2021-12-06,9,26,-10,-8,-2,1
CR,Costa Rica,,,,,,ChIJJcmsIWLlko8RK5qBNSX3VGI,2021-12-07,8,25,-9,-7,-1,1
CR,Costa Rica,,,,,,ChIJJcmsIWLlko8RK5qBNSX3VGI,2021-12-08,7,23,-11,-7,-1,1
CR,Costa Rica,,,,,,ChIJJcmsIWLlko8RK5qBNSX3VGI,2021-12-09,7,21,-13,-8,1,2
CR,Costa Rica,,,,,,ChIJJcmsIWLlko8RK5qBNSX3VGI,2021-12-10,9,25,-9,-7,2,0
CR,Costa Rica,,,,,,ChIJJcmsIWLlko8RK5qBNSX3VGI,2021-12-11,10,27,-1,1,11,-3
CR,Costa Rica,,,,,,ChIJJcmsIWLlko8RK5qBNSX3VGI,2021-12-12,9,28,-1,3,18,-2
CR,Costa Rica,,,,,,ChIJJcmsIWLlko8RK5qBNSX3VGI,2021-12-13,8,23,-16,-8,0,1
CR,Costa Rica,,,,,,ChIJJcmsIWLlko8RK5qBNSX3VGI,2021-12-14,10,28,-12,-7,-1,1
CR,Costa Rica,,,,,,ChIJJcmsIWLlko8RK5qBNSX3VGI,2021-12-15,14,31,-6,-4,1,0
CR,Costa Rica,,,,,,ChIJJcmsIWLlko8RK5qBNSX3VGI,2021-12-16,16,30,-9,-2,1,0
CR,Costa Rica,,,,,,ChIJJcmsIWLlko8RK5qBNSX3VGI,2021-12-17,14,30,-7,-1,4,-1
CR,Costa Rica,,,,,,ChIJJcmsIWLlko8RK5qBNSX3VGI,2021-12-18,15,32,1,6,12,-4
CR,Costa Rica,,,,,,ChIJJcmsIWLlko8RK5qBNSX3VGI,2021-12-19,17,35,7,11,24,-4
CR,Costa Rica,,,,,,ChIJJcmsIWLlko8RK5qBNSX3VGI,2021-12-20,24,38,-2,-1,-6,-1
CR,Costa Rica,,,,,,ChIJJcmsIWLlko8RK5qBNSX3VGI,2021-12-21,22,37,-3,-1,-7,0
CR,Costa Rica,,,,,,ChIJJcmsIWLlko8RK5qBNSX3VGI,2021-12-22,23,38,0,2,-9,-1
CR,Costa Rica,,,,,,ChIJJcmsIWLlko8RK5qBNSX3VGI,2021-12-23,27,47,0,3,-18,0
CR,Costa Rica,,,,,,ChIJJcmsIWLlko8RK5qBNSX3VGI,2021-12-24,9,62,2,-8,-31,1
CR,Costa Rica,,,,,,ChIJJcmsIWLlko8RK5qBNSX3VGI,2021-12-25,-37,-15,-32,-44,-51,8
CR,Costa Rica,,,,,,ChIJJcmsIWLlko8RK5qBNSX3VGI,2021-12-26,-3,16,-9,-9,3,0
CR,Costa Rica,,,,,,ChIJJcmsIWLlko8RK5qBNSX3VGI,2021-12-27,9,26,-4,-18,-32,5
CR,Costa Rica,,,,,,ChIJJcmsIWLlko8RK5qBNSX3VGI,2021-12-28,7,26,-3,-18,-32,5
CR,Costa Rica,,,,,,ChIJJcmsIWLlko8RK5qBNSX3VGI,2021-12-29,8,28,-1,-17,-33,4
CR,Costa Rica,,,,,,ChIJJcmsIWLlko8RK5qBNSX3VGI,2021-12-30,12,41,1,-14,-34,4
