country_region_code,country_region,sub_region_1,sub_region_2,metro_area,iso_3166_2_code,census_fips_code,place_id,date,retail_and_recreation_percent_change_from_baseline,grocery_and_pharmacy_percent_change_from_baseline,parks_percent_change_from_baseline,transit_stations_percent_change_from_baseline,workplaces_percent_change_from_baseline,residential_percent_change_from_baseline
ML,Mali,,,,,,ChIJz3MQG4g-FA4RgM-9oOJbOrs,2021-01-01,-19,2,15,-23,-51,15
ML,Mali,,,,,,ChIJz3MQG4g-FA4RgM-9oOJbOrs,2021-01-02,-3,19,19,-7,-7,5
ML,Mali,,,,,,ChIJz3MQG4g-FA4RgM-9oOJbOrs,2021-01-03,-6,-15,18,2,-5,4
ML,Mali,,,,,,ChIJz3MQG4g-FA4RgM-9oOJbOrs,2021-01-04,8,-5,31,16,-9,3
ML,Mali,,,,,,ChIJz3MQG4g-FA4RgM-9oOJbOrs,2021-01-05,3,25,32,5,-9,3
ML,Mali,,,,,,ChIJz3MQG4g-FA4RgM-9oOJbOrs,2021-01-06,2,29,29,2,-7,5
ML,Mali,,,,,,ChIJz3MQG4g-FA4RgM-9oOJbOrs,2021-01-07,2,29,27,2,-10,5
ML,Mali,,,,,,ChIJz3MQG4g-FA4RgM-9oOJbOrs,2021-01-08,2,22,18,-4,-9,4
ML,Mali,,,,,,ChIJz3MQG4g-FA4RgM-9oOJbOrs,2021-01-09,7,27,21,-13,2,0
ML,Mali,,,,,,ChIJz3MQG4g-FA4RgM-9oOJbOrs,2021-01-10,4,-15,15,-6,-5,1
ML,Mali,,,,,,ChIJz3MQG4g-FA4RgM-9oOJbOrs,2021-01-11,11,-8,32,-4,-7,2
ML,Mali,,,,,,ChIJz3MQG4g-FA4RgM-9oOJbOrs,2021-01-12,6,20,32,-7,-8,2
ML,Mali,,,,,,ChIJz3MQG4g-FA4RgM-9oOJbOrs,2021-01-13,1,23,21,-6,-9,2
ML,Mali,,,,,,ChIJz3MQG4g-FA4RgM-9oOJbOrs,2021-01-14,0,21,17,-10,-15,2
ML,Mali,,,,,,ChIJz3MQG4g-FA4RgM-9oOJbOrs,2021-01-15,-4,12,7,-13,-16,2
ML,Mali,,,,,,ChIJz3MQG4g-FA4RgM-9oOJbOrs,2021-01-16,-2,14,9,-19,-7,2
ML,Mali,,,,,,ChIJz3MQG4g-FA4RgM-9oOJbOrs,2021-01-17,-5,-21,12,-15,-10,2
ML,Mali,,,,,,ChIJz3MQG4g-FA4RgM-9oOJbOrs,2021-01-18,3,-14,28,-11,-12,3
ML,Mali,,,,,,ChIJz3MQG4g-FA4RgM-9oOJbOrs,2021-01-19,1,17,31,-11,-12,2
ML,Mali,,,,,,ChIJz3MQG4g-FA4RgM-9oOJbOrs,2021-01-20,-9,14,21,-17,-36,11
ML,Mali,,,,,,ChIJz3MQG4g-FA4RgM-9oOJbOrs,2021-01-21,2,23,27,-7,-13,3
ML,Mali,,,,,,ChIJz3MQG4g-FA4RgM-9oOJbOrs,2021-01-22,-1,16,31,-9,-11,3
ML,Mali,,,,,,ChIJz3MQG4g-FA4RgM-9oOJbOrs,2021-01-23,5,21,32,-15,-1,1
ML,Mali,,,,,,ChIJz3MQG4g-FA4RgM-9oOJbOrs,2021-01-24,3,-15,36,-4,-6,1
ML,Mali,,,,,,ChIJz3MQG4g-FA4RgM-9oOJbOrs,2021-01-25,8,-7,46,-6,-8,-1
ML,Mali,,,,,,ChIJz3MQG4g-FA4RgM-9oOJbOrs,2021-01-26,5,20,50,-7,-7,0
ML,Mali,,,,,,ChIJz3MQG4g-FA4RgM-9oOJbOrs,2021-01-27,4,29,38,-4,-6,0
ML,Mali,,,,,,ChIJz3MQG4g-FA4RgM-9oOJbOrs,2021-01-28,5,31,35,-4,-10,-1
ML,Mali,,,,,,ChIJz3MQG4g-FA4RgM-9oOJbOrs,2021-01-29,5,21,26,-4,-10,-4
ML,Mali,,,,,,ChIJz3MQG4g-FA4RgM-9oOJbOrs,2021-01-30,9,27,20,-4,-5,-6
ML,Mali,,,,,,ChIJz3MQG4g-FA4RgM-9oOJbOrs,2021-01-31,2,-12,25,2,-12,-4
ML,Mali,,,,,,ChIJz3MQG4g-FA4RgM-9oOJbOrs,2021-02-01,12,-5,37,6,-9,-7
ML,Mali,,,,,,ChIJz3MQG4g-FA4RgM-9oOJbOrs,2021-02-02,9,30,41,0,-10,-8
ML,Mali,,,,,,ChIJz3MQG4g-FA4RgM-9oOJbOrs,2021-02-03,-1,23,29,-4,-12,-6
ML,Mali,,,,,,ChIJz3MQG4g-FA4RgM-9oOJbOrs,2021-02-04,-4,20,25,-10,-17,-7
ML,Mali,,,,,,ChIJz3MQG4g-FA4RgM-9oOJbOrs,2021-02-05,-3,14,43,-11,-16,-8
ML,Mali,,,,,,ChIJz3MQG4g-FA4RgM-9oOJbOrs,2021-02-06,1,15,47,-20,-12,-7
ML,Mali,,,,,,ChIJz3MQG4g-FA4RgM-9oOJbOrs,2021-02-07,-12,-25,27,-16,-22,-3
ML,Mali,,,,,,ChIJz3MQG4g-FA4RgM-9oOJbOrs,2021-02-08,4,-13,40,-12,-15,-8
ML,Mali,,,,,,ChIJz3MQG4g-FA4RgM-9oOJbOrs,2021-02-09,3,24,41,-12,-14,-8
ML,Mali,,,,,,ChIJz3MQG4g-FA4RgM-9oOJbOrs,2021-02-10,1,28,31,-8,-11,-7
ML,Mali,,,,,,ChIJz3MQG4g-FA4RgM-9oOJbOrs,2021-02-11,0,24,23,-10,-15,-7
ML,Mali,,,,,,ChIJz3MQG4g-FA4RgM-9oOJbOrs,2021-02-12,-1,15,13,-12,-16,-9
ML,Mali,,,,,,ChIJz3MQG4g-FA4RgM-9oOJbOrs,2021-02-13,2,17,17,-16,-13,-9
ML,Mali,,,,,,ChIJz3MQG4g-FA4RgM-9oOJbOrs,2021-02-14,1,-16,22,-15,-21,-7
ML,Mali,,,,,,ChIJz3MQG4g-FA4RgM-9oOJbOrs,2021-02-15,5,-12,24,-7,-15,-9
ML,Mali,,,,,,ChIJz3MQG4g-FA4RgM-9oOJbOrs,2021-02-16,3,22,24,-14,-15,-10
ML,Mali,,,,,,ChIJz3MQG4g-FA4RgM-9oOJbOrs,2021-02-17,-1,21,20,-14,-15,-7
ML,Mali,,,,,,ChIJz3MQG4g-FA4RgM-9oOJbOrs,2021-02-18,2,25,17,-8,-17,-8
ML,Mali,,,,,,ChIJz3MQG4g-FA4RgM-9oOJbOrs,2021-02-19,1,14,14,-13,-14,-9
ML,Mali,,,,,,ChIJz3MQG4g-FA4RgM-9oOJbOrs,2021-02-20,7,20,18,-15,-10,-9
ML,Mali,,,,,,ChIJz3MQG4g-FA4RgM-9oOJbOrs,2021-02-21,0,-17,18,-14,-19,-6
ML,Mali,,,,,,ChIJz3MQG4g-FA4RgM-9oOJbOrs,2021-02-22,6,-11,27,-5,-11,-9
ML,Mali,,,,,,ChIJz3MQG4g-FA4RgM-9oOJbOrs,2021-02-23,5,22,29,-9,-12,-9
ML,Mali,,,,,,ChIJz3MQG4g-FA4RgM-9oOJbOrs,2021-02-24,4,27,24,-7,-10,-8
ML,Mali,,,,,,ChIJz3MQG4g-FA4RgM-9oOJbOrs,2021-02-25,4,26,24,-3,-14,-8
ML,Mali,,,,,,ChIJz3MQG4g-FA4RgM-9oOJbOrs,2021-02-26,2,19,47,-3,-13,-9
ML,Mali,,,,,,ChIJz3MQG4g-FA4RgM-9oOJbOrs,2021-02-27,10,25,83,-9,-9,-9
ML,Mali,,,,,,ChIJz3MQG4g-FA4RgM-9oOJbOrs,2021-02-28,4,-11,52,-5,-19,-8
ML,Mali,,,,,,ChIJz3MQG4g-FA4RgM-9oOJbOrs,2021-03-01,9,-6,27,1,-11,-10
ML,Mali,,,,,,ChIJz3MQG4g-FA4RgM-9oOJbOrs,2021-03-02,7,25,29,-8,-11,-10
ML,Mali,,,,,,ChIJz3MQG4g-FA4RgM-9oOJbOrs,2021-03-03,6,30,33,-2,-10,-8
ML,Mali,,,,,,ChIJz3MQG4g-FA4RgM-9oOJbOrs,2021-03-04,5,26,27,-4,-13,-8
ML,Mali,,,,,,ChIJz3MQG4g-FA4RgM-9oOJbOrs,2021-03-05,6,19,37,-7,-12,-10
ML,Mali,,,,,,ChIJz3MQG4g-FA4RgM-9oOJbOrs,2021-03-06,12,24,53,-8,-10,-10
ML,Mali,,,,,,ChIJz3MQG4g-FA4RgM-9oOJbOrs,2021-03-07,4,-16,43,-7,-19,-8
ML,Mali,,,,,,ChIJz3MQG4g-FA4RgM-9oOJbOrs,2021-03-08,8,-9,37,-5,-13,-9
ML,Mali,,,,,,ChIJz3MQG4g-FA4RgM-9oOJbOrs,2021-03-09,7,22,34,-11,-10,-10
ML,Mali,,,,,,ChIJz3MQG4g-FA4RgM-9oOJbOrs,2021-03-10,6,32,36,-4,-9,-8
ML,Mali,,,,,,ChIJz3MQG4g-FA4RgM-9oOJbOrs,2021-03-11,3,28,28,-2,-13,-8
ML,Mali,,,,,,ChIJz3MQG4g-FA4RgM-9oOJbOrs,2021-03-12,4,23,20,-6,-11,-9
ML,Mali,,,,,,ChIJz3MQG4g-FA4RgM-9oOJbOrs,2021-03-13,10,26,22,-11,-9,-9
ML,Mali,,,,,,ChIJz3MQG4g-FA4RgM-9oOJbOrs,2021-03-14,5,-12,21,-4,-20,-7
ML,Mali,,,,,,ChIJz3MQG4g-FA4RgM-9oOJbOrs,2021-03-15,10,-4,33,-1,-8,-9
ML,Mali,,,,,,ChIJz3MQG4g-FA4RgM-9oOJbOrs,2021-03-16,7,25,39,-5,-9,-10
ML,Mali,,,,,,ChIJz3MQG4g-FA4RgM-9oOJbOrs,2021-03-17,5,33,37,-2,-7,-8
ML,Mali,,,,,,ChIJz3MQG4g-FA4RgM-9oOJbOrs,2021-03-18,5,31,33,-3,-10,-8
ML,Mali,,,,,,ChIJz3MQG4g-FA4RgM-9oOJbOrs,2021-03-19,6,27,26,-2,-8,-9
ML,Mali,,,,,,ChIJz3MQG4g-FA4RgM-9oOJbOrs,2021-03-20,13,30,35,-9,-7,-10
ML,Mali,,,,,,ChIJz3MQG4g-FA4RgM-9oOJbOrs,2021-03-21,6,-10,29,-6,-18,-8
ML,Mali,,,,,,ChIJz3MQG4g-FA4RgM-9oOJbOrs,2021-03-22,10,0,44,0,-8,-10
ML,Mali,,,,,,ChIJz3MQG4g-FA4RgM-9oOJbOrs,2021-03-23,7,26,41,-13,-9,-10
ML,Mali,,,,,,ChIJz3MQG4g-FA4RgM-9oOJbOrs,2021-03-24,7,37,43,-3,-7,-8
ML,Mali,,,,,,ChIJz3MQG4g-FA4RgM-9oOJbOrs,2021-03-25,13,43,46,7,-13,-11
ML,Mali,,,,,,ChIJz3MQG4g-FA4RgM-9oOJbOrs,2021-03-26,0,24,24,-7,-43,-2
ML,Mali,,,,,,ChIJz3MQG4g-FA4RgM-9oOJbOrs,2021-03-27,15,36,46,-5,-10,-9
ML,Mali,,,,,,ChIJz3MQG4g-FA4RgM-9oOJbOrs,2021-03-28,11,-5,44,5,-22,-9
ML,Mali,,,,,,ChIJz3MQG4g-FA4RgM-9oOJbOrs,2021-03-29,13,3,42,6,-10,-9
ML,Mali,,,,,,ChIJz3MQG4g-FA4RgM-9oOJbOrs,2021-03-30,11,36,50,4,-9,-10
ML,Mali,,,,,,ChIJz3MQG4g-FA4RgM-9oOJbOrs,2021-03-31,11,43,49,9,-14,-7
ML,Mali,,,,,,ChIJz3MQG4g-FA4RgM-9oOJbOrs,2021-04-01,10,43,35,10,-16,-7
ML,Mali,,,,,,ChIJz3MQG4g-FA4RgM-9oOJbOrs,2021-04-02,9,32,43,2,-15,-7
ML,Mali,,,,,,ChIJz3MQG4g-FA4RgM-9oOJbOrs,2021-04-03,16,42,55,2,-10,-10
ML,Mali,,,,,,ChIJz3MQG4g-FA4RgM-9oOJbOrs,2021-04-04,11,-4,55,3,-20,-9
ML,Mali,,,,,,ChIJz3MQG4g-FA4RgM-9oOJbOrs,2021-04-05,1,-6,24,4,-45,-1
ML,Mali,,,,,,ChIJz3MQG4g-FA4RgM-9oOJbOrs,2021-04-06,12,39,47,13,-6,-11
ML,Mali,,,,,,ChIJz3MQG4g-FA4RgM-9oOJbOrs,2021-04-07,10,45,39,5,-7,-9
ML,Mali,,,,,,ChIJz3MQG4g-FA4RgM-9oOJbOrs,2021-04-08,10,44,39,8,-11,-9
ML,Mali,,,,,,ChIJz3MQG4g-FA4RgM-9oOJbOrs,2021-04-09,10,41,33,3,-8,-9
ML,Mali,,,,,,ChIJz3MQG4g-FA4RgM-9oOJbOrs,2021-04-10,15,45,38,-2,-4,-10
ML,Mali,,,,,,ChIJz3MQG4g-FA4RgM-9oOJbOrs,2021-04-11,5,-2,29,7,-14,-7
ML,Mali,,,,,,ChIJz3MQG4g-FA4RgM-9oOJbOrs,2021-04-12,20,19,46,11,-4,-11
ML,Mali,,,,,,ChIJz3MQG4g-FA4RgM-9oOJbOrs,2021-04-13,-5,33,26,-4,-10,-7
ML,Mali,,,,,,ChIJz3MQG4g-FA4RgM-9oOJbOrs,2021-04-14,-5,35,27,-3,-10,-5
ML,Mali,,,,,,ChIJz3MQG4g-FA4RgM-9oOJbOrs,2021-04-15,-6,37,16,-2,-11,-4
ML,Mali,,,,,,ChIJz3MQG4g-FA4RgM-9oOJbOrs,2021-04-16,-8,28,8,-8,-11,-3
ML,Mali,,,,,,ChIJz3MQG4g-FA4RgM-9oOJbOrs,2021-04-17,1,36,13,-14,-5,-1
ML,Mali,,,,,,ChIJz3MQG4g-FA4RgM-9oOJbOrs,2021-04-18,-10,-12,5,-8,-9,3
ML,Mali,,,,,,ChIJz3MQG4g-FA4RgM-9oOJbOrs,2021-04-19,4,5,23,-1,-5,-4
ML,Mali,,,,,,ChIJz3MQG4g-FA4RgM-9oOJbOrs,2021-04-20,2,38,27,-7,-5,-4
ML,Mali,,,,,,ChIJz3MQG4g-FA4RgM-9oOJbOrs,2021-04-21,0,39,26,-9,-6,-4
ML,Mali,,,,,,ChIJz3MQG4g-FA4RgM-9oOJbOrs,2021-04-22,-2,38,17,-11,-8,-3
ML,Mali,,,,,,ChIJz3MQG4g-FA4RgM-9oOJbOrs,2021-04-23,0,35,18,-10,-7,-3
ML,Mali,,,,,,ChIJz3MQG4g-FA4RgM-9oOJbOrs,2021-04-24,1,39,19,-17,-2,-2
ML,Mali,,,,,,ChIJz3MQG4g-FA4RgM-9oOJbOrs,2021-04-25,-6,-4,13,-11,-6,2
ML,Mali,,,,,,ChIJz3MQG4g-FA4RgM-9oOJbOrs,2021-04-26,7,9,32,-8,-3,-4
ML,Mali,,,,,,ChIJz3MQG4g-FA4RgM-9oOJbOrs,2021-04-27,2,37,35,-6,-6,-5
ML,Mali,,,,,,ChIJz3MQG4g-FA4RgM-9oOJbOrs,2021-04-28,1,41,29,-7,-5,-5
ML,Mali,,,,,,ChIJz3MQG4g-FA4RgM-9oOJbOrs,2021-04-29,1,43,28,-4,-8,-4
ML,Mali,,,,,,ChIJz3MQG4g-FA4RgM-9oOJbOrs,2021-04-30,2,39,22,-12,-8,-5
ML,Mali,,,,,,ChIJz3MQG4g-FA4RgM-9oOJbOrs,2021-05-01,5,44,21,-16,-11,-2
ML,Mali,,,,,,ChIJz3MQG4g-FA4RgM-9oOJbOrs,2021-05-02,0,3,14,-9,-3,1
ML,Mali,,,,,,ChIJz3MQG4g-FA4RgM-9oOJbOrs,2021-05-03,14,17,42,-1,-4,-6
ML,Mali,,,,,,ChIJz3MQG4g-FA4RgM-9oOJbOrs,2021-05-04,10,50,39,-6,-4,-6
ML,Mali,,,,,,ChIJz3MQG4g-FA4RgM-9oOJbOrs,2021-05-05,6,54,33,-1,-3,-5
ML,Mali,,,,,,ChIJz3MQG4g-FA4RgM-9oOJbOrs,2021-05-06,6,51,28,-1,-8,-4
ML,Mali,,,,,,ChIJz3MQG4g-FA4RgM-9oOJbOrs,2021-05-07,3,43,25,-6,-7,-4
ML,Mali,,,,,,ChIJz3MQG4g-FA4RgM-9oOJbOrs,2021-05-08,9,52,27,-7,-3,-5
ML,Mali,,,,,,ChIJz3MQG4g-FA4RgM-9oOJbOrs,2021-05-09,6,11,19,0,1,-2
ML,Mali,,,,,,ChIJz3MQG4g-FA4RgM-9oOJbOrs,2021-05-10,19,22,42,6,-9,-6
ML,Mali,,,,,,ChIJz3MQG4g-FA4RgM-9oOJbOrs,2021-05-11,36,98,60,23,-16,-9
ML,Mali,,,,,,ChIJz3MQG4g-FA4RgM-9oOJbOrs,2021-05-12,-5,27,36,-34,-75,1
ML,Mali,,,,,,ChIJz3MQG4g-FA4RgM-9oOJbOrs,2021-05-13,-1,32,45,-29,-55,3
ML,Mali,,,,,,ChIJz3MQG4g-FA4RgM-9oOJbOrs,2021-05-14,8,39,42,-13,-33,-1
ML,Mali,,,,,,ChIJz3MQG4g-FA4RgM-9oOJbOrs,2021-05-15,12,41,47,-14,-23,-3
ML,Mali,,,,,,ChIJz3MQG4g-FA4RgM-9oOJbOrs,2021-05-16,13,2,49,6,-15,-4
ML,Mali,,,,,,ChIJz3MQG4g-FA4RgM-9oOJbOrs,2021-05-17,22,19,53,11,-9,-7
ML,Mali,,,,,,ChIJz3MQG4g-FA4RgM-9oOJbOrs,2021-05-18,16,54,61,5,-7,-6
ML,Mali,,,,,,ChIJz3MQG4g-FA4RgM-9oOJbOrs,2021-05-19,12,57,52,3,-7,-4
ML,Mali,,,,,,ChIJz3MQG4g-FA4RgM-9oOJbOrs,2021-05-20,6,51,46,-4,-10,-4
ML,Mali,,,,,,ChIJz3MQG4g-FA4RgM-9oOJbOrs,2021-05-21,18,56,55,-2,-7,-8
ML,Mali,,,,,,ChIJz3MQG4g-FA4RgM-9oOJbOrs,2021-05-22,27,65,62,0,3,-11
ML,Mali,,,,,,ChIJz3MQG4g-FA4RgM-9oOJbOrs,2021-05-23,18,7,52,3,-9,-7
ML,Mali,,,,,,ChIJz3MQG4g-FA4RgM-9oOJbOrs,2021-05-24,26,25,70,11,-4,-9
ML,Mali,,,,,,ChIJz3MQG4g-FA4RgM-9oOJbOrs,2021-05-25,13,55,58,-1,-36,0
ML,Mali,,,,,,ChIJz3MQG4g-FA4RgM-9oOJbOrs,2021-05-26,19,70,64,6,2,-9
ML,Mali,,,,,,ChIJz3MQG4g-FA4RgM-9oOJbOrs,2021-05-27,27,74,65,15,-3,-10
ML,Mali,,,,,,ChIJz3MQG4g-FA4RgM-9oOJbOrs,2021-05-28,27,69,64,14,1,-12
ML,Mali,,,,,,ChIJz3MQG4g-FA4RgM-9oOJbOrs,2021-05-29,33,73,64,6,4,-13
ML,Mali,,,,,,ChIJz3MQG4g-FA4RgM-9oOJbOrs,2021-05-30,21,9,58,8,-10,-10
ML,Mali,,,,,,ChIJz3MQG4g-FA4RgM-9oOJbOrs,2021-05-31,39,36,83,23,3,-15
ML,Mali,,,,,,ChIJz3MQG4g-FA4RgM-9oOJbOrs,2021-06-01,34,80,78,18,3,-16
ML,Mali,,,,,,ChIJz3MQG4g-FA4RgM-9oOJbOrs,2021-06-02,31,86,72,17,4,-15
ML,Mali,,,,,,ChIJz3MQG4g-FA4RgM-9oOJbOrs,2021-06-03,24,72,67,15,-1,-13
ML,Mali,,,,,,ChIJz3MQG4g-FA4RgM-9oOJbOrs,2021-06-04,33,75,86,15,4,-14
ML,Mali,,,,,,ChIJz3MQG4g-FA4RgM-9oOJbOrs,2021-06-05,36,77,66,10,5,-14
ML,Mali,,,,,,ChIJz3MQG4g-FA4RgM-9oOJbOrs,2021-06-06,25,11,58,14,-9,-10
ML,Mali,,,,,,ChIJz3MQG4g-FA4RgM-9oOJbOrs,2021-06-07,39,37,91,19,5,-15
ML,Mali,,,,,,ChIJz3MQG4g-FA4RgM-9oOJbOrs,2021-06-08,35,78,83,17,5,-15
ML,Mali,,,,,,ChIJz3MQG4g-FA4RgM-9oOJbOrs,2021-06-09,33,82,77,14,5,-14
ML,Mali,,,,,,ChIJz3MQG4g-FA4RgM-9oOJbOrs,2021-06-10,30,78,69,17,2,-14
ML,Mali,,,,,,ChIJz3MQG4g-FA4RgM-9oOJbOrs,2021-06-11,31,69,68,15,5,-14
ML,Mali,,,,,,ChIJz3MQG4g-FA4RgM-9oOJbOrs,2021-06-12,36,72,63,13,6,-13
ML,Mali,,,,,,ChIJz3MQG4g-FA4RgM-9oOJbOrs,2021-06-13,20,6,57,12,-9,-9
ML,Mali,,,,,,ChIJz3MQG4g-FA4RgM-9oOJbOrs,2021-06-14,31,23,69,17,4,-12
ML,Mali,,,,,,ChIJz3MQG4g-FA4RgM-9oOJbOrs,2021-06-15,32,69,77,19,3,-14
ML,Mali,,,,,,ChIJz3MQG4g-FA4RgM-9oOJbOrs,2021-06-16,30,79,77,22,4,-15
ML,Mali,,,,,,ChIJz3MQG4g-FA4RgM-9oOJbOrs,2021-06-17,27,74,67,35,0,-14
ML,Mali,,,,,,ChIJz3MQG4g-FA4RgM-9oOJbOrs,2021-06-18,25,61,62,23,2,-14
ML,Mali,,,,,,ChIJz3MQG4g-FA4RgM-9oOJbOrs,2021-06-19,25,57,58,16,1,-12
ML,Mali,,,,,,ChIJz3MQG4g-FA4RgM-9oOJbOrs,2021-06-20,21,7,63,23,-12,-12
ML,Mali,,,,,,ChIJz3MQG4g-FA4RgM-9oOJbOrs,2021-06-21,30,23,70,27,-1,-15
ML,Mali,,,,,,ChIJz3MQG4g-FA4RgM-9oOJbOrs,2021-06-22,28,62,71,31,-1,-15
ML,Mali,,,,,,ChIJz3MQG4g-FA4RgM-9oOJbOrs,2021-06-23,30,74,74,32,2,-15
ML,Mali,,,,,,ChIJz3MQG4g-FA4RgM-9oOJbOrs,2021-06-24,30,72,75,37,-4,-15
ML,Mali,,,,,,ChIJz3MQG4g-FA4RgM-9oOJbOrs,2021-06-25,26,58,71,29,0,-14
ML,Mali,,,,,,ChIJz3MQG4g-FA4RgM-9oOJbOrs,2021-06-26,40,73,86,32,3,-14
ML,Mali,,,,,,ChIJz3MQG4g-FA4RgM-9oOJbOrs,2021-06-27,30,14,80,31,-10,-12
ML,Mali,,,,,,ChIJz3MQG4g-FA4RgM-9oOJbOrs,2021-06-28,29,23,68,34,0,-15
ML,Mali,,,,,,ChIJz3MQG4g-FA4RgM-9oOJbOrs,2021-06-29,29,66,83,34,0,-15
ML,Mali,,,,,,ChIJz3MQG4g-FA4RgM-9oOJbOrs,2021-06-30,37,85,82,42,2,-13
ML,Mali,,,,,,ChIJz3MQG4g-FA4RgM-9oOJbOrs,2021-07-01,37,87,87,47,-4,-12
ML,Mali,,,,,,ChIJz3MQG4g-FA4RgM-9oOJbOrs,2021-07-02,28,65,72,31,-6,-7
ML,Mali,,,,,,ChIJz3MQG4g-FA4RgM-9oOJbOrs,2021-07-03,45,81,97,39,4,-13
ML,Mali,,,,,,ChIJz3MQG4g-FA4RgM-9oOJbOrs,2021-07-04,28,15,80,39,-7,-11
ML,Mali,,,,,,ChIJz3MQG4g-FA4RgM-9oOJbOrs,2021-07-05,41,36,85,42,2,-12
ML,Mali,,,,,,ChIJz3MQG4g-FA4RgM-9oOJbOrs,2021-07-06,42,88,98,49,5,-14
ML,Mali,,,,,,ChIJz3MQG4g-FA4RgM-9oOJbOrs,2021-07-07,36,93,89,40,6,-14
ML,Mali,,,,,,ChIJz3MQG4g-FA4RgM-9oOJbOrs,2021-07-08,37,91,81,51,2,-14
ML,Mali,,,,,,ChIJz3MQG4g-FA4RgM-9oOJbOrs,2021-07-09,26,68,64,32,2,-11
ML,Mali,,,,,,ChIJz3MQG4g-FA4RgM-9oOJbOrs,2021-07-10,40,79,80,38,4,-14
ML,Mali,,,,,,ChIJz3MQG4g-FA4RgM-9oOJbOrs,2021-07-11,26,16,72,37,-3,-11
ML,Mali,,,,,,ChIJz3MQG4g-FA4RgM-9oOJbOrs,2021-07-12,44,41,92,50,1,-15
ML,Mali,,,,,,ChIJz3MQG4g-FA4RgM-9oOJbOrs,2021-07-13,40,84,94,53,1,-16
ML,Mali,,,,,,ChIJz3MQG4g-FA4RgM-9oOJbOrs,2021-07-14,42,100,99,58,4,-15
ML,Mali,,,,,,ChIJz3MQG4g-FA4RgM-9oOJbOrs,2021-07-15,41,97,87,68,0,-15
ML,Mali,,,,,,ChIJz3MQG4g-FA4RgM-9oOJbOrs,2021-07-16,37,81,79,62,-1,-12
ML,Mali,,,,,,ChIJz3MQG4g-FA4RgM-9oOJbOrs,2021-07-17,52,103,94,81,3,-15
ML,Mali,,,,,,ChIJz3MQG4g-FA4RgM-9oOJbOrs,2021-07-18,52,47,77,98,9,-14
ML,Mali,,,,,,ChIJz3MQG4g-FA4RgM-9oOJbOrs,2021-07-19,51,65,94,59,-23,-12
ML,Mali,,,,,,ChIJz3MQG4g-FA4RgM-9oOJbOrs,2021-07-20,1,26,77,-18,-78,-4
ML,Mali,,,,,,ChIJz3MQG4g-FA4RgM-9oOJbOrs,2021-07-21,0,32,78,-10,-73,0
ML,Mali,,,,,,ChIJz3MQG4g-FA4RgM-9oOJbOrs,2021-07-22,13,50,79,18,-40,-7
ML,Mali,,,,,,ChIJz3MQG4g-FA4RgM-9oOJbOrs,2021-07-23,12,41,60,13,-35,-2
ML,Mali,,,,,,ChIJz3MQG4g-FA4RgM-9oOJbOrs,2021-07-24,30,64,81,30,-19,-10
ML,Mali,,,,,,ChIJz3MQG4g-FA4RgM-9oOJbOrs,2021-07-25,22,6,76,35,-15,-9
ML,Mali,,,,,,ChIJz3MQG4g-FA4RgM-9oOJbOrs,2021-07-26,42,37,95,48,-3,-14
ML,Mali,,,,,,ChIJz3MQG4g-FA4RgM-9oOJbOrs,2021-07-27,26,62,76,37,-4,-11
ML,Mali,,,,,,ChIJz3MQG4g-FA4RgM-9oOJbOrs,2021-07-28,27,73,66,33,-2,-11
ML,Mali,,,,,,ChIJz3MQG4g-FA4RgM-9oOJbOrs,2021-07-29,26,72,68,34,-7,-9
ML,Mali,,,,,,ChIJz3MQG4g-FA4RgM-9oOJbOrs,2021-07-30,26,65,67,28,-2,-11
ML,Mali,,,,,,ChIJz3MQG4g-FA4RgM-9oOJbOrs,2021-07-31,24,59,67,19,-2,-10
ML,Mali,,,,,,ChIJz3MQG4g-FA4RgM-9oOJbOrs,2021-08-01,24,12,71,34,-12,-10
ML,Mali,,,,,,ChIJz3MQG4g-FA4RgM-9oOJbOrs,2021-08-02,40,36,85,45,-1,-13
ML,Mali,,,,,,ChIJz3MQG4g-FA4RgM-9oOJbOrs,2021-08-03,27,70,91,37,-4,-11
ML,Mali,,,,,,ChIJz3MQG4g-FA4RgM-9oOJbOrs,2021-08-04,22,71,78,20,-3,-10
ML,Mali,,,,,,ChIJz3MQG4g-FA4RgM-9oOJbOrs,2021-08-05,33,86,78,42,-5,-11
ML,Mali,,,,,,ChIJz3MQG4g-FA4RgM-9oOJbOrs,2021-08-06,29,72,95,28,-2,-11
ML,Mali,,,,,,ChIJz3MQG4g-FA4RgM-9oOJbOrs,2021-08-07,29,67,96,26,1,-12
ML,Mali,,,,,,ChIJz3MQG4g-FA4RgM-9oOJbOrs,2021-08-08,25,15,86,27,-10,-9
ML,Mali,,,,,,ChIJz3MQG4g-FA4RgM-9oOJbOrs,2021-08-09,40,40,101,50,-1,-13
ML,Mali,,,,,,ChIJz3MQG4g-FA4RgM-9oOJbOrs,2021-08-10,35,81,99,42,-2,-12
ML,Mali,,,,,,ChIJz3MQG4g-FA4RgM-9oOJbOrs,2021-08-11,20,71,81,35,-2,-10
ML,Mali,,,,,,ChIJz3MQG4g-FA4RgM-9oOJbOrs,2021-08-12,31,83,85,43,-4,-11
ML,Mali,,,,,,ChIJz3MQG4g-FA4RgM-9oOJbOrs,2021-08-13,29,75,78,32,-1,-10
ML,Mali,,,,,,ChIJz3MQG4g-FA4RgM-9oOJbOrs,2021-08-14,18,57,62,21,-2,-6
ML,Mali,,,,,,ChIJz3MQG4g-FA4RgM-9oOJbOrs,2021-08-15,13,9,67,33,-10,-7
ML,Mali,,,,,,ChIJz3MQG4g-FA4RgM-9oOJbOrs,2021-08-16,31,33,83,42,-6,-11
ML,Mali,,,,,,ChIJz3MQG4g-FA4RgM-9oOJbOrs,2021-08-17,29,77,88,43,-6,-11
ML,Mali,,,,,,ChIJz3MQG4g-FA4RgM-9oOJbOrs,2021-08-18,28,90,85,29,-3,-11
ML,Mali,,,,,,ChIJz3MQG4g-FA4RgM-9oOJbOrs,2021-08-19,14,67,61,24,-37,-1
ML,Mali,,,,,,ChIJz3MQG4g-FA4RgM-9oOJbOrs,2021-08-20,23,68,67,23,-2,-8
ML,Mali,,,,,,ChIJz3MQG4g-FA4RgM-9oOJbOrs,2021-08-21,29,70,85,26,3,-10
ML,Mali,,,,,,ChIJz3MQG4g-FA4RgM-9oOJbOrs,2021-08-22,23,15,81,32,-5,-8
ML,Mali,,,,,,ChIJz3MQG4g-FA4RgM-9oOJbOrs,2021-08-23,38,37,98,37,-2,-12
ML,Mali,,,,,,ChIJz3MQG4g-FA4RgM-9oOJbOrs,2021-08-24,36,82,102,36,-3,-12
ML,Mali,,,,,,ChIJz3MQG4g-FA4RgM-9oOJbOrs,2021-08-25,33,89,97,37,-3,-11
ML,Mali,,,,,,ChIJz3MQG4g-FA4RgM-9oOJbOrs,2021-08-26,34,88,102,36,-6,-12
ML,Mali,,,,,,ChIJz3MQG4g-FA4RgM-9oOJbOrs,2021-08-27,31,72,80,24,-2,-10
ML,Mali,,,,,,ChIJz3MQG4g-FA4RgM-9oOJbOrs,2021-08-28,31,73,86,27,3,-10
ML,Mali,,,,,,ChIJz3MQG4g-FA4RgM-9oOJbOrs,2021-08-29,21,11,87,30,-8,-7
ML,Mali,,,,,,ChIJz3MQG4g-FA4RgM-9oOJbOrs,2021-08-30,42,42,108,50,-1,-11
ML,Mali,,,,,,ChIJz3MQG4g-FA4RgM-9oOJbOrs,2021-08-31,32,74,99,45,-5,-8
ML,Mali,,,,,,ChIJz3MQG4g-FA4RgM-9oOJbOrs,2021-09-01,40,97,107,48,0,-11
ML,Mali,,,,,,ChIJz3MQG4g-FA4RgM-9oOJbOrs,2021-09-02,35,87,103,53,-4,-10
ML,Mali,,,,,,ChIJz3MQG4g-FA4RgM-9oOJbOrs,2021-09-03,29,70,103,33,-3,-7
ML,Mali,,,,,,ChIJz3MQG4g-FA4RgM-9oOJbOrs,2021-09-04,41,80,112,42,6,-10
ML,Mali,,,,,,ChIJz3MQG4g-FA4RgM-9oOJbOrs,2021-09-05,27,16,91,36,-6,-9
ML,Mali,,,,,,ChIJz3MQG4g-FA4RgM-9oOJbOrs,2021-09-06,40,41,102,52,-1,-10
ML,Mali,,,,,,ChIJz3MQG4g-FA4RgM-9oOJbOrs,2021-09-07,39,86,113,52,0,-12
ML,Mali,,,,,,ChIJz3MQG4g-FA4RgM-9oOJbOrs,2021-09-08,34,91,99,44,1,-10
ML,Mali,,,,,,ChIJz3MQG4g-FA4RgM-9oOJbOrs,2021-09-09,21,70,83,44,-4,-7
ML,Mali,,,,,,ChIJz3MQG4g-FA4RgM-9oOJbOrs,2021-09-10,32,74,87,38,1,-9
ML,Mali,,,,,,ChIJz3MQG4g-FA4RgM-9oOJbOrs,2021-09-11,36,78,93,34,4,-9
ML,Mali,,,,,,ChIJz3MQG4g-FA4RgM-9oOJbOrs,2021-09-12,25,12,89,29,-6,-8
ML,Mali,,,,,,ChIJz3MQG4g-FA4RgM-9oOJbOrs,2021-09-13,43,41,110,52,0,-11
ML,Mali,,,,,,ChIJz3MQG4g-FA4RgM-9oOJbOrs,2021-09-14,40,83,112,47,-1,-12
ML,Mali,,,,,,ChIJz3MQG4g-FA4RgM-9oOJbOrs,2021-09-15,26,72,95,40,-1,-8
ML,Mali,,,,,,ChIJz3MQG4g-FA4RgM-9oOJbOrs,2021-09-16,30,80,96,52,-6,-8
ML,Mali,,,,,,ChIJz3MQG4g-FA4RgM-9oOJbOrs,2021-09-17,32,73,94,41,-2,-9
ML,Mali,,,,,,ChIJz3MQG4g-FA4RgM-9oOJbOrs,2021-09-18,38,77,96,44,5,-10
ML,Mali,,,,,,ChIJz3MQG4g-FA4RgM-9oOJbOrs,2021-09-19,25,15,85,39,-5,-7
ML,Mali,,,,,,ChIJz3MQG4g-FA4RgM-9oOJbOrs,2021-09-20,42,39,123,58,-1,-11
ML,Mali,,,,,,ChIJz3MQG4g-FA4RgM-9oOJbOrs,2021-09-21,39,84,133,45,-2,-12
ML,Mali,,,,,,ChIJz3MQG4g-FA4RgM-9oOJbOrs,2021-09-22,15,64,93,18,-38,0
ML,Mali,,,,,,ChIJz3MQG4g-FA4RgM-9oOJbOrs,2021-09-23,33,89,97,50,-2,-10
ML,Mali,,,,,,ChIJz3MQG4g-FA4RgM-9oOJbOrs,2021-09-24,31,76,82,40,1,-10
ML,Mali,,,,,,ChIJz3MQG4g-FA4RgM-9oOJbOrs,2021-09-25,39,78,94,43,7,-11
ML,Mali,,,,,,ChIJz3MQG4g-FA4RgM-9oOJbOrs,2021-09-26,30,17,103,41,-4,-9
ML,Mali,,,,,,ChIJz3MQG4g-FA4RgM-9oOJbOrs,2021-09-27,40,40,116,48,2,-11
ML,Mali,,,,,,ChIJz3MQG4g-FA4RgM-9oOJbOrs,2021-09-28,39,83,120,50,3,-11
ML,Mali,,,,,,ChIJz3MQG4g-FA4RgM-9oOJbOrs,2021-09-29,32,88,99,44,3,-9
ML,Mali,,,,,,ChIJz3MQG4g-FA4RgM-9oOJbOrs,2021-09-30,32,86,104,53,0,-9
ML,Mali,,,,,,ChIJz3MQG4g-FA4RgM-9oOJbOrs,2021-10-01,37,82,118,53,4,-10
ML,Mali,,,,,,ChIJz3MQG4g-FA4RgM-9oOJbOrs,2021-10-02,43,82,135,46,7,-11
ML,Mali,,,,,,ChIJz3MQG4g-FA4RgM-9oOJbOrs,2021-10-03,28,16,98,47,0,-8
ML,Mali,,,,,,ChIJz3MQG4g-FA4RgM-9oOJbOrs,2021-10-04,37,34,101,51,2,-11
ML,Mali,,,,,,ChIJz3MQG4g-FA4RgM-9oOJbOrs,2021-10-05,43,86,114,62,3,-11
ML,Mali,,,,,,ChIJz3MQG4g-FA4RgM-9oOJbOrs,2021-10-06,36,88,99,51,4,-10
ML,Mali,,,,,,ChIJz3MQG4g-FA4RgM-9oOJbOrs,2021-10-07,40,88,102,60,1,-9
ML,Mali,,,,,,ChIJz3MQG4g-FA4RgM-9oOJbOrs,2021-10-08,33,74,84,42,3,-9
ML,Mali,,,,,,ChIJz3MQG4g-FA4RgM-9oOJbOrs,2021-10-09,42,77,109,38,7,-10
ML,Mali,,,,,,ChIJz3MQG4g-FA4RgM-9oOJbOrs,2021-10-10,28,15,91,36,-2,-8
ML,Mali,,,,,,ChIJz3MQG4g-FA4RgM-9oOJbOrs,2021-10-11,45,37,95,47,3,-10
ML,Mali,,,,,,ChIJz3MQG4g-FA4RgM-9oOJbOrs,2021-10-12,39,79,98,53,3,-10
ML,Mali,,,,,,ChIJz3MQG4g-FA4RgM-9oOJbOrs,2021-10-13,40,88,98,47,5,-10
ML,Mali,,,,,,ChIJz3MQG4g-FA4RgM-9oOJbOrs,2021-10-14,39,85,101,58,2,-10
ML,Mali,,,,,,ChIJz3MQG4g-FA4RgM-9oOJbOrs,2021-10-15,38,77,89,54,5,-9
ML,Mali,,,,,,ChIJz3MQG4g-FA4RgM-9oOJbOrs,2021-10-16,43,78,106,44,10,-9
ML,Mali,,,,,,ChIJz3MQG4g-FA4RgM-9oOJbOrs,2021-10-17,29,16,98,48,1,-7
ML,Mali,,,,,,ChIJz3MQG4g-FA4RgM-9oOJbOrs,2021-10-18,53,45,113,58,2,-11
ML,Mali,,,,,,ChIJz3MQG4g-FA4RgM-9oOJbOrs,2021-10-19,19,60,85,36,-38,0
ML,Mali,,,,,,ChIJz3MQG4g-FA4RgM-9oOJbOrs,2021-10-20,40,89,112,54,7,-10
ML,Mali,,,,,,ChIJz3MQG4g-FA4RgM-9oOJbOrs,2021-10-21,37,83,103,57,1,-9
ML,Mali,,,,,,ChIJz3MQG4g-FA4RgM-9oOJbOrs,2021-10-22,38,77,89,45,3,-10
ML,Mali,,,,,,ChIJz3MQG4g-FA4RgM-9oOJbOrs,2021-10-23,44,77,93,45,9,-10
ML,Mali,,,,,,ChIJz3MQG4g-FA4RgM-9oOJbOrs,2021-10-24,38,19,92,44,-2,-7
ML,Mali,,,,,,ChIJz3MQG4g-FA4RgM-9oOJbOrs,2021-10-25,34,23,80,39,-39,0
ML,Mali,,,,,,ChIJz3MQG4g-FA4RgM-9oOJbOrs,2021-10-26,46,90,108,66,3,-12
ML,Mali,,,,,,ChIJz3MQG4g-FA4RgM-9oOJbOrs,2021-10-27,40,91,99,56,3,-11
ML,Mali,,,,,,ChIJz3MQG4g-FA4RgM-9oOJbOrs,2021-10-28,38,82,94,54,-2,-9
ML,Mali,,,,,,ChIJz3MQG4g-FA4RgM-9oOJbOrs,2021-10-29,43,75,122,51,1,-9
ML,Mali,,,,,,ChIJz3MQG4g-FA4RgM-9oOJbOrs,2021-10-30,51,88,112,58,10,-11
ML,Mali,,,,,,ChIJz3MQG4g-FA4RgM-9oOJbOrs,2021-10-31,39,25,103,52,2,-9
ML,Mali,,,,,,ChIJz3MQG4g-FA4RgM-9oOJbOrs,2021-11-01,51,45,104,61,1,-12
ML,Mali,,,,,,ChIJz3MQG4g-FA4RgM-9oOJbOrs,2021-11-02,47,89,108,57,2,-12
ML,Mali,,,,,,ChIJz3MQG4g-FA4RgM-9oOJbOrs,2021-11-03,44,91,113,55,5,-11
ML,Mali,,,,,,ChIJz3MQG4g-FA4RgM-9oOJbOrs,2021-11-04,44,93,109,64,3,-11
ML,Mali,,,,,,ChIJz3MQG4g-FA4RgM-9oOJbOrs,2021-11-05,44,84,112,56,6,-11
ML,Mali,,,,,,ChIJz3MQG4g-FA4RgM-9oOJbOrs,2021-11-06,52,87,126,53,12,-11
ML,Mali,,,,,,ChIJz3MQG4g-FA4RgM-9oOJbOrs,2021-11-07,35,21,112,53,2,-7
ML,Mali,,,,,,ChIJz3MQG4g-FA4RgM-9oOJbOrs,2021-11-08,53,44,119,57,7,-12
ML,Mali,,,,,,ChIJz3MQG4g-FA4RgM-9oOJbOrs,2021-11-09,48,90,124,59,6,-12
ML,Mali,,,,,,ChIJz3MQG4g-FA4RgM-9oOJbOrs,2021-11-10,46,97,114,57,7,-12
ML,Mali,,,,,,ChIJz3MQG4g-FA4RgM-9oOJbOrs,2021-11-11,43,88,104,58,2,-12
ML,Mali,,,,,,ChIJz3MQG4g-FA4RgM-9oOJbOrs,2021-11-12,39,77,98,47,6,-11
ML,Mali,,,,,,ChIJz3MQG4g-FA4RgM-9oOJbOrs,2021-11-13,47,80,107,42,11,-10
ML,Mali,,,,,,ChIJz3MQG4g-FA4RgM-9oOJbOrs,2021-11-14,30,16,100,45,-1,-7
ML,Mali,,,,,,ChIJz3MQG4g-FA4RgM-9oOJbOrs,2021-11-15,50,41,121,54,7,-12
ML,Mali,,,,,,ChIJz3MQG4g-FA4RgM-9oOJbOrs,2021-11-16,44,83,121,56,8,-12
ML,Mali,,,,,,ChIJz3MQG4g-FA4RgM-9oOJbOrs,2021-11-17,39,85,111,47,9,-11
ML,Mali,,,,,,ChIJz3MQG4g-FA4RgM-9oOJbOrs,2021-11-18,36,81,107,48,5,-11
ML,Mali,,,,,,ChIJz3MQG4g-FA4RgM-9oOJbOrs,2021-11-19,36,72,98,44,8,-11
ML,Mali,,,,,,ChIJz3MQG4g-FA4RgM-9oOJbOrs,2021-11-20,42,74,111,39,12,-10
ML,Mali,,,,,,ChIJz3MQG4g-FA4RgM-9oOJbOrs,2021-11-21,28,12,90,45,1,-6
ML,Mali,,,,,,ChIJz3MQG4g-FA4RgM-9oOJbOrs,2021-11-22,46,38,115,52,8,-11
ML,Mali,,,,,,ChIJz3MQG4g-FA4RgM-9oOJbOrs,2021-11-23,42,79,116,50,7,-11
ML,Mali,,,,,,ChIJz3MQG4g-FA4RgM-9oOJbOrs,2021-11-24,37,85,102,47,9,-9
ML,Mali,,,,,,ChIJz3MQG4g-FA4RgM-9oOJbOrs,2021-11-25,38,84,106,52,5,-10
ML,Mali,,,,,,ChIJz3MQG4g-FA4RgM-9oOJbOrs,2021-11-26,41,81,109,49,8,-11
ML,Mali,,,,,,ChIJz3MQG4g-FA4RgM-9oOJbOrs,2021-11-27,47,84,130,45,13,-11
ML,Mali,,,,,,ChIJz3MQG4g-FA4RgM-9oOJbOrs,2021-11-28,33,15,99,48,0,-7
ML,Mali,,,,,,ChIJz3MQG4g-FA4RgM-9oOJbOrs,2021-11-29,47,39,122,54,11,-12
ML,Mali,,,,,,ChIJz3MQG4g-FA4RgM-9oOJbOrs,2021-11-30,45,83,117,59,9,-12
ML,Mali,,,,,,ChIJz3MQG4g-FA4RgM-9oOJbOrs,2021-12-01,42,90,113,57,13,-11
ML,Mali,,,,,,ChIJz3MQG4g-FA4RgM-9oOJbOrs,2021-12-02,40,88,105,63,11,-8
ML,Mali,,,,,,ChIJz3MQG4g-FA4RgM-9oOJbOrs,2021-12-03,41,80,132,45,15,-8
ML,Mali,,,,,,ChIJz3MQG4g-FA4RgM-9oOJbOrs,2021-12-04,45,79,135,42,17,-8
ML,Mali,,,,,,ChIJz3MQG4g-FA4RgM-9oOJbOrs,2021-12-05,31,15,103,42,5,-4
ML,Mali,,,,,,ChIJz3MQG4g-FA4RgM-9oOJbOrs,2021-12-06,49,43,131,56,17,-9
ML,Mali,,,,,,ChIJz3MQG4g-FA4RgM-9oOJbOrs,2021-12-07,47,87,126,61,20,-9
ML,Mali,,,,,,ChIJz3MQG4g-FA4RgM-9oOJbOrs,2021-12-08,44,91,112,53,24,-8
ML,Mali,,,,,,ChIJz3MQG4g-FA4RgM-9oOJbOrs,2021-12-09,40,83,103,50,19,-7
ML,Mali,,,,,,ChIJz3MQG4g-FA4RgM-9oOJbOrs,2021-12-10,42,77,112,41,22,-8
ML,Mali,,,,,,ChIJz3MQG4g-FA4RgM-9oOJbOrs,2021-12-11,47,78,129,41,27,-7
ML,Mali,,,,,,ChIJz3MQG4g-FA4RgM-9oOJbOrs,2021-12-12,32,16,113,42,12,-4
ML,Mali,,,,,,ChIJz3MQG4g-FA4RgM-9oOJbOrs,2021-12-13,45,38,106,53,23,-8
ML,Mali,,,,,,ChIJz3MQG4g-FA4RgM-9oOJbOrs,2021-12-14,44,81,125,50,24,-8
ML,Mali,,,,,,ChIJz3MQG4g-FA4RgM-9oOJbOrs,2021-12-15,41,87,110,49,26,-7
ML,Mali,,,,,,ChIJz3MQG4g-FA4RgM-9oOJbOrs,2021-12-16,41,86,109,56,21,-7
ML,Mali,,,,,,ChIJz3MQG4g-FA4RgM-9oOJbOrs,2021-12-17,41,75,100,47,23,-7
ML,Mali,,,,,,ChIJz3MQG4g-FA4RgM-9oOJbOrs,2021-12-18,48,79,115,44,27,-7
ML,Mali,,,,,,ChIJz3MQG4g-FA4RgM-9oOJbOrs,2021-12-19,34,16,112,49,12,-5
ML,Mali,,,,,,ChIJz3MQG4g-FA4RgM-9oOJbOrs,2021-12-20,48,41,120,60,21,-8
ML,Mali,,,,,,ChIJz3MQG4g-FA4RgM-9oOJbOrs,2021-12-21,46,86,125,59,22,-8
ML,Mali,,,,,,ChIJz3MQG4g-FA4RgM-9oOJbOrs,2021-12-22,44,93,118,55,22,-7
ML,Mali,,,,,,ChIJz3MQG4g-FA4RgM-9oOJbOrs,2021-12-23,48,94,118,74,15,-8
ML,Mali,,,,,,ChIJz3MQG4g-FA4RgM-9oOJbOrs,2021-12-24,47,89,118,52,13,-7
ML,Mali,,,,,,ChIJz3MQG4g-FA4RgM-9oOJbOrs,2021-12-25,44,76,120,42,7,-6
ML,Mali,,,,,,ChIJz3MQG4g-FA4RgM-9oOJbOrs,2021-12-26,40,22,116,50,6,-5
ML,Mali,,,,,,ChIJz3MQG4g-FA4RgM-9oOJbOrs,2021-12-27,49,41,124,57,15,-7
ML,Mali,,,,,,ChIJz3MQG4g-FA4RgM-9oOJbOrs,2021-12-28,46,84,125,61,16,-7
ML,Mali,,,,,,ChIJz3MQG4g-FA4RgM-9oOJbOrs,2021-12-29,44,94,116,56,18,-6
ML,Mali,,,,,,ChIJz3MQG4g-FA4RgM-9oOJbOrs,2021-12-30,53,104,122,74,11,-6
ML,Mali,,,Bamako Metropolitan Area,,,ChIJaf_bnsLNUQ4RUNiQnsuXQg8,2021-01-01,-30,-8,35,-32,-53,16
ML,Mali,,,Bamako Metropolitan Area,,,ChIJaf_bnsLNUQ4RUNiQnsuXQg8,2021-01-02,-12,8,27,-17,-7,6
ML,Mali,,,Bamako Metropolitan Area,,,ChIJaf_bnsLNUQ4RUNiQnsuXQg8,2021-01-03,-16,4,23,-7,6,4
ML,Mali,,,Bamako Metropolitan Area,,,ChIJaf_bnsLNUQ4RUNiQnsuXQg8,2021-01-04,-2,21,47,12,-7,3
ML,Mali,,,Bamako Metropolitan Area,,,ChIJaf_bnsLNUQ4RUNiQnsuXQg8,2021-01-05,-6,12,42,-2,-8,4
ML,Mali,,,Bamako Metropolitan Area,,,ChIJaf_bnsLNUQ4RUNiQnsuXQg8,2021-01-06,-7,16,50,-10,-7,6
ML,Mali,,,Bamako Metropolitan Area,,,ChIJaf_bnsLNUQ4RUNiQnsuXQg8,2021-01-07,-8,21,43,-14,-7,6
ML,Mali,,,Bamako Metropolitan Area,,,ChIJaf_bnsLNUQ4RUNiQnsuXQg8,2021-01-08,-10,11,28,-16,-7,5
ML,Mali,,,Bamako Metropolitan Area,,,ChIJaf_bnsLNUQ4RUNiQnsuXQg8,2021-01-09,-4,16,23,-28,3,1
ML,Mali,,,Bamako Metropolitan Area,,,ChIJaf_bnsLNUQ4RUNiQnsuXQg8,2021-01-10,-7,5,18,-19,5,0
ML,Mali,,,Bamako Metropolitan Area,,,ChIJaf_bnsLNUQ4RUNiQnsuXQg8,2021-01-11,-2,18,40,-16,-5,3
ML,Mali,,,Bamako Metropolitan Area,,,ChIJaf_bnsLNUQ4RUNiQnsuXQg8,2021-01-12,-6,7,36,-22,-7,3
ML,Mali,,,Bamako Metropolitan Area,,,ChIJaf_bnsLNUQ4RUNiQnsuXQg8,2021-01-13,-10,11,38,-20,-10,3
ML,Mali,,,Bamako Metropolitan Area,,,ChIJaf_bnsLNUQ4RUNiQnsuXQg8,2021-01-14,-11,14,27,-26,-12,3
ML,Mali,,,Bamako Metropolitan Area,,,ChIJaf_bnsLNUQ4RUNiQnsuXQg8,2021-01-15,-16,0,16,-24,-15,3
ML,Mali,,,Bamako Metropolitan Area,,,ChIJaf_bnsLNUQ4RUNiQnsuXQg8,2021-01-16,-13,2,11,-34,-7,2
ML,Mali,,,Bamako Metropolitan Area,,,ChIJaf_bnsLNUQ4RUNiQnsuXQg8,2021-01-17,-16,-3,20,-27,-1,2
ML,Mali,,,Bamako Metropolitan Area,,,ChIJaf_bnsLNUQ4RUNiQnsuXQg8,2021-01-18,-10,10,45,-23,-12,3
ML,Mali,,,Bamako Metropolitan Area,,,ChIJaf_bnsLNUQ4RUNiQnsuXQg8,2021-01-19,-10,5,35,-26,-12,3
ML,Mali,,,Bamako Metropolitan Area,,,ChIJaf_bnsLNUQ4RUNiQnsuXQg8,2021-01-20,-20,2,33,-32,-39,12
ML,Mali,,,Bamako Metropolitan Area,,,ChIJaf_bnsLNUQ4RUNiQnsuXQg8,2021-01-21,-10,15,35,-23,-11,3
ML,Mali,,,Bamako Metropolitan Area,,,ChIJaf_bnsLNUQ4RUNiQnsuXQg8,2021-01-22,-14,4,58,-22,-11,4
ML,Mali,,,Bamako Metropolitan Area,,,ChIJaf_bnsLNUQ4RUNiQnsuXQg8,2021-01-23,-7,8,52,-32,-1,2
ML,Mali,,,Bamako Metropolitan Area,,,ChIJaf_bnsLNUQ4RUNiQnsuXQg8,2021-01-24,-10,3,64,-24,2,0
ML,Mali,,,Bamako Metropolitan Area,,,ChIJaf_bnsLNUQ4RUNiQnsuXQg8,2021-01-25,-6,18,82,-21,-6,-1
ML,Mali,,,Bamako Metropolitan Area,,,ChIJaf_bnsLNUQ4RUNiQnsuXQg8,2021-01-26,-7,6,80,-25,-6,0
ML,Mali,,,Bamako Metropolitan Area,,,ChIJaf_bnsLNUQ4RUNiQnsuXQg8,2021-01-27,-7,17,71,-17,-6,1
ML,Mali,,,Bamako Metropolitan Area,,,ChIJaf_bnsLNUQ4RUNiQnsuXQg8,2021-01-28,-7,21,69,-19,-6,-1
ML,Mali,,,Bamako Metropolitan Area,,,ChIJaf_bnsLNUQ4RUNiQnsuXQg8,2021-01-29,-7,10,50,-14,-8,-4
ML,Mali,,,Bamako Metropolitan Area,,,ChIJaf_bnsLNUQ4RUNiQnsuXQg8,2021-01-30,-2,16,33,-18,-3,-6
ML,Mali,,,Bamako Metropolitan Area,,,ChIJaf_bnsLNUQ4RUNiQnsuXQg8,2021-01-31,-8,8,44,-12,-2,-5
ML,Mali,,,Bamako Metropolitan Area,,,ChIJaf_bnsLNUQ4RUNiQnsuXQg8,2021-02-01,0,23,64,-5,-7,-7
ML,Mali,,,Bamako Metropolitan Area,,,ChIJaf_bnsLNUQ4RUNiQnsuXQg8,2021-02-02,-1,18,69,-16,-8,-8
ML,Mali,,,Bamako Metropolitan Area,,,ChIJaf_bnsLNUQ4RUNiQnsuXQg8,2021-02-03,-9,12,75,-17,-11,-6
ML,Mali,,,Bamako Metropolitan Area,,,ChIJaf_bnsLNUQ4RUNiQnsuXQg8,2021-02-04,-13,13,67,-21,-13,-7
ML,Mali,,,Bamako Metropolitan Area,,,ChIJaf_bnsLNUQ4RUNiQnsuXQg8,2021-02-05,-14,5,116,-21,-13,-8
ML,Mali,,,Bamako Metropolitan Area,,,ChIJaf_bnsLNUQ4RUNiQnsuXQg8,2021-02-06,-8,5,118,-32,-9,-8
ML,Mali,,,Bamako Metropolitan Area,,,ChIJaf_bnsLNUQ4RUNiQnsuXQg8,2021-02-07,-21,-7,64,-27,-12,-5
ML,Mali,,,Bamako Metropolitan Area,,,ChIJaf_bnsLNUQ4RUNiQnsuXQg8,2021-02-08,-7,13,91,-21,-11,-8
ML,Mali,,,Bamako Metropolitan Area,,,ChIJaf_bnsLNUQ4RUNiQnsuXQg8,2021-02-09,-6,11,82,-22,-12,-9
ML,Mali,,,Bamako Metropolitan Area,,,ChIJaf_bnsLNUQ4RUNiQnsuXQg8,2021-02-10,-7,18,76,-13,-9,-8
ML,Mali,,,Bamako Metropolitan Area,,,ChIJaf_bnsLNUQ4RUNiQnsuXQg8,2021-02-11,-9,18,67,-20,-11,-8
ML,Mali,,,Bamako Metropolitan Area,,,ChIJaf_bnsLNUQ4RUNiQnsuXQg8,2021-02-12,-12,7,53,-17,-13,-9
ML,Mali,,,Bamako Metropolitan Area,,,ChIJaf_bnsLNUQ4RUNiQnsuXQg8,2021-02-13,-6,8,43,-25,-11,-10
ML,Mali,,,Bamako Metropolitan Area,,,ChIJaf_bnsLNUQ4RUNiQnsuXQg8,2021-02-14,-8,3,58,-26,-12,-8
ML,Mali,,,Bamako Metropolitan Area,,,ChIJaf_bnsLNUQ4RUNiQnsuXQg8,2021-02-15,-5,15,67,-15,-12,-9
ML,Mali,,,Bamako Metropolitan Area,,,ChIJaf_bnsLNUQ4RUNiQnsuXQg8,2021-02-16,-6,12,59,-24,-13,-10
ML,Mali,,,Bamako Metropolitan Area,,,ChIJaf_bnsLNUQ4RUNiQnsuXQg8,2021-02-17,-10,11,61,-22,-14,-7
ML,Mali,,,Bamako Metropolitan Area,,,ChIJaf_bnsLNUQ4RUNiQnsuXQg8,2021-02-18,-7,19,64,-17,-12,-9
ML,Mali,,,Bamako Metropolitan Area,,,ChIJaf_bnsLNUQ4RUNiQnsuXQg8,2021-02-19,-10,6,49,-20,-12,-9
ML,Mali,,,Bamako Metropolitan Area,,,ChIJaf_bnsLNUQ4RUNiQnsuXQg8,2021-02-20,-3,9,50,-25,-8,-9
ML,Mali,,,Bamako Metropolitan Area,,,ChIJaf_bnsLNUQ4RUNiQnsuXQg8,2021-02-21,-11,0,49,-26,-10,-8
ML,Mali,,,Bamako Metropolitan Area,,,ChIJaf_bnsLNUQ4RUNiQnsuXQg8,2021-02-22,-5,13,76,-13,-8,-9
ML,Mali,,,Bamako Metropolitan Area,,,ChIJaf_bnsLNUQ4RUNiQnsuXQg8,2021-02-23,-5,10,73,-24,-10,-9
ML,Mali,,,Bamako Metropolitan Area,,,ChIJaf_bnsLNUQ4RUNiQnsuXQg8,2021-02-24,-5,15,72,-17,-9,-8
ML,Mali,,,Bamako Metropolitan Area,,,ChIJaf_bnsLNUQ4RUNiQnsuXQg8,2021-02-25,-7,17,86,-16,-10,-8
ML,Mali,,,Bamako Metropolitan Area,,,ChIJaf_bnsLNUQ4RUNiQnsuXQg8,2021-02-26,-10,8,129,-17,-10,-10
ML,Mali,,,Bamako Metropolitan Area,,,ChIJaf_bnsLNUQ4RUNiQnsuXQg8,2021-02-27,-2,13,201,-23,-8,-10
ML,Mali,,,Bamako Metropolitan Area,,,ChIJaf_bnsLNUQ4RUNiQnsuXQg8,2021-02-28,-7,5,134,-20,-11,-9
ML,Mali,,,Bamako Metropolitan Area,,,ChIJaf_bnsLNUQ4RUNiQnsuXQg8,2021-03-01,-3,18,73,-11,-8,-11
ML,Mali,,,Bamako Metropolitan Area,,,ChIJaf_bnsLNUQ4RUNiQnsuXQg8,2021-03-02,-4,13,72,-20,-10,-10
ML,Mali,,,Bamako Metropolitan Area,,,ChIJaf_bnsLNUQ4RUNiQnsuXQg8,2021-03-03,-3,17,94,-14,-9,-9
ML,Mali,,,Bamako Metropolitan Area,,,ChIJaf_bnsLNUQ4RUNiQnsuXQg8,2021-03-04,-6,18,87,-17,-8,-9
ML,Mali,,,Bamako Metropolitan Area,,,ChIJaf_bnsLNUQ4RUNiQnsuXQg8,2021-03-05,-6,9,115,-18,-10,-10
ML,Mali,,,Bamako Metropolitan Area,,,ChIJaf_bnsLNUQ4RUNiQnsuXQg8,2021-03-06,1,12,132,-24,-8,-10
ML,Mali,,,Bamako Metropolitan Area,,,ChIJaf_bnsLNUQ4RUNiQnsuXQg8,2021-03-07,-7,1,103,-20,-10,-9
ML,Mali,,,Bamako Metropolitan Area,,,ChIJaf_bnsLNUQ4RUNiQnsuXQg8,2021-03-08,-5,15,103,-16,-10,-10
ML,Mali,,,Bamako Metropolitan Area,,,ChIJaf_bnsLNUQ4RUNiQnsuXQg8,2021-03-09,-5,10,90,-25,-9,-10
ML,Mali,,,Bamako Metropolitan Area,,,ChIJaf_bnsLNUQ4RUNiQnsuXQg8,2021-03-10,-4,21,108,-15,-7,-9
ML,Mali,,,Bamako Metropolitan Area,,,ChIJaf_bnsLNUQ4RUNiQnsuXQg8,2021-03-11,-8,20,88,-19,-9,-9
ML,Mali,,,Bamako Metropolitan Area,,,ChIJaf_bnsLNUQ4RUNiQnsuXQg8,2021-03-12,-8,13,77,-20,-8,-9
ML,Mali,,,Bamako Metropolitan Area,,,ChIJaf_bnsLNUQ4RUNiQnsuXQg8,2021-03-13,-2,14,66,-27,-7,-10
ML,Mali,,,Bamako Metropolitan Area,,,ChIJaf_bnsLNUQ4RUNiQnsuXQg8,2021-03-14,-8,6,62,-23,-11,-8
ML,Mali,,,Bamako Metropolitan Area,,,ChIJaf_bnsLNUQ4RUNiQnsuXQg8,2021-03-15,-3,22,93,-11,-5,-10
ML,Mali,,,Bamako Metropolitan Area,,,ChIJaf_bnsLNUQ4RUNiQnsuXQg8,2021-03-16,-5,11,102,-18,-8,-10
ML,Mali,,,Bamako Metropolitan Area,,,ChIJaf_bnsLNUQ4RUNiQnsuXQg8,2021-03-17,-5,20,109,-15,-5,-8
ML,Mali,,,Bamako Metropolitan Area,,,ChIJaf_bnsLNUQ4RUNiQnsuXQg8,2021-03-18,-6,23,94,-17,-5,-9
ML,Mali,,,Bamako Metropolitan Area,,,ChIJaf_bnsLNUQ4RUNiQnsuXQg8,2021-03-19,-6,16,79,-16,-6,-10
ML,Mali,,,Bamako Metropolitan Area,,,ChIJaf_bnsLNUQ4RUNiQnsuXQg8,2021-03-20,1,18,86,-22,-5,-10
ML,Mali,,,Bamako Metropolitan Area,,,ChIJaf_bnsLNUQ4RUNiQnsuXQg8,2021-03-21,-6,9,73,-18,-10,-9
ML,Mali,,,Bamako Metropolitan Area,,,ChIJaf_bnsLNUQ4RUNiQnsuXQg8,2021-03-22,-3,26,118,-14,-5,-11
ML,Mali,,,Bamako Metropolitan Area,,,ChIJaf_bnsLNUQ4RUNiQnsuXQg8,2021-03-23,-4,13,106,-29,-8,-10
ML,Mali,,,Bamako Metropolitan Area,,,ChIJaf_bnsLNUQ4RUNiQnsuXQg8,2021-03-24,-4,24,128,-15,-6,-9
ML,Mali,,,Bamako Metropolitan Area,,,ChIJaf_bnsLNUQ4RUNiQnsuXQg8,2021-03-25,0,32,128,-6,-9,-11
ML,Mali,,,Bamako Metropolitan Area,,,ChIJaf_bnsLNUQ4RUNiQnsuXQg8,2021-03-26,-14,10,77,-22,-43,-1
ML,Mali,,,Bamako Metropolitan Area,,,ChIJaf_bnsLNUQ4RUNiQnsuXQg8,2021-03-27,1,21,109,-23,-8,-9
ML,Mali,,,Bamako Metropolitan Area,,,ChIJaf_bnsLNUQ4RUNiQnsuXQg8,2021-03-28,-2,14,100,-10,-13,-10
ML,Mali,,,Bamako Metropolitan Area,,,ChIJaf_bnsLNUQ4RUNiQnsuXQg8,2021-03-29,-1,30,99,-8,-8,-10
ML,Mali,,,Bamako Metropolitan Area,,,ChIJaf_bnsLNUQ4RUNiQnsuXQg8,2021-03-30,-2,21,119,-13,-9,-10
ML,Mali,,,Bamako Metropolitan Area,,,ChIJaf_bnsLNUQ4RUNiQnsuXQg8,2021-03-31,-1,28,133,-8,-14,-8
ML,Mali,,,Bamako Metropolitan Area,,,ChIJaf_bnsLNUQ4RUNiQnsuXQg8,2021-04-01,-4,32,91,-8,-13,-7
ML,Mali,,,Bamako Metropolitan Area,,,ChIJaf_bnsLNUQ4RUNiQnsuXQg8,2021-04-02,-6,20,118,-12,-13,-7
ML,Mali,,,Bamako Metropolitan Area,,,ChIJaf_bnsLNUQ4RUNiQnsuXQg8,2021-04-03,3,27,132,-15,-9,-10
ML,Mali,,,Bamako Metropolitan Area,,,ChIJaf_bnsLNUQ4RUNiQnsuXQg8,2021-04-04,-3,15,126,-12,-12,-10
ML,Mali,,,Bamako Metropolitan Area,,,ChIJaf_bnsLNUQ4RUNiQnsuXQg8,2021-04-05,-13,15,71,-11,-46,-1
ML,Mali,,,Bamako Metropolitan Area,,,ChIJaf_bnsLNUQ4RUNiQnsuXQg8,2021-04-06,-1,23,112,-7,-5,-11
ML,Mali,,,Bamako Metropolitan Area,,,ChIJaf_bnsLNUQ4RUNiQnsuXQg8,2021-04-07,-1,31,107,-10,-6,-9
ML,Mali,,,Bamako Metropolitan Area,,,ChIJaf_bnsLNUQ4RUNiQnsuXQg8,2021-04-08,-3,35,111,-8,-6,-9
ML,Mali,,,Bamako Metropolitan Area,,,ChIJaf_bnsLNUQ4RUNiQnsuXQg8,2021-04-09,-4,29,90,-11,-6,-10
ML,Mali,,,Bamako Metropolitan Area,,,ChIJaf_bnsLNUQ4RUNiQnsuXQg8,2021-04-10,2,32,83,-18,-3,-10
ML,Mali,,,Bamako Metropolitan Area,,,ChIJaf_bnsLNUQ4RUNiQnsuXQg8,2021-04-11,-8,16,60,-7,-5,-8
ML,Mali,,,Bamako Metropolitan Area,,,ChIJaf_bnsLNUQ4RUNiQnsuXQg8,2021-04-12,6,48,121,-5,-2,-11
ML,Mali,,,Bamako Metropolitan Area,,,ChIJaf_bnsLNUQ4RUNiQnsuXQg8,2021-04-13,-15,19,77,-20,-9,-7
ML,Mali,,,Bamako Metropolitan Area,,,ChIJaf_bnsLNUQ4RUNiQnsuXQg8,2021-04-14,-14,23,87,-14,-9,-5
ML,Mali,,,Bamako Metropolitan Area,,,ChIJaf_bnsLNUQ4RUNiQnsuXQg8,2021-04-15,-16,30,68,-15,-7,-4
ML,Mali,,,Bamako Metropolitan Area,,,ChIJaf_bnsLNUQ4RUNiQnsuXQg8,2021-04-16,-19,18,49,-20,-10,-2
ML,Mali,,,Bamako Metropolitan Area,,,ChIJaf_bnsLNUQ4RUNiQnsuXQg8,2021-04-17,-9,26,45,-25,-4,-1
ML,Mali,,,Bamako Metropolitan Area,,,ChIJaf_bnsLNUQ4RUNiQnsuXQg8,2021-04-18,-21,5,22,-20,0,2
ML,Mali,,,Bamako Metropolitan Area,,,ChIJaf_bnsLNUQ4RUNiQnsuXQg8,2021-04-19,-7,31,70,-10,-3,-4
ML,Mali,,,Bamako Metropolitan Area,,,ChIJaf_bnsLNUQ4RUNiQnsuXQg8,2021-04-20,-9,26,68,-22,-6,-4
ML,Mali,,,Bamako Metropolitan Area,,,ChIJaf_bnsLNUQ4RUNiQnsuXQg8,2021-04-21,-10,28,85,-26,-6,-4
ML,Mali,,,Bamako Metropolitan Area,,,ChIJaf_bnsLNUQ4RUNiQnsuXQg8,2021-04-22,-12,30,72,-30,-4,-3
ML,Mali,,,Bamako Metropolitan Area,,,ChIJaf_bnsLNUQ4RUNiQnsuXQg8,2021-04-23,-13,24,61,-27,-6,-2
ML,Mali,,,Bamako Metropolitan Area,,,ChIJaf_bnsLNUQ4RUNiQnsuXQg8,2021-04-24,-10,27,54,-36,-2,-2
ML,Mali,,,Bamako Metropolitan Area,,,ChIJaf_bnsLNUQ4RUNiQnsuXQg8,2021-04-25,-16,13,43,-27,3,1
ML,Mali,,,Bamako Metropolitan Area,,,ChIJaf_bnsLNUQ4RUNiQnsuXQg8,2021-04-26,-6,35,93,-24,-2,-4
ML,Mali,,,Bamako Metropolitan Area,,,ChIJaf_bnsLNUQ4RUNiQnsuXQg8,2021-04-27,-9,25,86,-24,-6,-5
ML,Mali,,,Bamako Metropolitan Area,,,ChIJaf_bnsLNUQ4RUNiQnsuXQg8,2021-04-28,-9,30,91,-23,-5,-5
ML,Mali,,,Bamako Metropolitan Area,,,ChIJaf_bnsLNUQ4RUNiQnsuXQg8,2021-04-29,-10,36,93,-22,-4,-4
ML,Mali,,,Bamako Metropolitan Area,,,ChIJaf_bnsLNUQ4RUNiQnsuXQg8,2021-04-30,-9,29,74,-26,-6,-5
ML,Mali,,,Bamako Metropolitan Area,,,ChIJaf_bnsLNUQ4RUNiQnsuXQg8,2021-05-01,-5,33,58,-32,-10,-1
ML,Mali,,,Bamako Metropolitan Area,,,ChIJaf_bnsLNUQ4RUNiQnsuXQg8,2021-05-02,-10,22,37,-25,9,0
ML,Mali,,,Bamako Metropolitan Area,,,ChIJaf_bnsLNUQ4RUNiQnsuXQg8,2021-05-03,2,46,116,-15,-2,-6
ML,Mali,,,Bamako Metropolitan Area,,,ChIJaf_bnsLNUQ4RUNiQnsuXQg8,2021-05-04,0,37,107,-24,-4,-6
ML,Mali,,,Bamako Metropolitan Area,,,ChIJaf_bnsLNUQ4RUNiQnsuXQg8,2021-05-05,-3,41,99,-15,-2,-5
ML,Mali,,,Bamako Metropolitan Area,,,ChIJaf_bnsLNUQ4RUNiQnsuXQg8,2021-05-06,-4,44,92,-20,-3,-4
ML,Mali,,,Bamako Metropolitan Area,,,ChIJaf_bnsLNUQ4RUNiQnsuXQg8,2021-05-07,-8,31,77,-23,-5,-4
ML,Mali,,,Bamako Metropolitan Area,,,ChIJaf_bnsLNUQ4RUNiQnsuXQg8,2021-05-08,-2,39,69,-29,-2,-4
ML,Mali,,,Bamako Metropolitan Area,,,ChIJaf_bnsLNUQ4RUNiQnsuXQg8,2021-05-09,-4,31,51,-20,15,-3
ML,Mali,,,Bamako Metropolitan Area,,,ChIJaf_bnsLNUQ4RUNiQnsuXQg8,2021-05-10,6,50,105,-11,-7,-7
ML,Mali,,,Bamako Metropolitan Area,,,ChIJaf_bnsLNUQ4RUNiQnsuXQg8,2021-05-11,24,82,115,-1,-16,-9
ML,Mali,,,Bamako Metropolitan Area,,,ChIJaf_bnsLNUQ4RUNiQnsuXQg8,2021-05-12,-18,15,106,-54,-78,2
ML,Mali,,,Bamako Metropolitan Area,,,ChIJaf_bnsLNUQ4RUNiQnsuXQg8,2021-05-13,-13,23,126,-49,-54,4
ML,Mali,,,Bamako Metropolitan Area,,,ChIJaf_bnsLNUQ4RUNiQnsuXQg8,2021-05-14,-6,26,117,-34,-33,-1
ML,Mali,,,Bamako Metropolitan Area,,,ChIJaf_bnsLNUQ4RUNiQnsuXQg8,2021-05-15,-1,27,116,-32,-24,-3
ML,Mali,,,Bamako Metropolitan Area,,,ChIJaf_bnsLNUQ4RUNiQnsuXQg8,2021-05-16,-1,19,114,-15,-7,-5
ML,Mali,,,Bamako Metropolitan Area,,,ChIJaf_bnsLNUQ4RUNiQnsuXQg8,2021-05-17,7,48,135,-10,-7,-7
ML,Mali,,,Bamako Metropolitan Area,,,ChIJaf_bnsLNUQ4RUNiQnsuXQg8,2021-05-18,4,39,139,-17,-8,-6
ML,Mali,,,Bamako Metropolitan Area,,,ChIJaf_bnsLNUQ4RUNiQnsuXQg8,2021-05-19,0,42,142,-15,-7,-4
ML,Mali,,,Bamako Metropolitan Area,,,ChIJaf_bnsLNUQ4RUNiQnsuXQg8,2021-05-20,-8,38,116,-25,-6,-3
ML,Mali,,,Bamako Metropolitan Area,,,ChIJaf_bnsLNUQ4RUNiQnsuXQg8,2021-05-21,3,42,126,-19,-5,-7
ML,Mali,,,Bamako Metropolitan Area,,,ChIJaf_bnsLNUQ4RUNiQnsuXQg8,2021-05-22,12,47,129,-20,3,-10
ML,Mali,,,Bamako Metropolitan Area,,,ChIJaf_bnsLNUQ4RUNiQnsuXQg8,2021-05-23,3,28,112,-15,0,-8
ML,Mali,,,Bamako Metropolitan Area,,,ChIJaf_bnsLNUQ4RUNiQnsuXQg8,2021-05-24,10,55,162,-4,-3,-9
ML,Mali,,,Bamako Metropolitan Area,,,ChIJaf_bnsLNUQ4RUNiQnsuXQg8,2021-05-25,-2,39,119,-22,-39,1
ML,Mali,,,Bamako Metropolitan Area,,,ChIJaf_bnsLNUQ4RUNiQnsuXQg8,2021-05-26,5,52,153,-11,2,-8
ML,Mali,,,Bamako Metropolitan Area,,,ChIJaf_bnsLNUQ4RUNiQnsuXQg8,2021-05-27,10,62,158,-2,2,-10
ML,Mali,,,Bamako Metropolitan Area,,,ChIJaf_bnsLNUQ4RUNiQnsuXQg8,2021-05-28,10,54,146,-1,3,-12
ML,Mali,,,Bamako Metropolitan Area,,,ChIJaf_bnsLNUQ4RUNiQnsuXQg8,2021-05-29,16,55,116,-15,4,-12
ML,Mali,,,Bamako Metropolitan Area,,,ChIJaf_bnsLNUQ4RUNiQnsuXQg8,2021-05-30,4,31,125,-7,-2,-11
ML,Mali,,,Bamako Metropolitan Area,,,ChIJaf_bnsLNUQ4RUNiQnsuXQg8,2021-05-31,21,67,181,8,4,-15
ML,Mali,,,Bamako Metropolitan Area,,,ChIJaf_bnsLNUQ4RUNiQnsuXQg8,2021-06-01,17,60,161,-3,2,-15
ML,Mali,,,Bamako Metropolitan Area,,,ChIJaf_bnsLNUQ4RUNiQnsuXQg8,2021-06-02,15,66,164,-1,4,-14
ML,Mali,,,Bamako Metropolitan Area,,,ChIJaf_bnsLNUQ4RUNiQnsuXQg8,2021-06-03,8,60,163,-4,4,-12
ML,Mali,,,Bamako Metropolitan Area,,,ChIJaf_bnsLNUQ4RUNiQnsuXQg8,2021-06-04,14,58,189,-2,6,-14
ML,Mali,,,Bamako Metropolitan Area,,,ChIJaf_bnsLNUQ4RUNiQnsuXQg8,2021-06-05,19,60,133,-10,5,-13
ML,Mali,,,Bamako Metropolitan Area,,,ChIJaf_bnsLNUQ4RUNiQnsuXQg8,2021-06-06,9,32,114,-4,-1,-10
ML,Mali,,,Bamako Metropolitan Area,,,ChIJaf_bnsLNUQ4RUNiQnsuXQg8,2021-06-07,21,73,203,3,7,-15
ML,Mali,,,Bamako Metropolitan Area,,,ChIJaf_bnsLNUQ4RUNiQnsuXQg8,2021-06-08,19,60,174,-4,4,-15
ML,Mali,,,Bamako Metropolitan Area,,,ChIJaf_bnsLNUQ4RUNiQnsuXQg8,2021-06-09,17,63,172,-3,5,-14
ML,Mali,,,Bamako Metropolitan Area,,,ChIJaf_bnsLNUQ4RUNiQnsuXQg8,2021-06-10,14,66,158,0,7,-14
ML,Mali,,,Bamako Metropolitan Area,,,ChIJaf_bnsLNUQ4RUNiQnsuXQg8,2021-06-11,15,54,152,-1,7,-14
ML,Mali,,,Bamako Metropolitan Area,,,ChIJaf_bnsLNUQ4RUNiQnsuXQg8,2021-06-12,20,56,132,-4,6,-13
ML,Mali,,,Bamako Metropolitan Area,,,ChIJaf_bnsLNUQ4RUNiQnsuXQg8,2021-06-13,5,27,120,1,-1,-9
ML,Mali,,,Bamako Metropolitan Area,,,ChIJaf_bnsLNUQ4RUNiQnsuXQg8,2021-06-14,13,53,153,4,5,-12
ML,Mali,,,Bamako Metropolitan Area,,,ChIJaf_bnsLNUQ4RUNiQnsuXQg8,2021-06-15,16,52,159,0,2,-14
ML,Mali,,,Bamako Metropolitan Area,,,ChIJaf_bnsLNUQ4RUNiQnsuXQg8,2021-06-16,15,63,167,7,5,-15
ML,Mali,,,Bamako Metropolitan Area,,,ChIJaf_bnsLNUQ4RUNiQnsuXQg8,2021-06-17,11,63,156,22,5,-14
ML,Mali,,,Bamako Metropolitan Area,,,ChIJaf_bnsLNUQ4RUNiQnsuXQg8,2021-06-18,8,48,136,13,4,-13
ML,Mali,,,Bamako Metropolitan Area,,,ChIJaf_bnsLNUQ4RUNiQnsuXQg8,2021-06-19,9,41,112,3,0,-11
ML,Mali,,,Bamako Metropolitan Area,,,ChIJaf_bnsLNUQ4RUNiQnsuXQg8,2021-06-20,6,31,124,17,-4,-13
ML,Mali,,,Bamako Metropolitan Area,,,ChIJaf_bnsLNUQ4RUNiQnsuXQg8,2021-06-21,13,55,155,23,1,-15
ML,Mali,,,Bamako Metropolitan Area,,,ChIJaf_bnsLNUQ4RUNiQnsuXQg8,2021-06-22,12,46,140,21,-2,-14
ML,Mali,,,Bamako Metropolitan Area,,,ChIJaf_bnsLNUQ4RUNiQnsuXQg8,2021-06-23,14,59,166,23,2,-14
ML,Mali,,,Bamako Metropolitan Area,,,ChIJaf_bnsLNUQ4RUNiQnsuXQg8,2021-06-24,13,61,163,27,2,-14
ML,Mali,,,Bamako Metropolitan Area,,,ChIJaf_bnsLNUQ4RUNiQnsuXQg8,2021-06-25,8,44,149,21,2,-14
ML,Mali,,,Bamako Metropolitan Area,,,ChIJaf_bnsLNUQ4RUNiQnsuXQg8,2021-06-26,22,58,164,22,3,-14
ML,Mali,,,Bamako Metropolitan Area,,,ChIJaf_bnsLNUQ4RUNiQnsuXQg8,2021-06-27,13,36,153,28,-2,-12
ML,Mali,,,Bamako Metropolitan Area,,,ChIJaf_bnsLNUQ4RUNiQnsuXQg8,2021-06-28,10,48,146,25,1,-14
ML,Mali,,,Bamako Metropolitan Area,,,ChIJaf_bnsLNUQ4RUNiQnsuXQg8,2021-06-29,12,49,163,22,-1,-14
ML,Mali,,,Bamako Metropolitan Area,,,ChIJaf_bnsLNUQ4RUNiQnsuXQg8,2021-06-30,20,66,176,35,2,-13
ML,Mali,,,Bamako Metropolitan Area,,,ChIJaf_bnsLNUQ4RUNiQnsuXQg8,2021-07-01,20,76,181,40,1,-12
ML,Mali,,,Bamako Metropolitan Area,,,ChIJaf_bnsLNUQ4RUNiQnsuXQg8,2021-07-02,10,51,156,28,-4,-6
ML,Mali,,,Bamako Metropolitan Area,,,ChIJaf_bnsLNUQ4RUNiQnsuXQg8,2021-07-03,29,65,199,33,4,-13
ML,Mali,,,Bamako Metropolitan Area,,,ChIJaf_bnsLNUQ4RUNiQnsuXQg8,2021-07-04,12,38,160,43,3,-11
ML,Mali,,,Bamako Metropolitan Area,,,ChIJaf_bnsLNUQ4RUNiQnsuXQg8,2021-07-05,22,69,181,40,3,-12
ML,Mali,,,Bamako Metropolitan Area,,,ChIJaf_bnsLNUQ4RUNiQnsuXQg8,2021-07-06,25,69,194,42,5,-14
ML,Mali,,,Bamako Metropolitan Area,,,ChIJaf_bnsLNUQ4RUNiQnsuXQg8,2021-07-07,21,75,193,33,6,-14
ML,Mali,,,Bamako Metropolitan Area,,,ChIJaf_bnsLNUQ4RUNiQnsuXQg8,2021-07-08,21,81,181,45,7,-14
ML,Mali,,,Bamako Metropolitan Area,,,ChIJaf_bnsLNUQ4RUNiQnsuXQg8,2021-07-09,10,53,138,28,4,-11
ML,Mali,,,Bamako Metropolitan Area,,,ChIJaf_bnsLNUQ4RUNiQnsuXQg8,2021-07-10,22,61,151,29,4,-14
ML,Mali,,,Bamako Metropolitan Area,,,ChIJaf_bnsLNUQ4RUNiQnsuXQg8,2021-07-11,13,41,143,39,8,-12
ML,Mali,,,Bamako Metropolitan Area,,,ChIJaf_bnsLNUQ4RUNiQnsuXQg8,2021-07-12,26,77,190,50,3,-14
ML,Mali,,,Bamako Metropolitan Area,,,ChIJaf_bnsLNUQ4RUNiQnsuXQg8,2021-07-13,25,67,200,49,1,-16
ML,Mali,,,Bamako Metropolitan Area,,,ChIJaf_bnsLNUQ4RUNiQnsuXQg8,2021-07-14,26,81,216,54,4,-15
ML,Mali,,,Bamako Metropolitan Area,,,ChIJaf_bnsLNUQ4RUNiQnsuXQg8,2021-07-15,23,85,188,68,5,-14
ML,Mali,,,Bamako Metropolitan Area,,,ChIJaf_bnsLNUQ4RUNiQnsuXQg8,2021-07-16,20,65,168,62,1,-12
ML,Mali,,,Bamako Metropolitan Area,,,ChIJaf_bnsLNUQ4RUNiQnsuXQg8,2021-07-17,35,83,172,81,4,-15
ML,Mali,,,Bamako Metropolitan Area,,,ChIJaf_bnsLNUQ4RUNiQnsuXQg8,2021-07-18,34,72,135,113,25,-14
ML,Mali,,,Bamako Metropolitan Area,,,ChIJaf_bnsLNUQ4RUNiQnsuXQg8,2021-07-19,28,94,158,52,-22,-12
ML,Mali,,,Bamako Metropolitan Area,,,ChIJaf_bnsLNUQ4RUNiQnsuXQg8,2021-07-20,-17,8,152,-34,-81,-3
ML,Mali,,,Bamako Metropolitan Area,,,ChIJaf_bnsLNUQ4RUNiQnsuXQg8,2021-07-21,-15,14,174,-23,-75,1
ML,Mali,,,Bamako Metropolitan Area,,,ChIJaf_bnsLNUQ4RUNiQnsuXQg8,2021-07-22,-4,35,174,4,-37,-6
ML,Mali,,,Bamako Metropolitan Area,,,ChIJaf_bnsLNUQ4RUNiQnsuXQg8,2021-07-23,-8,22,124,-5,-36,0
ML,Mali,,,Bamako Metropolitan Area,,,ChIJaf_bnsLNUQ4RUNiQnsuXQg8,2021-07-24,13,43,157,12,-20,-9
ML,Mali,,,Bamako Metropolitan Area,,,ChIJaf_bnsLNUQ4RUNiQnsuXQg8,2021-07-25,4,23,149,26,-8,-9
ML,Mali,,,Bamako Metropolitan Area,,,ChIJaf_bnsLNUQ4RUNiQnsuXQg8,2021-07-26,22,68,198,44,-1,-13
ML,Mali,,,Bamako Metropolitan Area,,,ChIJaf_bnsLNUQ4RUNiQnsuXQg8,2021-07-27,12,45,172,35,-4,-11
ML,Mali,,,Bamako Metropolitan Area,,,ChIJaf_bnsLNUQ4RUNiQnsuXQg8,2021-07-28,14,59,173,34,0,-11
ML,Mali,,,Bamako Metropolitan Area,,,ChIJaf_bnsLNUQ4RUNiQnsuXQg8,2021-07-29,13,62,171,34,-1,-8
ML,Mali,,,Bamako Metropolitan Area,,,ChIJaf_bnsLNUQ4RUNiQnsuXQg8,2021-07-30,13,53,175,31,2,-10
ML,Mali,,,Bamako Metropolitan Area,,,ChIJaf_bnsLNUQ4RUNiQnsuXQg8,2021-07-31,13,47,163,20,0,-10
ML,Mali,,,Bamako Metropolitan Area,,,ChIJaf_bnsLNUQ4RUNiQnsuXQg8,2021-08-01,12,34,164,40,-2,-10
ML,Mali,,,Bamako Metropolitan Area,,,ChIJaf_bnsLNUQ4RUNiQnsuXQg8,2021-08-02,25,73,206,50,2,-13
ML,Mali,,,Bamako Metropolitan Area,,,ChIJaf_bnsLNUQ4RUNiQnsuXQg8,2021-08-03,13,53,209,32,-3,-11
ML,Mali,,,Bamako Metropolitan Area,,,ChIJaf_bnsLNUQ4RUNiQnsuXQg8,2021-08-04,11,59,212,20,-2,-10
ML,Mali,,,Bamako Metropolitan Area,,,ChIJaf_bnsLNUQ4RUNiQnsuXQg8,2021-08-05,20,78,200,42,1,-11
ML,Mali,,,Bamako Metropolitan Area,,,ChIJaf_bnsLNUQ4RUNiQnsuXQg8,2021-08-06,15,59,235,28,2,-11
ML,Mali,,,Bamako Metropolitan Area,,,ChIJaf_bnsLNUQ4RUNiQnsuXQg8,2021-08-07,15,51,209,18,1,-11
ML,Mali,,,Bamako Metropolitan Area,,,ChIJaf_bnsLNUQ4RUNiQnsuXQg8,2021-08-08,12,39,181,25,-2,-9
ML,Mali,,,Bamako Metropolitan Area,,,ChIJaf_bnsLNUQ4RUNiQnsuXQg8,2021-08-09,22,74,210,50,0,-12
ML,Mali,,,Bamako Metropolitan Area,,,ChIJaf_bnsLNUQ4RUNiQnsuXQg8,2021-08-10,20,63,205,33,-2,-12
ML,Mali,,,Bamako Metropolitan Area,,,ChIJaf_bnsLNUQ4RUNiQnsuXQg8,2021-08-11,5,52,184,23,-3,-9
ML,Mali,,,Bamako Metropolitan Area,,,ChIJaf_bnsLNUQ4RUNiQnsuXQg8,2021-08-12,17,73,201,35,1,-11
ML,Mali,,,Bamako Metropolitan Area,,,ChIJaf_bnsLNUQ4RUNiQnsuXQg8,2021-08-13,14,58,181,24,1,-9
ML,Mali,,,Bamako Metropolitan Area,,,ChIJaf_bnsLNUQ4RUNiQnsuXQg8,2021-08-14,4,39,137,14,-2,-5
ML,Mali,,,Bamako Metropolitan Area,,,ChIJaf_bnsLNUQ4RUNiQnsuXQg8,2021-08-15,-3,27,136,30,-2,-7
ML,Mali,,,Bamako Metropolitan Area,,,ChIJaf_bnsLNUQ4RUNiQnsuXQg8,2021-08-16,15,65,196,42,-4,-11
ML,Mali,,,Bamako Metropolitan Area,,,ChIJaf_bnsLNUQ4RUNiQnsuXQg8,2021-08-17,15,59,189,35,-7,-10
ML,Mali,,,Bamako Metropolitan Area,,,ChIJaf_bnsLNUQ4RUNiQnsuXQg8,2021-08-18,17,75,216,30,-2,-10
ML,Mali,,,Bamako Metropolitan Area,,,ChIJaf_bnsLNUQ4RUNiQnsuXQg8,2021-08-19,2,59,170,21,-35,-1
ML,Mali,,,Bamako Metropolitan Area,,,ChIJaf_bnsLNUQ4RUNiQnsuXQg8,2021-08-20,9,54,169,21,1,-8
ML,Mali,,,Bamako Metropolitan Area,,,ChIJaf_bnsLNUQ4RUNiQnsuXQg8,2021-08-21,15,53,178,17,3,-8
ML,Mali,,,Bamako Metropolitan Area,,,ChIJaf_bnsLNUQ4RUNiQnsuXQg8,2021-08-22,8,36,167,32,3,-9
ML,Mali,,,Bamako Metropolitan Area,,,ChIJaf_bnsLNUQ4RUNiQnsuXQg8,2021-08-23,21,69,207,35,-1,-12
ML,Mali,,,Bamako Metropolitan Area,,,ChIJaf_bnsLNUQ4RUNiQnsuXQg8,2021-08-24,20,63,214,28,-4,-12
ML,Mali,,,Bamako Metropolitan Area,,,ChIJaf_bnsLNUQ4RUNiQnsuXQg8,2021-08-25,18,70,232,30,-4,-10
ML,Mali,,,Bamako Metropolitan Area,,,ChIJaf_bnsLNUQ4RUNiQnsuXQg8,2021-08-26,21,79,249,37,-1,-11
ML,Mali,,,Bamako Metropolitan Area,,,ChIJaf_bnsLNUQ4RUNiQnsuXQg8,2021-08-27,17,61,204,26,1,-9
ML,Mali,,,Bamako Metropolitan Area,,,ChIJaf_bnsLNUQ4RUNiQnsuXQg8,2021-08-28,18,57,187,23,3,-9
ML,Mali,,,Bamako Metropolitan Area,,,ChIJaf_bnsLNUQ4RUNiQnsuXQg8,2021-08-29,5,32,172,30,0,-7
ML,Mali,,,Bamako Metropolitan Area,,,ChIJaf_bnsLNUQ4RUNiQnsuXQg8,2021-08-30,25,78,223,50,0,-10
ML,Mali,,,Bamako Metropolitan Area,,,ChIJaf_bnsLNUQ4RUNiQnsuXQg8,2021-08-31,15,56,205,34,-6,-7
ML,Mali,,,Bamako Metropolitan Area,,,ChIJaf_bnsLNUQ4RUNiQnsuXQg8,2021-09-01,24,78,233,43,0,-11
ML,Mali,,,Bamako Metropolitan Area,,,ChIJaf_bnsLNUQ4RUNiQnsuXQg8,2021-09-02,20,76,237,44,1,-9
ML,Mali,,,Bamako Metropolitan Area,,,ChIJaf_bnsLNUQ4RUNiQnsuXQg8,2021-09-03,14,55,248,30,-2,-6
ML,Mali,,,Bamako Metropolitan Area,,,ChIJaf_bnsLNUQ4RUNiQnsuXQg8,2021-09-04,25,63,235,34,6,-9
ML,Mali,,,Bamako Metropolitan Area,,,ChIJaf_bnsLNUQ4RUNiQnsuXQg8,2021-09-05,12,39,200,36,3,-9
ML,Mali,,,Bamako Metropolitan Area,,,ChIJaf_bnsLNUQ4RUNiQnsuXQg8,2021-09-06,23,76,229,53,1,-10
ML,Mali,,,Bamako Metropolitan Area,,,ChIJaf_bnsLNUQ4RUNiQnsuXQg8,2021-09-07,24,68,246,47,0,-11
ML,Mali,,,Bamako Metropolitan Area,,,ChIJaf_bnsLNUQ4RUNiQnsuXQg8,2021-09-08,22,75,239,41,1,-10
ML,Mali,,,Bamako Metropolitan Area,,,ChIJaf_bnsLNUQ4RUNiQnsuXQg8,2021-09-09,6,57,207,37,0,-6
ML,Mali,,,Bamako Metropolitan Area,,,ChIJaf_bnsLNUQ4RUNiQnsuXQg8,2021-09-10,18,61,213,40,3,-9
ML,Mali,,,Bamako Metropolitan Area,,,ChIJaf_bnsLNUQ4RUNiQnsuXQg8,2021-09-11,26,66,210,39,7,-9
ML,Mali,,,Bamako Metropolitan Area,,,ChIJaf_bnsLNUQ4RUNiQnsuXQg8,2021-09-12,11,35,202,34,4,-8
ML,Mali,,,Bamako Metropolitan Area,,,ChIJaf_bnsLNUQ4RUNiQnsuXQg8,2021-09-13,26,76,255,58,2,-10
ML,Mali,,,Bamako Metropolitan Area,,,ChIJaf_bnsLNUQ4RUNiQnsuXQg8,2021-09-14,24,65,241,44,-2,-11
ML,Mali,,,Bamako Metropolitan Area,,,ChIJaf_bnsLNUQ4RUNiQnsuXQg8,2021-09-15,13,57,228,35,-1,-7
ML,Mali,,,Bamako Metropolitan Area,,,ChIJaf_bnsLNUQ4RUNiQnsuXQg8,2021-09-16,16,69,225,48,-1,-6
ML,Mali,,,Bamako Metropolitan Area,,,ChIJaf_bnsLNUQ4RUNiQnsuXQg8,2021-09-17,17,60,222,40,0,-8
ML,Mali,,,Bamako Metropolitan Area,,,ChIJaf_bnsLNUQ4RUNiQnsuXQg8,2021-09-18,24,62,197,44,5,-10
ML,Mali,,,Bamako Metropolitan Area,,,ChIJaf_bnsLNUQ4RUNiQnsuXQg8,2021-09-19,9,39,183,40,4,-8
ML,Mali,,,Bamako Metropolitan Area,,,ChIJaf_bnsLNUQ4RUNiQnsuXQg8,2021-09-20,25,75,286,63,1,-10
ML,Mali,,,Bamako Metropolitan Area,,,ChIJaf_bnsLNUQ4RUNiQnsuXQg8,2021-09-21,25,67,308,47,-2,-11
ML,Mali,,,Bamako Metropolitan Area,,,ChIJaf_bnsLNUQ4RUNiQnsuXQg8,2021-09-22,2,50,243,15,-40,2
ML,Mali,,,Bamako Metropolitan Area,,,ChIJaf_bnsLNUQ4RUNiQnsuXQg8,2021-09-23,20,80,245,50,4,-10
ML,Mali,,,Bamako Metropolitan Area,,,ChIJaf_bnsLNUQ4RUNiQnsuXQg8,2021-09-24,18,65,210,41,4,-9
ML,Mali,,,Bamako Metropolitan Area,,,ChIJaf_bnsLNUQ4RUNiQnsuXQg8,2021-09-25,24,62,200,39,7,-10
ML,Mali,,,Bamako Metropolitan Area,,,ChIJaf_bnsLNUQ4RUNiQnsuXQg8,2021-09-26,14,41,223,36,6,-9
ML,Mali,,,Bamako Metropolitan Area,,,ChIJaf_bnsLNUQ4RUNiQnsuXQg8,2021-09-27,22,74,268,45,3,-10
ML,Mali,,,Bamako Metropolitan Area,,,ChIJaf_bnsLNUQ4RUNiQnsuXQg8,2021-09-28,24,66,259,42,1,-10
ML,Mali,,,Bamako Metropolitan Area,,,ChIJaf_bnsLNUQ4RUNiQnsuXQg8,2021-09-29,17,69,243,36,3,-8
ML,Mali,,,Bamako Metropolitan Area,,,ChIJaf_bnsLNUQ4RUNiQnsuXQg8,2021-09-30,17,74,255,41,5,-8
ML,Mali,,,Bamako Metropolitan Area,,,ChIJaf_bnsLNUQ4RUNiQnsuXQg8,2021-10-01,21,67,285,46,6,-9
ML,Mali,,,Bamako Metropolitan Area,,,ChIJaf_bnsLNUQ4RUNiQnsuXQg8,2021-10-02,29,66,296,41,7,-10
ML,Mali,,,Bamako Metropolitan Area,,,ChIJaf_bnsLNUQ4RUNiQnsuXQg8,2021-10-03,13,40,208,48,8,-9
ML,Mali,,,Bamako Metropolitan Area,,,ChIJaf_bnsLNUQ4RUNiQnsuXQg8,2021-10-04,20,68,232,46,3,-10
ML,Mali,,,Bamako Metropolitan Area,,,ChIJaf_bnsLNUQ4RUNiQnsuXQg8,2021-10-05,28,69,247,57,2,-11
ML,Mali,,,Bamako Metropolitan Area,,,ChIJaf_bnsLNUQ4RUNiQnsuXQg8,2021-10-06,22,70,231,49,4,-9
ML,Mali,,,Bamako Metropolitan Area,,,ChIJaf_bnsLNUQ4RUNiQnsuXQg8,2021-10-07,25,79,231,54,6,-9
ML,Mali,,,Bamako Metropolitan Area,,,ChIJaf_bnsLNUQ4RUNiQnsuXQg8,2021-10-08,18,60,202,44,5,-8
ML,Mali,,,Bamako Metropolitan Area,,,ChIJaf_bnsLNUQ4RUNiQnsuXQg8,2021-10-09,29,65,256,42,8,-9
ML,Mali,,,Bamako Metropolitan Area,,,ChIJaf_bnsLNUQ4RUNiQnsuXQg8,2021-10-10,15,41,207,43,10,-8
ML,Mali,,,Bamako Metropolitan Area,,,ChIJaf_bnsLNUQ4RUNiQnsuXQg8,2021-10-11,30,74,232,55,6,-9
ML,Mali,,,Bamako Metropolitan Area,,,ChIJaf_bnsLNUQ4RUNiQnsuXQg8,2021-10-12,25,63,236,54,3,-10
ML,Mali,,,Bamako Metropolitan Area,,,ChIJaf_bnsLNUQ4RUNiQnsuXQg8,2021-10-13,27,71,247,50,6,-9
ML,Mali,,,Bamako Metropolitan Area,,,ChIJaf_bnsLNUQ4RUNiQnsuXQg8,2021-10-14,24,75,243,53,7,-9
ML,Mali,,,Bamako Metropolitan Area,,,ChIJaf_bnsLNUQ4RUNiQnsuXQg8,2021-10-15,22,62,203,50,8,-8
ML,Mali,,,Bamako Metropolitan Area,,,ChIJaf_bnsLNUQ4RUNiQnsuXQg8,2021-10-16,28,61,216,38,10,-8
ML,Mali,,,Bamako Metropolitan Area,,,ChIJaf_bnsLNUQ4RUNiQnsuXQg8,2021-10-17,14,39,199,48,10,-7
ML,Mali,,,Bamako Metropolitan Area,,,ChIJaf_bnsLNUQ4RUNiQnsuXQg8,2021-10-18,34,78,238,58,4,-10
ML,Mali,,,Bamako Metropolitan Area,,,ChIJaf_bnsLNUQ4RUNiQnsuXQg8,2021-10-19,4,42,179,28,-41,2
ML,Mali,,,Bamako Metropolitan Area,,,ChIJaf_bnsLNUQ4RUNiQnsuXQg8,2021-10-20,26,71,259,48,7,-9
ML,Mali,,,Bamako Metropolitan Area,,,ChIJaf_bnsLNUQ4RUNiQnsuXQg8,2021-10-21,24,73,252,56,7,-9
ML,Mali,,,Bamako Metropolitan Area,,,ChIJaf_bnsLNUQ4RUNiQnsuXQg8,2021-10-22,23,63,215,45,6,-9
ML,Mali,,,Bamako Metropolitan Area,,,ChIJaf_bnsLNUQ4RUNiQnsuXQg8,2021-10-23,30,62,194,41,9,-9
ML,Mali,,,Bamako Metropolitan Area,,,ChIJaf_bnsLNUQ4RUNiQnsuXQg8,2021-10-24,23,43,190,48,10,-8
ML,Mali,,,Bamako Metropolitan Area,,,ChIJaf_bnsLNUQ4RUNiQnsuXQg8,2021-10-25,17,53,187,37,-40,1
ML,Mali,,,Bamako Metropolitan Area,,,ChIJaf_bnsLNUQ4RUNiQnsuXQg8,2021-10-26,33,72,230,68,3,-11
ML,Mali,,,Bamako Metropolitan Area,,,ChIJaf_bnsLNUQ4RUNiQnsuXQg8,2021-10-27,28,76,240,62,4,-10
ML,Mali,,,Bamako Metropolitan Area,,,ChIJaf_bnsLNUQ4RUNiQnsuXQg8,2021-10-28,26,74,227,53,4,-8
ML,Mali,,,Bamako Metropolitan Area,,,ChIJaf_bnsLNUQ4RUNiQnsuXQg8,2021-10-29,27,60,298,53,4,-8
ML,Mali,,,Bamako Metropolitan Area,,,ChIJaf_bnsLNUQ4RUNiQnsuXQg8,2021-10-30,36,70,239,57,11,-10
ML,Mali,,,Bamako Metropolitan Area,,,ChIJaf_bnsLNUQ4RUNiQnsuXQg8,2021-10-31,24,52,212,59,14,-9
ML,Mali,,,Bamako Metropolitan Area,,,ChIJaf_bnsLNUQ4RUNiQnsuXQg8,2021-11-01,34,81,230,69,3,-12
ML,Mali,,,Bamako Metropolitan Area,,,ChIJaf_bnsLNUQ4RUNiQnsuXQg8,2021-11-02,32,72,223,56,2,-11
ML,Mali,,,Bamako Metropolitan Area,,,ChIJaf_bnsLNUQ4RUNiQnsuXQg8,2021-11-03,31,75,254,60,6,-10
ML,Mali,,,Bamako Metropolitan Area,,,ChIJaf_bnsLNUQ4RUNiQnsuXQg8,2021-11-04,29,83,250,61,9,-10
ML,Mali,,,Bamako Metropolitan Area,,,ChIJaf_bnsLNUQ4RUNiQnsuXQg8,2021-11-05,27,68,268,57,9,-10
ML,Mali,,,Bamako Metropolitan Area,,,ChIJaf_bnsLNUQ4RUNiQnsuXQg8,2021-11-06,36,70,272,46,13,-11
ML,Mali,,,Bamako Metropolitan Area,,,ChIJaf_bnsLNUQ4RUNiQnsuXQg8,2021-11-07,19,44,225,58,13,-7
ML,Mali,,,Bamako Metropolitan Area,,,ChIJaf_bnsLNUQ4RUNiQnsuXQg8,2021-11-08,34,79,263,62,9,-11
ML,Mali,,,Bamako Metropolitan Area,,,ChIJaf_bnsLNUQ4RUNiQnsuXQg8,2021-11-09,33,72,257,57,6,-12
ML,Mali,,,Bamako Metropolitan Area,,,ChIJaf_bnsLNUQ4RUNiQnsuXQg8,2021-11-10,33,80,267,58,8,-11
ML,Mali,,,Bamako Metropolitan Area,,,ChIJaf_bnsLNUQ4RUNiQnsuXQg8,2021-11-11,28,79,248,57,8,-11
ML,Mali,,,Bamako Metropolitan Area,,,ChIJaf_bnsLNUQ4RUNiQnsuXQg8,2021-11-12,23,64,226,46,9,-10
ML,Mali,,,Bamako Metropolitan Area,,,ChIJaf_bnsLNUQ4RUNiQnsuXQg8,2021-11-13,33,65,223,37,12,-9
ML,Mali,,,Bamako Metropolitan Area,,,ChIJaf_bnsLNUQ4RUNiQnsuXQg8,2021-11-14,15,38,206,48,10,-7
ML,Mali,,,Bamako Metropolitan Area,,,ChIJaf_bnsLNUQ4RUNiQnsuXQg8,2021-11-15,33,76,273,59,10,-11
ML,Mali,,,Bamako Metropolitan Area,,,ChIJaf_bnsLNUQ4RUNiQnsuXQg8,2021-11-16,30,67,263,56,8,-11
ML,Mali,,,Bamako Metropolitan Area,,,ChIJaf_bnsLNUQ4RUNiQnsuXQg8,2021-11-17,25,69,266,46,10,-11
ML,Mali,,,Bamako Metropolitan Area,,,ChIJaf_bnsLNUQ4RUNiQnsuXQg8,2021-11-18,22,73,258,46,11,-10
ML,Mali,,,Bamako Metropolitan Area,,,ChIJaf_bnsLNUQ4RUNiQnsuXQg8,2021-11-19,22,60,237,46,12,-10
ML,Mali,,,Bamako Metropolitan Area,,,ChIJaf_bnsLNUQ4RUNiQnsuXQg8,2021-11-20,28,58,238,34,14,-9
ML,Mali,,,Bamako Metropolitan Area,,,ChIJaf_bnsLNUQ4RUNiQnsuXQg8,2021-11-21,12,31,182,43,12,-6
ML,Mali,,,Bamako Metropolitan Area,,,ChIJaf_bnsLNUQ4RUNiQnsuXQg8,2021-11-22,29,71,256,51,10,-11
ML,Mali,,,Bamako Metropolitan Area,,,ChIJaf_bnsLNUQ4RUNiQnsuXQg8,2021-11-23,25,60,243,42,8,-10
ML,Mali,,,Bamako Metropolitan Area,,,ChIJaf_bnsLNUQ4RUNiQnsuXQg8,2021-11-24,23,66,237,45,10,-9
ML,Mali,,,Bamako Metropolitan Area,,,ChIJaf_bnsLNUQ4RUNiQnsuXQg8,2021-11-25,24,73,249,50,12,-9
ML,Mali,,,Bamako Metropolitan Area,,,ChIJaf_bnsLNUQ4RUNiQnsuXQg8,2021-11-26,25,66,254,49,13,-11
ML,Mali,,,Bamako Metropolitan Area,,,ChIJaf_bnsLNUQ4RUNiQnsuXQg8,2021-11-27,32,66,277,40,15,-10
ML,Mali,,,Bamako Metropolitan Area,,,ChIJaf_bnsLNUQ4RUNiQnsuXQg8,2021-11-28,17,37,199,51,11,-7
ML,Mali,,,Bamako Metropolitan Area,,,ChIJaf_bnsLNUQ4RUNiQnsuXQg8,2021-11-29,30,74,272,55,13,-11
ML,Mali,,,Bamako Metropolitan Area,,,ChIJaf_bnsLNUQ4RUNiQnsuXQg8,2021-11-30,30,66,248,54,10,-11
ML,Mali,,,Bamako Metropolitan Area,,,ChIJaf_bnsLNUQ4RUNiQnsuXQg8,2021-12-01,28,73,268,55,14,-10
ML,Mali,,,Bamako Metropolitan Area,,,ChIJaf_bnsLNUQ4RUNiQnsuXQg8,2021-12-02,25,79,245,59,17,-7
ML,Mali,,,Bamako Metropolitan Area,,,ChIJaf_bnsLNUQ4RUNiQnsuXQg8,2021-12-03,24,67,316,40,18,-7
ML,Mali,,,Bamako Metropolitan Area,,,ChIJaf_bnsLNUQ4RUNiQnsuXQg8,2021-12-04,31,65,288,38,19,-7
ML,Mali,,,Bamako Metropolitan Area,,,ChIJaf_bnsLNUQ4RUNiQnsuXQg8,2021-12-05,17,39,210,39,17,-4
ML,Mali,,,Bamako Metropolitan Area,,,ChIJaf_bnsLNUQ4RUNiQnsuXQg8,2021-12-06,31,78,288,56,19,-8
ML,Mali,,,Bamako Metropolitan Area,,,ChIJaf_bnsLNUQ4RUNiQnsuXQg8,2021-12-07,31,69,263,57,20,-7
ML,Mali,,,Bamako Metropolitan Area,,,ChIJaf_bnsLNUQ4RUNiQnsuXQg8,2021-12-08,29,74,253,49,25,-6
ML,Mali,,,Bamako Metropolitan Area,,,ChIJaf_bnsLNUQ4RUNiQnsuXQg8,2021-12-09,24,72,236,46,26,-6
ML,Mali,,,Bamako Metropolitan Area,,,ChIJaf_bnsLNUQ4RUNiQnsuXQg8,2021-12-10,25,62,262,40,25,-6
ML,Mali,,,Bamako Metropolitan Area,,,ChIJaf_bnsLNUQ4RUNiQnsuXQg8,2021-12-11,31,63,269,35,28,-6
ML,Mali,,,Bamako Metropolitan Area,,,ChIJaf_bnsLNUQ4RUNiQnsuXQg8,2021-12-12,16,40,220,36,24,-3
ML,Mali,,,Bamako Metropolitan Area,,,ChIJaf_bnsLNUQ4RUNiQnsuXQg8,2021-12-13,28,71,225,48,26,-7
ML,Mali,,,Bamako Metropolitan Area,,,ChIJaf_bnsLNUQ4RUNiQnsuXQg8,2021-12-14,28,64,250,45,24,-7
ML,Mali,,,Bamako Metropolitan Area,,,ChIJaf_bnsLNUQ4RUNiQnsuXQg8,2021-12-15,26,70,245,45,26,-6
ML,Mali,,,Bamako Metropolitan Area,,,ChIJaf_bnsLNUQ4RUNiQnsuXQg8,2021-12-16,24,76,243,51,27,-6
ML,Mali,,,Bamako Metropolitan Area,,,ChIJaf_bnsLNUQ4RUNiQnsuXQg8,2021-12-17,24,59,216,42,26,-5
ML,Mali,,,Bamako Metropolitan Area,,,ChIJaf_bnsLNUQ4RUNiQnsuXQg8,2021-12-18,33,63,236,36,28,-6
ML,Mali,,,Bamako Metropolitan Area,,,ChIJaf_bnsLNUQ4RUNiQnsuXQg8,2021-12-19,17,37,218,47,23,-5
ML,Mali,,,Bamako Metropolitan Area,,,ChIJaf_bnsLNUQ4RUNiQnsuXQg8,2021-12-20,29,75,250,57,24,-7
ML,Mali,,,Bamako Metropolitan Area,,,ChIJaf_bnsLNUQ4RUNiQnsuXQg8,2021-12-21,29,68,243,52,21,-6
ML,Mali,,,Bamako Metropolitan Area,,,ChIJaf_bnsLNUQ4RUNiQnsuXQg8,2021-12-22,29,75,259,52,23,-6
ML,Mali,,,Bamako Metropolitan Area,,,ChIJaf_bnsLNUQ4RUNiQnsuXQg8,2021-12-23,30,82,249,68,21,-6
ML,Mali,,,Bamako Metropolitan Area,,,ChIJaf_bnsLNUQ4RUNiQnsuXQg8,2021-12-24,28,74,241,47,16,-5
ML,Mali,,,Bamako Metropolitan Area,,,ChIJaf_bnsLNUQ4RUNiQnsuXQg8,2021-12-25,26,59,233,28,7,-4
ML,Mali,,,Bamako Metropolitan Area,,,ChIJaf_bnsLNUQ4RUNiQnsuXQg8,2021-12-26,22,47,226,39,17,-5
ML,Mali,,,Bamako Metropolitan Area,,,ChIJaf_bnsLNUQ4RUNiQnsuXQg8,2021-12-27,29,78,258,50,16,-5
ML,Mali,,,Bamako Metropolitan Area,,,ChIJaf_bnsLNUQ4RUNiQnsuXQg8,2021-12-28,29,66,255,53,15,-5
ML,Mali,,,Bamako Metropolitan Area,,,ChIJaf_bnsLNUQ4RUNiQnsuXQg8,2021-12-29,28,77,259,44,17,-4
ML,Mali,,,Bamako Metropolitan Area,,,ChIJaf_bnsLNUQ4RUNiQnsuXQg8,2021-12-30,36,92,265,61,16,-5
