country_region_code,country_region,sub_region_1,sub_region_2,metro_area,iso_3166_2_code,census_fips_code,place_id,date,retail_and_recreation_percent_change_from_baseline,grocery_and_pharmacy_percent_change_from_baseline,parks_percent_change_from_baseline,transit_stations_percent_change_from_baseline,workplaces_percent_change_from_baseline,residential_percent_change_from_baseline
YE,Yemen,,,,,,ChIJX7w0fKzbAxYRrneufjcp8ZI,2021-01-01,33,49,53,28,8,6
YE,Yemen,,,,,,ChIJX7w0fKzbAxYRrneufjcp8ZI,2021-01-02,37,56,20,35,16,5
YE,Yemen,,,,,,ChIJX7w0fKzbAxYRrneufjcp8ZI,2021-01-03,39,58,60,33,16,5
YE,Yemen,,,,,,ChIJX7w0fKzbAxYRrneufjcp8ZI,2021-01-04,41,54,64,31,20,5
YE,Yemen,,,,,,ChIJX7w0fKzbAxYRrneufjcp8ZI,2021-01-05,36,52,58,31,15,4
YE,Yemen,,,,,,ChIJX7w0fKzbAxYRrneufjcp8ZI,2021-01-06,36,52,51,28,11,4
YE,Yemen,,,,,,ChIJX7w0fKzbAxYRrneufjcp8ZI,2021-01-07,40,50,54,36,17,4
YE,Yemen,,,,,,ChIJX7w0fKzbAxYRrneufjcp8ZI,2021-01-08,33,50,48,25,4,5
YE,Yemen,,,,,,ChIJX7w0fKzbAxYRrneufjcp8ZI,2021-01-09,38,54,15,33,14,3
YE,Yemen,,,,,,ChIJX7w0fKzbAxYRrneufjcp8ZI,2021-01-10,42,57,46,28,15,3
YE,Yemen,,,,,,ChIJX7w0fKzbAxYRrneufjcp8ZI,2021-01-11,43,53,46,28,20,3
YE,Yemen,,,,,,ChIJX7w0fKzbAxYRrneufjcp8ZI,2021-01-12,33,48,47,23,13,3
YE,Yemen,,,,,,ChIJX7w0fKzbAxYRrneufjcp8ZI,2021-01-13,29,42,37,20,7,1
YE,Yemen,,,,,,ChIJX7w0fKzbAxYRrneufjcp8ZI,2021-01-14,25,34,30,12,4,0
YE,Yemen,,,,,,ChIJX7w0fKzbAxYRrneufjcp8ZI,2021-01-15,15,27,19,-1,-13,1
YE,Yemen,,,,,,ChIJX7w0fKzbAxYRrneufjcp8ZI,2021-01-16,14,29,-5,3,-6,1
YE,Yemen,,,,,,ChIJX7w0fKzbAxYRrneufjcp8ZI,2021-01-17,20,35,22,1,-3,2
YE,Yemen,,,,,,ChIJX7w0fKzbAxYRrneufjcp8ZI,2021-01-18,21,31,28,4,0,2
YE,Yemen,,,,,,ChIJX7w0fKzbAxYRrneufjcp8ZI,2021-01-19,17,29,26,4,-2,1
YE,Yemen,,,,,,ChIJX7w0fKzbAxYRrneufjcp8ZI,2021-01-20,15,28,24,-5,-4,2
YE,Yemen,,,,,,ChIJX7w0fKzbAxYRrneufjcp8ZI,2021-01-21,21,30,26,8,4,2
YE,Yemen,,,,,,ChIJX7w0fKzbAxYRrneufjcp8ZI,2021-01-22,16,30,23,0,-8,4
YE,Yemen,,,,,,ChIJX7w0fKzbAxYRrneufjcp8ZI,2021-01-23,18,33,-1,5,1,3
YE,Yemen,,,,,,ChIJX7w0fKzbAxYRrneufjcp8ZI,2021-01-24,24,40,31,7,3,2
YE,Yemen,,,,,,ChIJX7w0fKzbAxYRrneufjcp8ZI,2021-01-25,25,36,37,11,5,3
YE,Yemen,,,,,,ChIJX7w0fKzbAxYRrneufjcp8ZI,2021-01-26,22,36,35,10,3,2
YE,Yemen,,,,,,ChIJX7w0fKzbAxYRrneufjcp8ZI,2021-01-27,21,33,33,10,0,2
YE,Yemen,,,,,,ChIJX7w0fKzbAxYRrneufjcp8ZI,2021-01-28,27,35,36,15,6,1
YE,Yemen,,,,,,ChIJX7w0fKzbAxYRrneufjcp8ZI,2021-01-29,25,40,32,13,-7,2
YE,Yemen,,,,,,ChIJX7w0fKzbAxYRrneufjcp8ZI,2021-01-30,32,49,9,20,2,0
YE,Yemen,,,,,,ChIJX7w0fKzbAxYRrneufjcp8ZI,2021-01-31,35,53,42,16,4,0
YE,Yemen,,,,,,ChIJX7w0fKzbAxYRrneufjcp8ZI,2021-02-01,38,52,48,21,6,0
YE,Yemen,,,,,,ChIJX7w0fKzbAxYRrneufjcp8ZI,2021-02-02,33,49,48,21,2,-1
YE,Yemen,,,,,,ChIJX7w0fKzbAxYRrneufjcp8ZI,2021-02-03,19,30,31,5,-5,-1
YE,Yemen,,,,,,ChIJX7w0fKzbAxYRrneufjcp8ZI,2021-02-04,15,20,33,-2,-4,-3
YE,Yemen,,,,,,ChIJX7w0fKzbAxYRrneufjcp8ZI,2021-02-05,13,23,30,-2,-15,-2
YE,Yemen,,,,,,ChIJX7w0fKzbAxYRrneufjcp8ZI,2021-02-06,14,24,-1,4,-4,-2
YE,Yemen,,,,,,ChIJX7w0fKzbAxYRrneufjcp8ZI,2021-02-07,17,24,28,-2,-2,-2
YE,Yemen,,,,,,ChIJX7w0fKzbAxYRrneufjcp8ZI,2021-02-08,19,25,30,2,-2,-3
YE,Yemen,,,,,,ChIJX7w0fKzbAxYRrneufjcp8ZI,2021-02-09,24,36,38,9,-2,-2
YE,Yemen,,,,,,ChIJX7w0fKzbAxYRrneufjcp8ZI,2021-02-10,22,31,34,7,-2,-2
YE,Yemen,,,,,,ChIJX7w0fKzbAxYRrneufjcp8ZI,2021-02-11,26,31,32,4,0,-2
YE,Yemen,,,,,,ChIJX7w0fKzbAxYRrneufjcp8ZI,2021-02-12,23,35,28,5,-10,-1
YE,Yemen,,,,,,ChIJX7w0fKzbAxYRrneufjcp8ZI,2021-02-13,25,39,-2,11,-1,-2
YE,Yemen,,,,,,ChIJX7w0fKzbAxYRrneufjcp8ZI,2021-02-14,30,43,27,8,3,-2
YE,Yemen,,,,,,ChIJX7w0fKzbAxYRrneufjcp8ZI,2021-02-15,29,37,33,4,5,-2
YE,Yemen,,,,,,ChIJX7w0fKzbAxYRrneufjcp8ZI,2021-02-16,29,42,33,9,3,-3
YE,Yemen,,,,,,ChIJX7w0fKzbAxYRrneufjcp8ZI,2021-02-17,28,40,30,8,0,-3
YE,Yemen,,,,,,ChIJX7w0fKzbAxYRrneufjcp8ZI,2021-02-18,32,38,35,11,3,-3
YE,Yemen,,,,,,ChIJX7w0fKzbAxYRrneufjcp8ZI,2021-02-19,28,42,35,8,-7,-2
YE,Yemen,,,,,,ChIJX7w0fKzbAxYRrneufjcp8ZI,2021-02-20,30,45,6,16,3,-3
YE,Yemen,,,,,,ChIJX7w0fKzbAxYRrneufjcp8ZI,2021-02-21,32,47,38,13,5,-3
YE,Yemen,,,,,,ChIJX7w0fKzbAxYRrneufjcp8ZI,2021-02-22,34,41,36,12,7,-3
YE,Yemen,,,,,,ChIJX7w0fKzbAxYRrneufjcp8ZI,2021-02-23,29,43,35,12,4,-3
YE,Yemen,,,,,,ChIJX7w0fKzbAxYRrneufjcp8ZI,2021-02-24,29,41,31,9,1,-3
YE,Yemen,,,,,,ChIJX7w0fKzbAxYRrneufjcp8ZI,2021-02-25,32,40,40,13,5,-3
YE,Yemen,,,,,,ChIJX7w0fKzbAxYRrneufjcp8ZI,2021-02-26,25,42,34,11,-8,-1
YE,Yemen,,,,,,ChIJX7w0fKzbAxYRrneufjcp8ZI,2021-02-27,30,49,5,14,4,-3
YE,Yemen,,,,,,ChIJX7w0fKzbAxYRrneufjcp8ZI,2021-02-28,31,49,32,6,4,-3
YE,Yemen,,,,,,ChIJX7w0fKzbAxYRrneufjcp8ZI,2021-03-01,34,46,37,9,9,-4
YE,Yemen,,,,,,ChIJX7w0fKzbAxYRrneufjcp8ZI,2021-03-02,32,49,38,11,4,-3
YE,Yemen,,,,,,ChIJX7w0fKzbAxYRrneufjcp8ZI,2021-03-03,32,49,36,13,3,-3
YE,Yemen,,,,,,ChIJX7w0fKzbAxYRrneufjcp8ZI,2021-03-04,35,47,38,14,6,-3
YE,Yemen,,,,,,ChIJX7w0fKzbAxYRrneufjcp8ZI,2021-03-05,30,50,29,8,-6,-1
YE,Yemen,,,,,,ChIJX7w0fKzbAxYRrneufjcp8ZI,2021-03-06,31,53,2,14,3,-2
YE,Yemen,,,,,,ChIJX7w0fKzbAxYRrneufjcp8ZI,2021-03-07,35,53,29,13,6,-3
YE,Yemen,,,,,,ChIJX7w0fKzbAxYRrneufjcp8ZI,2021-03-08,35,47,36,8,8,-3
YE,Yemen,,,,,,ChIJX7w0fKzbAxYRrneufjcp8ZI,2021-03-09,32,51,33,15,6,-3
YE,Yemen,,,,,,ChIJX7w0fKzbAxYRrneufjcp8ZI,2021-03-10,33,50,30,12,3,-3
YE,Yemen,,,,,,ChIJX7w0fKzbAxYRrneufjcp8ZI,2021-03-11,37,50,37,15,7,-2
YE,Yemen,,,,,,ChIJX7w0fKzbAxYRrneufjcp8ZI,2021-03-12,32,54,30,14,-4,-1
YE,Yemen,,,,,,ChIJX7w0fKzbAxYRrneufjcp8ZI,2021-03-13,37,60,7,20,6,-2
YE,Yemen,,,,,,ChIJX7w0fKzbAxYRrneufjcp8ZI,2021-03-14,41,63,37,16,9,-2
YE,Yemen,,,,,,ChIJX7w0fKzbAxYRrneufjcp8ZI,2021-03-15,41,57,36,15,12,-2
YE,Yemen,,,,,,ChIJX7w0fKzbAxYRrneufjcp8ZI,2021-03-16,33,53,33,13,5,-2
YE,Yemen,,,,,,ChIJX7w0fKzbAxYRrneufjcp8ZI,2021-03-17,36,54,36,16,5,-3
YE,Yemen,,,,,,ChIJX7w0fKzbAxYRrneufjcp8ZI,2021-03-18,41,55,38,21,10,-2
YE,Yemen,,,,,,ChIJX7w0fKzbAxYRrneufjcp8ZI,2021-03-19,36,58,33,13,-3,-1
YE,Yemen,,,,,,ChIJX7w0fKzbAxYRrneufjcp8ZI,2021-03-20,29,51,-3,15,1,-1
YE,Yemen,,,,,,ChIJX7w0fKzbAxYRrneufjcp8ZI,2021-03-21,46,69,42,21,9,-4
YE,Yemen,,,,,,ChIJX7w0fKzbAxYRrneufjcp8ZI,2021-03-22,45,62,41,17,11,-2
YE,Yemen,,,,,,ChIJX7w0fKzbAxYRrneufjcp8ZI,2021-03-23,39,61,35,22,6,-3
YE,Yemen,,,,,,ChIJX7w0fKzbAxYRrneufjcp8ZI,2021-03-24,39,60,39,17,3,-2
YE,Yemen,,,,,,ChIJX7w0fKzbAxYRrneufjcp8ZI,2021-03-25,44,62,42,21,8,-2
YE,Yemen,,,,,,ChIJX7w0fKzbAxYRrneufjcp8ZI,2021-03-26,38,65,34,18,-2,0
YE,Yemen,,,,,,ChIJX7w0fKzbAxYRrneufjcp8ZI,2021-03-27,42,68,12,23,7,-2
YE,Yemen,,,,,,ChIJX7w0fKzbAxYRrneufjcp8ZI,2021-03-28,45,71,43,21,7,-1
YE,Yemen,,,,,,ChIJX7w0fKzbAxYRrneufjcp8ZI,2021-03-29,48,68,44,25,11,-2
YE,Yemen,,,,,,ChIJX7w0fKzbAxYRrneufjcp8ZI,2021-03-30,44,66,46,24,7,-2
YE,Yemen,,,,,,ChIJX7w0fKzbAxYRrneufjcp8ZI,2021-03-31,42,63,40,17,2,-2
YE,Yemen,,,,,,ChIJX7w0fKzbAxYRrneufjcp8ZI,2021-04-01,48,65,47,26,11,-2
YE,Yemen,,,,,,ChIJX7w0fKzbAxYRrneufjcp8ZI,2021-04-02,43,66,38,24,1,0
YE,Yemen,,,,,,ChIJX7w0fKzbAxYRrneufjcp8ZI,2021-04-03,48,72,16,31,7,-2
YE,Yemen,,,,,,ChIJX7w0fKzbAxYRrneufjcp8ZI,2021-04-04,53,75,49,25,8,-2
YE,Yemen,,,,,,ChIJX7w0fKzbAxYRrneufjcp8ZI,2021-04-05,56,71,50,25,9,-2
YE,Yemen,,,,,,ChIJX7w0fKzbAxYRrneufjcp8ZI,2021-04-06,51,71,55,29,6,-2
YE,Yemen,,,,,,ChIJX7w0fKzbAxYRrneufjcp8ZI,2021-04-07,47,68,47,24,1,-2
YE,Yemen,,,,,,ChIJX7w0fKzbAxYRrneufjcp8ZI,2021-04-08,52,66,49,29,9,-2
YE,Yemen,,,,,,ChIJX7w0fKzbAxYRrneufjcp8ZI,2021-04-09,48,71,42,23,1,-1
YE,Yemen,,,,,,ChIJX7w0fKzbAxYRrneufjcp8ZI,2021-04-10,57,80,19,36,7,-2
YE,Yemen,,,,,,ChIJX7w0fKzbAxYRrneufjcp8ZI,2021-04-11,62,85,60,34,5,-3
YE,Yemen,,,,,,ChIJX7w0fKzbAxYRrneufjcp8ZI,2021-04-12,68,82,56,33,5,-3
YE,Yemen,,,,,,ChIJX7w0fKzbAxYRrneufjcp8ZI,2021-04-13,22,55,24,3,-8,5
YE,Yemen,,,,,,ChIJX7w0fKzbAxYRrneufjcp8ZI,2021-04-14,28,56,29,7,-7,4
YE,Yemen,,,,,,ChIJX7w0fKzbAxYRrneufjcp8ZI,2021-04-15,26,51,26,6,2,5
YE,Yemen,,,,,,ChIJX7w0fKzbAxYRrneufjcp8ZI,2021-04-16,41,68,27,13,12,2
YE,Yemen,,,,,,ChIJX7w0fKzbAxYRrneufjcp8ZI,2021-04-17,29,59,3,8,1,5
YE,Yemen,,,,,,ChIJX7w0fKzbAxYRrneufjcp8ZI,2021-04-18,37,65,35,7,1,4
YE,Yemen,,,,,,ChIJX7w0fKzbAxYRrneufjcp8ZI,2021-04-19,42,63,42,9,3,4
YE,Yemen,,,,,,ChIJX7w0fKzbAxYRrneufjcp8ZI,2021-04-20,40,67,41,15,1,4
YE,Yemen,,,,,,ChIJX7w0fKzbAxYRrneufjcp8ZI,2021-04-21,40,66,44,16,-4,4
YE,Yemen,,,,,,ChIJX7w0fKzbAxYRrneufjcp8ZI,2021-04-22,35,55,39,14,3,4
YE,Yemen,,,,,,ChIJX7w0fKzbAxYRrneufjcp8ZI,2021-04-23,54,77,41,24,17,1
YE,Yemen,,,,,,ChIJX7w0fKzbAxYRrneufjcp8ZI,2021-04-24,40,67,13,16,3,3
YE,Yemen,,,,,,ChIJX7w0fKzbAxYRrneufjcp8ZI,2021-04-25,46,72,44,15,2,3
YE,Yemen,,,,,,ChIJX7w0fKzbAxYRrneufjcp8ZI,2021-04-26,49,70,49,17,3,3
YE,Yemen,,,,,,ChIJX7w0fKzbAxYRrneufjcp8ZI,2021-04-27,44,71,48,15,-1,3
YE,Yemen,,,,,,ChIJX7w0fKzbAxYRrneufjcp8ZI,2021-04-28,40,66,47,17,-5,3
YE,Yemen,,,,,,ChIJX7w0fKzbAxYRrneufjcp8ZI,2021-04-29,43,62,43,20,3,4
YE,Yemen,,,,,,ChIJX7w0fKzbAxYRrneufjcp8ZI,2021-04-30,66,90,52,34,19,0
YE,Yemen,,,,,,ChIJX7w0fKzbAxYRrneufjcp8ZI,2021-05-01,42,69,9,19,-6,4
YE,Yemen,,,,,,ChIJX7w0fKzbAxYRrneufjcp8ZI,2021-05-02,52,78,54,22,-7,3
YE,Yemen,,,,,,ChIJX7w0fKzbAxYRrneufjcp8ZI,2021-05-03,62,81,66,34,1,1
YE,Yemen,,,,,,ChIJX7w0fKzbAxYRrneufjcp8ZI,2021-05-04,61,87,73,39,0,2
YE,Yemen,,,,,,ChIJX7w0fKzbAxYRrneufjcp8ZI,2021-05-05,53,75,60,32,-7,2
YE,Yemen,,,,,,ChIJX7w0fKzbAxYRrneufjcp8ZI,2021-05-06,53,71,56,32,2,3
YE,Yemen,,,,,,ChIJX7w0fKzbAxYRrneufjcp8ZI,2021-05-07,80,98,68,51,18,-1
YE,Yemen,,,,,,ChIJX7w0fKzbAxYRrneufjcp8ZI,2021-05-08,59,85,29,37,-1,2
YE,Yemen,,,,,,ChIJX7w0fKzbAxYRrneufjcp8ZI,2021-05-09,68,92,72,41,-4,1
YE,Yemen,,,,,,ChIJX7w0fKzbAxYRrneufjcp8ZI,2021-05-10,77,95,80,43,-6,0
YE,Yemen,,,,,,ChIJX7w0fKzbAxYRrneufjcp8ZI,2021-05-11,74,100,82,48,-21,1
YE,Yemen,,,,,,ChIJX7w0fKzbAxYRrneufjcp8ZI,2021-05-12,70,99,71,38,-32,2
YE,Yemen,,,,,,ChIJX7w0fKzbAxYRrneufjcp8ZI,2021-05-13,45,75,97,26,-38,-8
YE,Yemen,,,,,,ChIJX7w0fKzbAxYRrneufjcp8ZI,2021-05-14,46,71,89,16,-21,-2
YE,Yemen,,,,,,ChIJX7w0fKzbAxYRrneufjcp8ZI,2021-05-15,36,61,53,7,-43,1
YE,Yemen,,,,,,ChIJX7w0fKzbAxYRrneufjcp8ZI,2021-05-16,43,64,93,6,-43,1
YE,Yemen,,,,,,ChIJX7w0fKzbAxYRrneufjcp8ZI,2021-05-17,52,66,98,14,-32,0
YE,Yemen,,,,,,ChIJX7w0fKzbAxYRrneufjcp8ZI,2021-05-18,51,72,89,17,-22,0
YE,Yemen,,,,,,ChIJX7w0fKzbAxYRrneufjcp8ZI,2021-05-19,48,67,79,13,-21,1
YE,Yemen,,,,,,ChIJX7w0fKzbAxYRrneufjcp8ZI,2021-05-20,52,66,80,17,-14,1
YE,Yemen,,,,,,ChIJX7w0fKzbAxYRrneufjcp8ZI,2021-05-21,62,81,92,26,-4,-1
YE,Yemen,,,,,,ChIJX7w0fKzbAxYRrneufjcp8ZI,2021-05-22,65,86,44,31,-11,0
YE,Yemen,,,,,,ChIJX7w0fKzbAxYRrneufjcp8ZI,2021-05-23,68,86,80,29,-5,-1
YE,Yemen,,,,,,ChIJX7w0fKzbAxYRrneufjcp8ZI,2021-05-24,77,91,90,35,4,-2
YE,Yemen,,,,,,ChIJX7w0fKzbAxYRrneufjcp8ZI,2021-05-25,70,91,87,30,3,-2
YE,Yemen,,,,,,ChIJX7w0fKzbAxYRrneufjcp8ZI,2021-05-26,70,89,85,33,0,-2
YE,Yemen,,,,,,ChIJX7w0fKzbAxYRrneufjcp8ZI,2021-05-27,74,89,86,36,7,-2
YE,Yemen,,,,,,ChIJX7w0fKzbAxYRrneufjcp8ZI,2021-05-28,77,100,86,34,1,-3
YE,Yemen,,,,,,ChIJX7w0fKzbAxYRrneufjcp8ZI,2021-05-29,76,100,48,44,7,-4
YE,Yemen,,,,,,ChIJX7w0fKzbAxYRrneufjcp8ZI,2021-05-30,82,101,91,42,7,-4
YE,Yemen,,,,,,ChIJX7w0fKzbAxYRrneufjcp8ZI,2021-05-31,89,103,103,49,11,-5
YE,Yemen,,,,,,ChIJX7w0fKzbAxYRrneufjcp8ZI,2021-06-01,89,110,105,50,9,-5
YE,Yemen,,,,,,ChIJX7w0fKzbAxYRrneufjcp8ZI,2021-06-02,83,105,98,50,3,-4
YE,Yemen,,,,,,ChIJX7w0fKzbAxYRrneufjcp8ZI,2021-06-03,85,100,98,46,13,-3
YE,Yemen,,,,,,ChIJX7w0fKzbAxYRrneufjcp8ZI,2021-06-04,83,109,95,36,7,-2
YE,Yemen,,,,,,ChIJX7w0fKzbAxYRrneufjcp8ZI,2021-06-05,84,111,52,45,13,-4
YE,Yemen,,,,,,ChIJX7w0fKzbAxYRrneufjcp8ZI,2021-06-06,88,109,99,49,12,-4
YE,Yemen,,,,,,ChIJX7w0fKzbAxYRrneufjcp8ZI,2021-06-07,93,107,107,46,14,-5
YE,Yemen,,,,,,ChIJX7w0fKzbAxYRrneufjcp8ZI,2021-06-08,90,113,102,47,13,-4
YE,Yemen,,,,,,ChIJX7w0fKzbAxYRrneufjcp8ZI,2021-06-09,88,107,100,48,10,-5
YE,Yemen,,,,,,ChIJX7w0fKzbAxYRrneufjcp8ZI,2021-06-10,87,101,97,46,18,-4
YE,Yemen,,,,,,ChIJX7w0fKzbAxYRrneufjcp8ZI,2021-06-11,80,107,92,35,9,-3
YE,Yemen,,,,,,ChIJX7w0fKzbAxYRrneufjcp8ZI,2021-06-12,80,103,45,45,16,-4
YE,Yemen,,,,,,ChIJX7w0fKzbAxYRrneufjcp8ZI,2021-06-13,84,103,92,44,14,-4
YE,Yemen,,,,,,ChIJX7w0fKzbAxYRrneufjcp8ZI,2021-06-14,87,103,98,45,15,-5
YE,Yemen,,,,,,ChIJX7w0fKzbAxYRrneufjcp8ZI,2021-06-15,87,110,99,49,16,-5
YE,Yemen,,,,,,ChIJX7w0fKzbAxYRrneufjcp8ZI,2021-06-16,81,101,93,43,8,-5
YE,Yemen,,,,,,ChIJX7w0fKzbAxYRrneufjcp8ZI,2021-06-17,78,91,88,44,12,-5
YE,Yemen,,,,,,ChIJX7w0fKzbAxYRrneufjcp8ZI,2021-06-18,72,97,82,24,7,-4
YE,Yemen,,,,,,ChIJX7w0fKzbAxYRrneufjcp8ZI,2021-06-19,72,95,40,39,11,-4
YE,Yemen,,,,,,ChIJX7w0fKzbAxYRrneufjcp8ZI,2021-06-20,74,93,81,36,10,-5
YE,Yemen,,,,,,ChIJX7w0fKzbAxYRrneufjcp8ZI,2021-06-21,78,91,87,37,11,-5
YE,Yemen,,,,,,ChIJX7w0fKzbAxYRrneufjcp8ZI,2021-06-22,77,97,88,40,11,-5
YE,Yemen,,,,,,ChIJX7w0fKzbAxYRrneufjcp8ZI,2021-06-23,75,94,84,33,7,-5
YE,Yemen,,,,,,ChIJX7w0fKzbAxYRrneufjcp8ZI,2021-06-24,79,92,90,35,14,-5
YE,Yemen,,,,,,ChIJX7w0fKzbAxYRrneufjcp8ZI,2021-06-25,73,95,80,33,6,-3
YE,Yemen,,,,,,ChIJX7w0fKzbAxYRrneufjcp8ZI,2021-06-26,76,97,45,40,12,-4
YE,Yemen,,,,,,ChIJX7w0fKzbAxYRrneufjcp8ZI,2021-06-27,79,97,93,38,12,-5
YE,Yemen,,,,,,ChIJX7w0fKzbAxYRrneufjcp8ZI,2021-06-28,85,98,96,40,14,-6
YE,Yemen,,,,,,ChIJX7w0fKzbAxYRrneufjcp8ZI,2021-06-29,75,97,87,33,13,-5
YE,Yemen,,,,,,ChIJX7w0fKzbAxYRrneufjcp8ZI,2021-06-30,75,92,93,36,8,-5
YE,Yemen,,,,,,ChIJX7w0fKzbAxYRrneufjcp8ZI,2021-07-01,82,92,97,36,19,-3
YE,Yemen,,,,,,ChIJX7w0fKzbAxYRrneufjcp8ZI,2021-07-02,79,101,83,33,13,-2
YE,Yemen,,,,,,ChIJX7w0fKzbAxYRrneufjcp8ZI,2021-07-03,80,101,42,40,16,-3
YE,Yemen,,,,,,ChIJX7w0fKzbAxYRrneufjcp8ZI,2021-07-04,85,103,94,39,18,-4
YE,Yemen,,,,,,ChIJX7w0fKzbAxYRrneufjcp8ZI,2021-07-05,94,104,103,46,23,-4
YE,Yemen,,,,,,ChIJX7w0fKzbAxYRrneufjcp8ZI,2021-07-06,92,110,105,45,21,-4
YE,Yemen,,,,,,ChIJX7w0fKzbAxYRrneufjcp8ZI,2021-07-07,88,106,98,44,14,-4
YE,Yemen,,,,,,ChIJX7w0fKzbAxYRrneufjcp8ZI,2021-07-08,89,101,100,43,25,-4
YE,Yemen,,,,,,ChIJX7w0fKzbAxYRrneufjcp8ZI,2021-07-09,84,107,90,38,14,-3
YE,Yemen,,,,,,ChIJX7w0fKzbAxYRrneufjcp8ZI,2021-07-10,88,110,54,49,22,-4
YE,Yemen,,,,,,ChIJX7w0fKzbAxYRrneufjcp8ZI,2021-07-11,92,108,98,46,22,-4
YE,Yemen,,,,,,ChIJX7w0fKzbAxYRrneufjcp8ZI,2021-07-12,100,112,107,49,25,-5
YE,Yemen,,,,,,ChIJX7w0fKzbAxYRrneufjcp8ZI,2021-07-13,99,117,111,59,23,-5
YE,Yemen,,,,,,ChIJX7w0fKzbAxYRrneufjcp8ZI,2021-07-14,102,118,110,62,19,-5
YE,Yemen,,,,,,ChIJX7w0fKzbAxYRrneufjcp8ZI,2021-07-15,104,110,110,58,27,-5
YE,Yemen,,,,,,ChIJX7w0fKzbAxYRrneufjcp8ZI,2021-07-16,100,117,98,59,22,-4
YE,Yemen,,,,,,ChIJX7w0fKzbAxYRrneufjcp8ZI,2021-07-17,111,126,68,66,17,-5
YE,Yemen,,,,,,ChIJX7w0fKzbAxYRrneufjcp8ZI,2021-07-18,116,128,115,59,0,-5
YE,Yemen,,,,,,ChIJX7w0fKzbAxYRrneufjcp8ZI,2021-07-19,101,116,103,42,-26,-1
YE,Yemen,,,,,,ChIJX7w0fKzbAxYRrneufjcp8ZI,2021-07-20,60,100,138,29,-48,-10
YE,Yemen,,,,,,ChIJX7w0fKzbAxYRrneufjcp8ZI,2021-07-21,43,75,120,14,-52,-3
YE,Yemen,,,,,,ChIJX7w0fKzbAxYRrneufjcp8ZI,2021-07-22,43,62,118,16,-43,-1
YE,Yemen,,,,,,ChIJX7w0fKzbAxYRrneufjcp8ZI,2021-07-23,59,80,110,30,-17,-4
YE,Yemen,,,,,,ChIJX7w0fKzbAxYRrneufjcp8ZI,2021-07-24,59,83,67,24,-32,-2
YE,Yemen,,,,,,ChIJX7w0fKzbAxYRrneufjcp8ZI,2021-07-25,65,83,105,23,-24,-2
YE,Yemen,,,,,,ChIJX7w0fKzbAxYRrneufjcp8ZI,2021-07-26,80,92,119,30,-5,-4
YE,Yemen,,,,,,ChIJX7w0fKzbAxYRrneufjcp8ZI,2021-07-27,81,100,118,36,1,-4
YE,Yemen,,,,,,ChIJX7w0fKzbAxYRrneufjcp8ZI,2021-07-28,80,97,113,40,-2,-3
YE,Yemen,,,,,,ChIJX7w0fKzbAxYRrneufjcp8ZI,2021-07-29,79,90,111,42,10,-3
YE,Yemen,,,,,,ChIJX7w0fKzbAxYRrneufjcp8ZI,2021-07-30,82,102,107,43,5,-3
YE,Yemen,,,,,,ChIJX7w0fKzbAxYRrneufjcp8ZI,2021-07-31,86,110,65,55,15,-4
YE,Yemen,,,,,,ChIJX7w0fKzbAxYRrneufjcp8ZI,2021-08-01,93,108,111,53,17,-4
YE,Yemen,,,,,,ChIJX7w0fKzbAxYRrneufjcp8ZI,2021-08-02,94,106,117,54,20,-5
YE,Yemen,,,,,,ChIJX7w0fKzbAxYRrneufjcp8ZI,2021-08-03,98,117,121,56,19,-5
YE,Yemen,,,,,,ChIJX7w0fKzbAxYRrneufjcp8ZI,2021-08-04,91,109,117,59,14,-5
YE,Yemen,,,,,,ChIJX7w0fKzbAxYRrneufjcp8ZI,2021-08-05,89,98,109,50,20,-3
YE,Yemen,,,,,,ChIJX7w0fKzbAxYRrneufjcp8ZI,2021-08-06,87,109,108,41,10,-3
YE,Yemen,,,,,,ChIJX7w0fKzbAxYRrneufjcp8ZI,2021-08-07,89,110,62,50,20,-4
YE,Yemen,,,,,,ChIJX7w0fKzbAxYRrneufjcp8ZI,2021-08-08,93,108,107,49,17,-4
YE,Yemen,,,,,,ChIJX7w0fKzbAxYRrneufjcp8ZI,2021-08-09,99,110,122,39,-2,-2
YE,Yemen,,,,,,ChIJX7w0fKzbAxYRrneufjcp8ZI,2021-08-10,101,122,124,60,21,-5
YE,Yemen,,,,,,ChIJX7w0fKzbAxYRrneufjcp8ZI,2021-08-11,83,98,100,42,10,-5
YE,Yemen,,,,,,ChIJX7w0fKzbAxYRrneufjcp8ZI,2021-08-12,92,104,123,51,21,-5
YE,Yemen,,,,,,ChIJX7w0fKzbAxYRrneufjcp8ZI,2021-08-13,91,110,115,39,11,-2
YE,Yemen,,,,,,ChIJX7w0fKzbAxYRrneufjcp8ZI,2021-08-14,93,117,68,52,21,-4
YE,Yemen,,,,,,ChIJX7w0fKzbAxYRrneufjcp8ZI,2021-08-15,98,115,122,51,22,-5
YE,Yemen,,,,,,ChIJX7w0fKzbAxYRrneufjcp8ZI,2021-08-16,102,112,125,49,25,-4
YE,Yemen,,,,,,ChIJX7w0fKzbAxYRrneufjcp8ZI,2021-08-17,94,114,120,49,20,-4
YE,Yemen,,,,,,ChIJX7w0fKzbAxYRrneufjcp8ZI,2021-08-18,91,110,110,46,22,-3
YE,Yemen,,,,,,ChIJX7w0fKzbAxYRrneufjcp8ZI,2021-08-19,92,104,109,48,30,-2
YE,Yemen,,,,,,ChIJX7w0fKzbAxYRrneufjcp8ZI,2021-08-20,92,113,107,39,18,-2
YE,Yemen,,,,,,ChIJX7w0fKzbAxYRrneufjcp8ZI,2021-08-21,92,114,62,48,25,-3
YE,Yemen,,,,,,ChIJX7w0fKzbAxYRrneufjcp8ZI,2021-08-22,94,111,110,45,27,-3
YE,Yemen,,,,,,ChIJX7w0fKzbAxYRrneufjcp8ZI,2021-08-23,102,111,114,49,30,-4
YE,Yemen,,,,,,ChIJX7w0fKzbAxYRrneufjcp8ZI,2021-08-24,94,117,116,51,27,-4
YE,Yemen,,,,,,ChIJX7w0fKzbAxYRrneufjcp8ZI,2021-08-25,92,110,104,48,21,-4
YE,Yemen,,,,,,ChIJX7w0fKzbAxYRrneufjcp8ZI,2021-08-26,95,107,115,49,29,-3
YE,Yemen,,,,,,ChIJX7w0fKzbAxYRrneufjcp8ZI,2021-08-27,89,112,102,42,16,-2
YE,Yemen,,,,,,ChIJX7w0fKzbAxYRrneufjcp8ZI,2021-08-28,86,111,60,50,27,-3
YE,Yemen,,,,,,ChIJX7w0fKzbAxYRrneufjcp8ZI,2021-08-29,91,111,105,43,28,-3
YE,Yemen,,,,,,ChIJX7w0fKzbAxYRrneufjcp8ZI,2021-08-30,97,111,114,50,30,-4
YE,Yemen,,,,,,ChIJX7w0fKzbAxYRrneufjcp8ZI,2021-08-31,93,118,114,51,29,-4
YE,Yemen,,,,,,ChIJX7w0fKzbAxYRrneufjcp8ZI,2021-09-01,95,114,112,53,23,-4
YE,Yemen,,,,,,ChIJX7w0fKzbAxYRrneufjcp8ZI,2021-09-02,97,110,116,49,31,-3
YE,Yemen,,,,,,ChIJX7w0fKzbAxYRrneufjcp8ZI,2021-09-03,90,115,102,40,19,-2
YE,Yemen,,,,,,ChIJX7w0fKzbAxYRrneufjcp8ZI,2021-09-04,89,114,65,49,29,-3
YE,Yemen,,,,,,ChIJX7w0fKzbAxYRrneufjcp8ZI,2021-09-05,92,112,109,40,31,-3
YE,Yemen,,,,,,ChIJX7w0fKzbAxYRrneufjcp8ZI,2021-09-06,99,115,116,45,34,-4
YE,Yemen,,,,,,ChIJX7w0fKzbAxYRrneufjcp8ZI,2021-09-07,96,121,117,50,33,-4
YE,Yemen,,,,,,ChIJX7w0fKzbAxYRrneufjcp8ZI,2021-09-08,90,111,108,44,26,-4
YE,Yemen,,,,,,ChIJX7w0fKzbAxYRrneufjcp8ZI,2021-09-09,94,107,118,44,34,-4
YE,Yemen,,,,,,ChIJX7w0fKzbAxYRrneufjcp8ZI,2021-09-10,87,111,101,36,20,-2
YE,Yemen,,,,,,ChIJX7w0fKzbAxYRrneufjcp8ZI,2021-09-11,86,111,59,44,29,-2
YE,Yemen,,,,,,ChIJX7w0fKzbAxYRrneufjcp8ZI,2021-09-12,91,112,104,39,32,-3
YE,Yemen,,,,,,ChIJX7w0fKzbAxYRrneufjcp8ZI,2021-09-13,94,110,108,38,34,-4
YE,Yemen,,,,,,ChIJX7w0fKzbAxYRrneufjcp8ZI,2021-09-14,89,116,108,40,29,-3
YE,Yemen,,,,,,ChIJX7w0fKzbAxYRrneufjcp8ZI,2021-09-15,83,107,97,33,22,-3
YE,Yemen,,,,,,ChIJX7w0fKzbAxYRrneufjcp8ZI,2021-09-16,87,103,102,34,27,-2
YE,Yemen,,,,,,ChIJX7w0fKzbAxYRrneufjcp8ZI,2021-09-17,77,103,84,21,12,-1
YE,Yemen,,,,,,ChIJX7w0fKzbAxYRrneufjcp8ZI,2021-09-18,85,112,55,38,30,-3
YE,Yemen,,,,,,ChIJX7w0fKzbAxYRrneufjcp8ZI,2021-09-19,89,110,102,36,32,-2
YE,Yemen,,,,,,ChIJX7w0fKzbAxYRrneufjcp8ZI,2021-09-20,97,111,110,38,35,-4
YE,Yemen,,,,,,ChIJX7w0fKzbAxYRrneufjcp8ZI,2021-09-21,87,114,106,40,13,0
YE,Yemen,,,,,,ChIJX7w0fKzbAxYRrneufjcp8ZI,2021-09-22,89,110,106,44,32,-3
YE,Yemen,,,,,,ChIJX7w0fKzbAxYRrneufjcp8ZI,2021-09-23,94,109,115,47,38,-3
YE,Yemen,,,,,,ChIJX7w0fKzbAxYRrneufjcp8ZI,2021-09-24,85,111,100,36,24,-2
YE,Yemen,,,,,,ChIJX7w0fKzbAxYRrneufjcp8ZI,2021-09-25,87,112,60,41,32,-4
YE,Yemen,,,,,,ChIJX7w0fKzbAxYRrneufjcp8ZI,2021-09-26,84,105,98,23,5,1
YE,Yemen,,,,,,ChIJX7w0fKzbAxYRrneufjcp8ZI,2021-09-27,94,110,106,37,39,-4
YE,Yemen,,,,,,ChIJX7w0fKzbAxYRrneufjcp8ZI,2021-09-28,91,117,104,45,37,-4
YE,Yemen,,,,,,ChIJX7w0fKzbAxYRrneufjcp8ZI,2021-09-29,91,113,104,40,32,-4
YE,Yemen,,,,,,ChIJX7w0fKzbAxYRrneufjcp8ZI,2021-09-30,95,111,114,44,41,-3
YE,Yemen,,,,,,ChIJX7w0fKzbAxYRrneufjcp8ZI,2021-10-01,89,119,99,38,26,-2
YE,Yemen,,,,,,ChIJX7w0fKzbAxYRrneufjcp8ZI,2021-10-02,88,116,56,42,33,-3
YE,Yemen,,,,,,ChIJX7w0fKzbAxYRrneufjcp8ZI,2021-10-03,78,94,87,15,25,-5
YE,Yemen,,,,,,ChIJX7w0fKzbAxYRrneufjcp8ZI,2021-10-04,98,117,114,38,40,-7
YE,Yemen,,,,,,ChIJX7w0fKzbAxYRrneufjcp8ZI,2021-10-05,88,113,103,40,36,-4
YE,Yemen,,,,,,ChIJX7w0fKzbAxYRrneufjcp8ZI,2021-10-06,90,110,111,42,33,-5
YE,Yemen,,,,,,ChIJX7w0fKzbAxYRrneufjcp8ZI,2021-10-07,97,110,116,45,38,-4
YE,Yemen,,,,,,ChIJX7w0fKzbAxYRrneufjcp8ZI,2021-10-08,88,111,101,39,20,-2
YE,Yemen,,,,,,ChIJX7w0fKzbAxYRrneufjcp8ZI,2021-10-09,94,120,65,46,37,-3
YE,Yemen,,,,,,ChIJX7w0fKzbAxYRrneufjcp8ZI,2021-10-10,97,117,112,50,40,-4
YE,Yemen,,,,,,ChIJX7w0fKzbAxYRrneufjcp8ZI,2021-10-11,102,117,121,45,43,-4
YE,Yemen,,,,,,ChIJX7w0fKzbAxYRrneufjcp8ZI,2021-10-12,100,125,119,52,42,-4
YE,Yemen,,,,,,ChIJX7w0fKzbAxYRrneufjcp8ZI,2021-10-13,97,120,118,55,35,-5
YE,Yemen,,,,,,ChIJX7w0fKzbAxYRrneufjcp8ZI,2021-10-14,98,112,121,49,16,-2
YE,Yemen,,,,,,ChIJX7w0fKzbAxYRrneufjcp8ZI,2021-10-15,93,122,115,45,24,-2
YE,Yemen,,,,,,ChIJX7w0fKzbAxYRrneufjcp8ZI,2021-10-16,94,121,66,52,38,-3
YE,Yemen,,,,,,ChIJX7w0fKzbAxYRrneufjcp8ZI,2021-10-17,99,122,118,49,38,-3
YE,Yemen,,,,,,ChIJX7w0fKzbAxYRrneufjcp8ZI,2021-10-18,89,113,121,40,12,0
YE,Yemen,,,,,,ChIJX7w0fKzbAxYRrneufjcp8ZI,2021-10-19,100,126,122,56,42,-3
YE,Yemen,,,,,,ChIJX7w0fKzbAxYRrneufjcp8ZI,2021-10-20,100,122,116,51,36,-4
YE,Yemen,,,,,,ChIJX7w0fKzbAxYRrneufjcp8ZI,2021-10-21,103,118,117,58,41,-3
YE,Yemen,,,,,,ChIJX7w0fKzbAxYRrneufjcp8ZI,2021-10-22,94,126,104,39,24,-1
YE,Yemen,,,,,,ChIJX7w0fKzbAxYRrneufjcp8ZI,2021-10-23,95,123,64,52,41,-3
YE,Yemen,,,,,,ChIJX7w0fKzbAxYRrneufjcp8ZI,2021-10-24,98,120,106,48,42,-3
YE,Yemen,,,,,,ChIJX7w0fKzbAxYRrneufjcp8ZI,2021-10-25,94,108,102,42,39,-3
YE,Yemen,,,,,,ChIJX7w0fKzbAxYRrneufjcp8ZI,2021-10-26,99,126,111,47,42,-3
YE,Yemen,,,,,,ChIJX7w0fKzbAxYRrneufjcp8ZI,2021-10-27,101,124,110,49,38,-3
YE,Yemen,,,,,,ChIJX7w0fKzbAxYRrneufjcp8ZI,2021-10-28,106,120,116,54,43,-3
YE,Yemen,,,,,,ChIJX7w0fKzbAxYRrneufjcp8ZI,2021-10-29,98,125,107,35,24,-1
YE,Yemen,,,,,,ChIJX7w0fKzbAxYRrneufjcp8ZI,2021-10-30,99,127,61,44,41,-2
YE,Yemen,,,,,,ChIJX7w0fKzbAxYRrneufjcp8ZI,2021-10-31,102,125,113,43,44,-2
YE,Yemen,,,,,,ChIJX7w0fKzbAxYRrneufjcp8ZI,2021-11-01,109,126,116,43,46,-4
YE,Yemen,,,,,,ChIJX7w0fKzbAxYRrneufjcp8ZI,2021-11-02,106,133,119,49,46,-3
YE,Yemen,,,,,,ChIJX7w0fKzbAxYRrneufjcp8ZI,2021-11-03,106,130,114,47,39,-3
YE,Yemen,,,,,,ChIJX7w0fKzbAxYRrneufjcp8ZI,2021-11-04,110,124,123,49,44,-3
YE,Yemen,,,,,,ChIJX7w0fKzbAxYRrneufjcp8ZI,2021-11-05,100,127,106,36,23,0
YE,Yemen,,,,,,ChIJX7w0fKzbAxYRrneufjcp8ZI,2021-11-06,102,128,62,49,41,-2
YE,Yemen,,,,,,ChIJX7w0fKzbAxYRrneufjcp8ZI,2021-11-07,105,124,111,47,44,-2
YE,Yemen,,,,,,ChIJX7w0fKzbAxYRrneufjcp8ZI,2021-11-08,108,122,119,46,47,-2
YE,Yemen,,,,,,ChIJX7w0fKzbAxYRrneufjcp8ZI,2021-11-09,106,131,118,50,46,-2
YE,Yemen,,,,,,ChIJX7w0fKzbAxYRrneufjcp8ZI,2021-11-10,102,123,111,47,39,-3
YE,Yemen,,,,,,ChIJX7w0fKzbAxYRrneufjcp8ZI,2021-11-11,105,116,114,44,45,-2
YE,Yemen,,,,,,ChIJX7w0fKzbAxYRrneufjcp8ZI,2021-11-12,95,120,101,29,24,1
YE,Yemen,,,,,,ChIJX7w0fKzbAxYRrneufjcp8ZI,2021-11-13,99,124,62,43,42,-1
YE,Yemen,,,,,,ChIJX7w0fKzbAxYRrneufjcp8ZI,2021-11-14,102,121,109,44,46,-1
YE,Yemen,,,,,,ChIJX7w0fKzbAxYRrneufjcp8ZI,2021-11-15,109,121,116,42,49,-2
YE,Yemen,,,,,,ChIJX7w0fKzbAxYRrneufjcp8ZI,2021-11-16,106,128,113,48,49,-2
YE,Yemen,,,,,,ChIJX7w0fKzbAxYRrneufjcp8ZI,2021-11-17,103,123,112,46,42,-2
YE,Yemen,,,,,,ChIJX7w0fKzbAxYRrneufjcp8ZI,2021-11-18,106,119,118,46,49,-2
YE,Yemen,,,,,,ChIJX7w0fKzbAxYRrneufjcp8ZI,2021-11-19,94,122,106,32,25,1
YE,Yemen,,,,,,ChIJX7w0fKzbAxYRrneufjcp8ZI,2021-11-20,97,121,61,41,46,-1
YE,Yemen,,,,,,ChIJX7w0fKzbAxYRrneufjcp8ZI,2021-11-21,102,119,110,41,48,-1
YE,Yemen,,,,,,ChIJX7w0fKzbAxYRrneufjcp8ZI,2021-11-22,106,120,112,37,50,-1
YE,Yemen,,,,,,ChIJX7w0fKzbAxYRrneufjcp8ZI,2021-11-23,98,122,113,45,48,-1
YE,Yemen,,,,,,ChIJX7w0fKzbAxYRrneufjcp8ZI,2021-11-24,96,117,112,37,41,-1
YE,Yemen,,,,,,ChIJX7w0fKzbAxYRrneufjcp8ZI,2021-11-25,106,118,119,43,50,-1
YE,Yemen,,,,,,ChIJX7w0fKzbAxYRrneufjcp8ZI,2021-11-26,93,120,103,33,26,2
YE,Yemen,,,,,,ChIJX7w0fKzbAxYRrneufjcp8ZI,2021-11-27,97,122,65,43,48,0
YE,Yemen,,,,,,ChIJX7w0fKzbAxYRrneufjcp8ZI,2021-11-28,102,120,110,38,49,-1
YE,Yemen,,,,,,ChIJX7w0fKzbAxYRrneufjcp8ZI,2021-11-29,113,125,122,49,52,-2
YE,Yemen,,,,,,ChIJX7w0fKzbAxYRrneufjcp8ZI,2021-11-30,100,125,114,37,12,3
YE,Yemen,,,,,,ChIJX7w0fKzbAxYRrneufjcp8ZI,2021-12-01,101,120,119,50,39,-2
YE,Yemen,,,,,,ChIJX7w0fKzbAxYRrneufjcp8ZI,2021-12-02,108,122,137,49,47,-1
YE,Yemen,,,,,,ChIJX7w0fKzbAxYRrneufjcp8ZI,2021-12-03,101,126,119,41,25,1
YE,Yemen,,,,,,ChIJX7w0fKzbAxYRrneufjcp8ZI,2021-12-04,101,125,76,47,43,-1
YE,Yemen,,,,,,ChIJX7w0fKzbAxYRrneufjcp8ZI,2021-12-05,107,124,123,46,45,-1
YE,Yemen,,,,,,ChIJX7w0fKzbAxYRrneufjcp8ZI,2021-12-06,114,125,136,52,48,-1
YE,Yemen,,,,,,ChIJX7w0fKzbAxYRrneufjcp8ZI,2021-12-07,111,133,141,53,53,-2
YE,Yemen,,,,,,ChIJX7w0fKzbAxYRrneufjcp8ZI,2021-12-08,106,126,132,51,48,-2
YE,Yemen,,,,,,ChIJX7w0fKzbAxYRrneufjcp8ZI,2021-12-09,106,119,129,50,60,-2
YE,Yemen,,,,,,ChIJX7w0fKzbAxYRrneufjcp8ZI,2021-12-10,96,119,122,31,37,0
YE,Yemen,,,,,,ChIJX7w0fKzbAxYRrneufjcp8ZI,2021-12-11,96,119,69,44,58,-1
YE,Yemen,,,,,,ChIJX7w0fKzbAxYRrneufjcp8ZI,2021-12-12,101,119,116,44,60,-1
YE,Yemen,,,,,,ChIJX7w0fKzbAxYRrneufjcp8ZI,2021-12-13,107,121,138,45,62,-2
YE,Yemen,,,,,,ChIJX7w0fKzbAxYRrneufjcp8ZI,2021-12-14,103,126,124,50,61,-1
YE,Yemen,,,,,,ChIJX7w0fKzbAxYRrneufjcp8ZI,2021-12-15,100,120,121,46,53,-1
YE,Yemen,,,,,,ChIJX7w0fKzbAxYRrneufjcp8ZI,2021-12-16,104,117,135,46,60,-1
YE,Yemen,,,,,,ChIJX7w0fKzbAxYRrneufjcp8ZI,2021-12-17,96,121,124,30,37,1
YE,Yemen,,,,,,ChIJX7w0fKzbAxYRrneufjcp8ZI,2021-12-18,94,119,68,46,60,-1
YE,Yemen,,,,,,ChIJX7w0fKzbAxYRrneufjcp8ZI,2021-12-19,98,117,120,44,61,-1
YE,Yemen,,,,,,ChIJX7w0fKzbAxYRrneufjcp8ZI,2021-12-20,104,117,122,42,66,-1
YE,Yemen,,,,,,ChIJX7w0fKzbAxYRrneufjcp8ZI,2021-12-21,102,126,125,43,65,-1
YE,Yemen,,,,,,ChIJX7w0fKzbAxYRrneufjcp8ZI,2021-12-22,99,121,125,45,58,-2
YE,Yemen,,,,,,ChIJX7w0fKzbAxYRrneufjcp8ZI,2021-12-23,106,120,132,56,64,-2
YE,Yemen,,,,,,ChIJX7w0fKzbAxYRrneufjcp8ZI,2021-12-24,99,124,126,39,42,0
YE,Yemen,,,,,,ChIJX7w0fKzbAxYRrneufjcp8ZI,2021-12-25,98,123,71,49,65,-1
YE,Yemen,,,,,,ChIJX7w0fKzbAxYRrneufjcp8ZI,2021-12-26,101,120,121,47,63,-1
YE,Yemen,,,,,,ChIJX7w0fKzbAxYRrneufjcp8ZI,2021-12-27,106,118,125,43,69,-1
YE,Yemen,,,,,,ChIJX7w0fKzbAxYRrneufjcp8ZI,2021-12-28,103,125,122,42,66,-2
YE,Yemen,,,,,,ChIJX7w0fKzbAxYRrneufjcp8ZI,2021-12-29,98,118,118,43,57,-2
YE,Yemen,,,,,,ChIJX7w0fKzbAxYRrneufjcp8ZI,2021-12-30,106,118,130,45,65,-2
