country_region_code,country_region,sub_region_1,sub_region_2,metro_area,iso_3166_2_code,census_fips_code,place_id,date,retail_and_recreation_percent_change_from_baseline,grocery_and_pharmacy_percent_change_from_baseline,parks_percent_change_from_baseline,transit_stations_percent_change_from_baseline,workplaces_percent_change_from_baseline,residential_percent_change_from_baseline
AF,Afghanistan,,,,,,ChIJbQL_-LZu0TgReNqWvg1GtfM,2021-01-01,21,45,16,-8,-13,6
AF,Afghanistan,,,,,,ChIJbQL_-LZu0TgReNqWvg1GtfM,2021-01-02,20,22,21,-1,2,5
AF,Afghanistan,,,,,,ChIJbQL_-LZu0TgReNqWvg1GtfM,2021-01-03,41,65,26,5,2,5
AF,Afghanistan,,,,,,ChIJbQL_-LZu0TgReNqWvg1GtfM,2021-01-04,43,68,25,3,4,3
AF,Afghanistan,,,,,,ChIJbQL_-LZu0TgReNqWvg1GtfM,2021-01-05,33,52,21,1,4,3
AF,Afghanistan,,,,,,ChIJbQL_-LZu0TgReNqWvg1GtfM,2021-01-06,29,48,15,-11,-4,2
AF,Afghanistan,,,,,,ChIJbQL_-LZu0TgReNqWvg1GtfM,2021-01-07,32,14,16,-6,4,4
AF,Afghanistan,,,,,,ChIJbQL_-LZu0TgReNqWvg1GtfM,2021-01-08,25,51,19,-13,-10,3
AF,Afghanistan,,,,,,ChIJbQL_-LZu0TgReNqWvg1GtfM,2021-01-09,25,17,25,-12,3,2
AF,Afghanistan,,,,,,ChIJbQL_-LZu0TgReNqWvg1GtfM,2021-01-10,45,61,24,-8,4,2
AF,Afghanistan,,,,,,ChIJbQL_-LZu0TgReNqWvg1GtfM,2021-01-11,50,63,26,-6,6,2
AF,Afghanistan,,,,,,ChIJbQL_-LZu0TgReNqWvg1GtfM,2021-01-12,42,54,24,-9,5,2
AF,Afghanistan,,,,,,ChIJbQL_-LZu0TgReNqWvg1GtfM,2021-01-13,37,49,16,-14,-2,2
AF,Afghanistan,,,,,,ChIJbQL_-LZu0TgReNqWvg1GtfM,2021-01-14,36,12,13,-16,1,2
AF,Afghanistan,,,,,,ChIJbQL_-LZu0TgReNqWvg1GtfM,2021-01-15,25,40,11,-20,-12,2
AF,Afghanistan,,,,,,ChIJbQL_-LZu0TgReNqWvg1GtfM,2021-01-16,16,11,9,-18,-4,2
AF,Afghanistan,,,,,,ChIJbQL_-LZu0TgReNqWvg1GtfM,2021-01-17,39,58,10,-14,0,2
AF,Afghanistan,,,,,,ChIJbQL_-LZu0TgReNqWvg1GtfM,2021-01-18,41,58,14,-13,1,2
AF,Afghanistan,,,,,,ChIJbQL_-LZu0TgReNqWvg1GtfM,2021-01-19,39,50,13,-14,0,3
AF,Afghanistan,,,,,,ChIJbQL_-LZu0TgReNqWvg1GtfM,2021-01-20,34,52,11,-15,-2,3
AF,Afghanistan,,,,,,ChIJbQL_-LZu0TgReNqWvg1GtfM,2021-01-21,34,15,12,-15,3,3
AF,Afghanistan,,,,,,ChIJbQL_-LZu0TgReNqWvg1GtfM,2021-01-22,17,33,16,-23,-13,3
AF,Afghanistan,,,,,,ChIJbQL_-LZu0TgReNqWvg1GtfM,2021-01-23,12,10,15,-24,-1,2
AF,Afghanistan,,,,,,ChIJbQL_-LZu0TgReNqWvg1GtfM,2021-01-24,36,58,17,-16,2,4
AF,Afghanistan,,,,,,ChIJbQL_-LZu0TgReNqWvg1GtfM,2021-01-25,39,63,22,-13,3,3
AF,Afghanistan,,,,,,ChIJbQL_-LZu0TgReNqWvg1GtfM,2021-01-26,33,49,18,-14,3,3
AF,Afghanistan,,,,,,ChIJbQL_-LZu0TgReNqWvg1GtfM,2021-01-27,31,49,17,-17,-2,3
AF,Afghanistan,,,,,,ChIJbQL_-LZu0TgReNqWvg1GtfM,2021-01-28,33,15,18,-15,3,4
AF,Afghanistan,,,,,,ChIJbQL_-LZu0TgReNqWvg1GtfM,2021-01-29,23,54,11,-19,-16,3
AF,Afghanistan,,,,,,ChIJbQL_-LZu0TgReNqWvg1GtfM,2021-01-30,21,20,14,-13,0,1
AF,Afghanistan,,,,,,ChIJbQL_-LZu0TgReNqWvg1GtfM,2021-01-31,41,70,15,-7,2,0
AF,Afghanistan,,,,,,ChIJbQL_-LZu0TgReNqWvg1GtfM,2021-02-01,41,68,13,-6,4,0
AF,Afghanistan,,,,,,ChIJbQL_-LZu0TgReNqWvg1GtfM,2021-02-02,38,61,13,-6,2,0
AF,Afghanistan,,,,,,ChIJbQL_-LZu0TgReNqWvg1GtfM,2021-02-03,33,52,11,-16,-5,1
AF,Afghanistan,,,,,,ChIJbQL_-LZu0TgReNqWvg1GtfM,2021-02-04,28,11,14,-18,-2,1
AF,Afghanistan,,,,,,ChIJbQL_-LZu0TgReNqWvg1GtfM,2021-02-05,19,44,12,-25,-22,2
AF,Afghanistan,,,,,,ChIJbQL_-LZu0TgReNqWvg1GtfM,2021-02-06,15,13,19,-23,-8,0
AF,Afghanistan,,,,,,ChIJbQL_-LZu0TgReNqWvg1GtfM,2021-02-07,29,46,23,-18,-7,1
AF,Afghanistan,,,,,,ChIJbQL_-LZu0TgReNqWvg1GtfM,2021-02-08,35,58,16,-16,-6,0
AF,Afghanistan,,,,,,ChIJbQL_-LZu0TgReNqWvg1GtfM,2021-02-09,34,58,16,-15,-4,0
AF,Afghanistan,,,,,,ChIJbQL_-LZu0TgReNqWvg1GtfM,2021-02-10,32,53,13,-19,-9,1
AF,Afghanistan,,,,,,ChIJbQL_-LZu0TgReNqWvg1GtfM,2021-02-11,30,15,5,-19,-3,1
AF,Afghanistan,,,,,,ChIJbQL_-LZu0TgReNqWvg1GtfM,2021-02-12,17,41,-7,-25,-21,0
AF,Afghanistan,,,,,,ChIJbQL_-LZu0TgReNqWvg1GtfM,2021-02-13,17,18,-2,-23,-10,0
AF,Afghanistan,,,,,,ChIJbQL_-LZu0TgReNqWvg1GtfM,2021-02-14,21,46,-6,-27,-43,6
AF,Afghanistan,,,,,,ChIJbQL_-LZu0TgReNqWvg1GtfM,2021-02-15,33,60,-3,-19,-6,-2
AF,Afghanistan,,,,,,ChIJbQL_-LZu0TgReNqWvg1GtfM,2021-02-16,29,52,-6,-16,-6,-1
AF,Afghanistan,,,,,,ChIJbQL_-LZu0TgReNqWvg1GtfM,2021-02-17,30,56,-6,-18,-9,-1
AF,Afghanistan,,,,,,ChIJbQL_-LZu0TgReNqWvg1GtfM,2021-02-18,28,16,-6,-15,-2,0
AF,Afghanistan,,,,,,ChIJbQL_-LZu0TgReNqWvg1GtfM,2021-02-19,19,51,-9,-23,-19,1
AF,Afghanistan,,,,,,ChIJbQL_-LZu0TgReNqWvg1GtfM,2021-02-20,17,25,3,-20,-4,-1
AF,Afghanistan,,,,,,ChIJbQL_-LZu0TgReNqWvg1GtfM,2021-02-21,35,74,5,-16,-2,-1
AF,Afghanistan,,,,,,ChIJbQL_-LZu0TgReNqWvg1GtfM,2021-02-22,36,70,0,-16,0,-1
AF,Afghanistan,,,,,,ChIJbQL_-LZu0TgReNqWvg1GtfM,2021-02-23,40,68,0,-12,0,-2
AF,Afghanistan,,,,,,ChIJbQL_-LZu0TgReNqWvg1GtfM,2021-02-24,36,66,-3,-17,-5,-1
AF,Afghanistan,,,,,,ChIJbQL_-LZu0TgReNqWvg1GtfM,2021-02-25,32,21,-3,-13,0,-1
AF,Afghanistan,,,,,,ChIJbQL_-LZu0TgReNqWvg1GtfM,2021-02-26,20,52,-11,-21,-19,0
AF,Afghanistan,,,,,,ChIJbQL_-LZu0TgReNqWvg1GtfM,2021-02-27,19,27,1,-20,-6,0
AF,Afghanistan,,,,,,ChIJbQL_-LZu0TgReNqWvg1GtfM,2021-02-28,41,85,5,-14,-1,-1
AF,Afghanistan,,,,,,ChIJbQL_-LZu0TgReNqWvg1GtfM,2021-03-01,43,77,3,-14,0,-2
AF,Afghanistan,,,,,,ChIJbQL_-LZu0TgReNqWvg1GtfM,2021-03-02,36,68,-1,-15,-1,-3
AF,Afghanistan,,,,,,ChIJbQL_-LZu0TgReNqWvg1GtfM,2021-03-03,41,75,-2,-12,-5,-2
AF,Afghanistan,,,,,,ChIJbQL_-LZu0TgReNqWvg1GtfM,2021-03-04,41,30,0,-9,0,-1
AF,Afghanistan,,,,,,ChIJbQL_-LZu0TgReNqWvg1GtfM,2021-03-05,25,59,-6,-16,-20,0
AF,Afghanistan,,,,,,ChIJbQL_-LZu0TgReNqWvg1GtfM,2021-03-06,25,36,8,-14,-3,-3
AF,Afghanistan,,,,,,ChIJbQL_-LZu0TgReNqWvg1GtfM,2021-03-07,45,89,8,-9,2,-3
AF,Afghanistan,,,,,,ChIJbQL_-LZu0TgReNqWvg1GtfM,2021-03-08,50,95,6,-7,-1,-4
AF,Afghanistan,,,,,,ChIJbQL_-LZu0TgReNqWvg1GtfM,2021-03-09,42,76,1,-9,-1,-4
AF,Afghanistan,,,,,,ChIJbQL_-LZu0TgReNqWvg1GtfM,2021-03-10,46,78,1,-10,-4,-3
AF,Afghanistan,,,,,,ChIJbQL_-LZu0TgReNqWvg1GtfM,2021-03-11,45,33,1,-7,3,-2
AF,Afghanistan,,,,,,ChIJbQL_-LZu0TgReNqWvg1GtfM,2021-03-12,31,75,-7,-11,-17,0
AF,Afghanistan,,,,,,ChIJbQL_-LZu0TgReNqWvg1GtfM,2021-03-13,27,38,8,-15,-1,-3
AF,Afghanistan,,,,,,ChIJbQL_-LZu0TgReNqWvg1GtfM,2021-03-14,50,93,11,-4,1,-3
AF,Afghanistan,,,,,,ChIJbQL_-LZu0TgReNqWvg1GtfM,2021-03-15,52,93,7,-1,3,-4
AF,Afghanistan,,,,,,ChIJbQL_-LZu0TgReNqWvg1GtfM,2021-03-16,52,87,6,-3,2,-5
AF,Afghanistan,,,,,,ChIJbQL_-LZu0TgReNqWvg1GtfM,2021-03-17,52,91,6,-4,-3,-4
AF,Afghanistan,,,,,,ChIJbQL_-LZu0TgReNqWvg1GtfM,2021-03-18,52,41,9,-1,2,-3
AF,Afghanistan,,,,,,ChIJbQL_-LZu0TgReNqWvg1GtfM,2021-03-19,41,79,1,-5,-13,-1
AF,Afghanistan,,,,,,ChIJbQL_-LZu0TgReNqWvg1GtfM,2021-03-20,33,44,17,-12,-13,-1
AF,Afghanistan,,,,,,ChIJbQL_-LZu0TgReNqWvg1GtfM,2021-03-21,14,41,11,-34,-62,4
AF,Afghanistan,,,,,,ChIJbQL_-LZu0TgReNqWvg1GtfM,2021-03-22,22,54,4,-28,-47,4
AF,Afghanistan,,,,,,ChIJbQL_-LZu0TgReNqWvg1GtfM,2021-03-23,46,85,12,-3,-1,-5
AF,Afghanistan,,,,,,ChIJbQL_-LZu0TgReNqWvg1GtfM,2021-03-24,50,93,11,-2,-4,-3
AF,Afghanistan,,,,,,ChIJbQL_-LZu0TgReNqWvg1GtfM,2021-03-25,48,41,10,2,4,-2
AF,Afghanistan,,,,,,ChIJbQL_-LZu0TgReNqWvg1GtfM,2021-03-26,40,79,6,-7,-15,-1
AF,Afghanistan,,,,,,ChIJbQL_-LZu0TgReNqWvg1GtfM,2021-03-27,39,50,19,1,4,-4
AF,Afghanistan,,,,,,ChIJbQL_-LZu0TgReNqWvg1GtfM,2021-03-28,54,99,20,2,6,-4
AF,Afghanistan,,,,,,ChIJbQL_-LZu0TgReNqWvg1GtfM,2021-03-29,56,102,12,9,5,-5
AF,Afghanistan,,,,,,ChIJbQL_-LZu0TgReNqWvg1GtfM,2021-03-30,51,84,12,2,5,-5
AF,Afghanistan,,,,,,ChIJbQL_-LZu0TgReNqWvg1GtfM,2021-03-31,50,82,9,-2,-1,-3
AF,Afghanistan,,,,,,ChIJbQL_-LZu0TgReNqWvg1GtfM,2021-04-01,48,37,10,-1,6,-3
AF,Afghanistan,,,,,,ChIJbQL_-LZu0TgReNqWvg1GtfM,2021-04-02,36,70,6,-9,-18,-2
AF,Afghanistan,,,,,,ChIJbQL_-LZu0TgReNqWvg1GtfM,2021-04-03,36,46,19,-5,3,-3
AF,Afghanistan,,,,,,ChIJbQL_-LZu0TgReNqWvg1GtfM,2021-04-04,51,91,19,-4,7,-4
AF,Afghanistan,,,,,,ChIJbQL_-LZu0TgReNqWvg1GtfM,2021-04-05,56,96,18,1,6,-5
AF,Afghanistan,,,,,,ChIJbQL_-LZu0TgReNqWvg1GtfM,2021-04-06,51,83,13,4,6,-5
AF,Afghanistan,,,,,,ChIJbQL_-LZu0TgReNqWvg1GtfM,2021-04-07,51,82,11,1,0,-4
AF,Afghanistan,,,,,,ChIJbQL_-LZu0TgReNqWvg1GtfM,2021-04-08,51,37,15,4,6,-3
AF,Afghanistan,,,,,,ChIJbQL_-LZu0TgReNqWvg1GtfM,2021-04-09,42,78,9,-1,-15,-2
AF,Afghanistan,,,,,,ChIJbQL_-LZu0TgReNqWvg1GtfM,2021-04-10,37,47,23,-2,5,-5
AF,Afghanistan,,,,,,ChIJbQL_-LZu0TgReNqWvg1GtfM,2021-04-11,60,103,25,2,5,-4
AF,Afghanistan,,,,,,ChIJbQL_-LZu0TgReNqWvg1GtfM,2021-04-12,68,119,25,11,5,-6
AF,Afghanistan,,,,,,ChIJbQL_-LZu0TgReNqWvg1GtfM,2021-04-13,-4,47,-17,-28,-44,13
AF,Afghanistan,,,,,,ChIJbQL_-LZu0TgReNqWvg1GtfM,2021-04-14,23,68,-2,-8,0,3
AF,Afghanistan,,,,,,ChIJbQL_-LZu0TgReNqWvg1GtfM,2021-04-15,18,20,-9,-13,7,5
AF,Afghanistan,,,,,,ChIJbQL_-LZu0TgReNqWvg1GtfM,2021-04-16,8,64,-15,-14,-13,8
AF,Afghanistan,,,,,,ChIJbQL_-LZu0TgReNqWvg1GtfM,2021-04-17,17,33,6,-3,3,3
AF,Afghanistan,,,,,,ChIJbQL_-LZu0TgReNqWvg1GtfM,2021-04-18,36,89,8,-2,3,4
AF,Afghanistan,,,,,,ChIJbQL_-LZu0TgReNqWvg1GtfM,2021-04-19,33,88,2,-2,4,3
AF,Afghanistan,,,,,,ChIJbQL_-LZu0TgReNqWvg1GtfM,2021-04-20,31,75,1,0,4,3
AF,Afghanistan,,,,,,ChIJbQL_-LZu0TgReNqWvg1GtfM,2021-04-21,30,76,3,-2,1,3
AF,Afghanistan,,,,,,ChIJbQL_-LZu0TgReNqWvg1GtfM,2021-04-22,25,20,-4,-3,6,5
AF,Afghanistan,,,,,,ChIJbQL_-LZu0TgReNqWvg1GtfM,2021-04-23,18,71,-12,-14,-12,9
AF,Afghanistan,,,,,,ChIJbQL_-LZu0TgReNqWvg1GtfM,2021-04-24,19,33,7,-6,5,4
AF,Afghanistan,,,,,,ChIJbQL_-LZu0TgReNqWvg1GtfM,2021-04-25,36,84,8,-3,6,4
AF,Afghanistan,,,,,,ChIJbQL_-LZu0TgReNqWvg1GtfM,2021-04-26,34,83,2,-3,5,3
AF,Afghanistan,,,,,,ChIJbQL_-LZu0TgReNqWvg1GtfM,2021-04-27,32,73,1,-3,4,1
AF,Afghanistan,,,,,,ChIJbQL_-LZu0TgReNqWvg1GtfM,2021-04-28,15,55,-9,-17,-40,12
AF,Afghanistan,,,,,,ChIJbQL_-LZu0TgReNqWvg1GtfM,2021-04-29,29,26,1,-3,5,5
AF,Afghanistan,,,,,,ChIJbQL_-LZu0TgReNqWvg1GtfM,2021-04-30,23,71,-11,-9,-8,8
AF,Afghanistan,,,,,,ChIJbQL_-LZu0TgReNqWvg1GtfM,2021-05-01,26,39,10,-4,3,3
AF,Afghanistan,,,,,,ChIJbQL_-LZu0TgReNqWvg1GtfM,2021-05-02,37,84,5,-4,4,2
AF,Afghanistan,,,,,,ChIJbQL_-LZu0TgReNqWvg1GtfM,2021-05-03,41,88,9,6,5,2
AF,Afghanistan,,,,,,ChIJbQL_-LZu0TgReNqWvg1GtfM,2021-05-04,39,82,6,4,5,2
AF,Afghanistan,,,,,,ChIJbQL_-LZu0TgReNqWvg1GtfM,2021-05-05,41,81,6,3,1,2
AF,Afghanistan,,,,,,ChIJbQL_-LZu0TgReNqWvg1GtfM,2021-05-06,42,40,7,7,9,4
AF,Afghanistan,,,,,,ChIJbQL_-LZu0TgReNqWvg1GtfM,2021-05-07,35,105,-9,0,-3,5
AF,Afghanistan,,,,,,ChIJbQL_-LZu0TgReNqWvg1GtfM,2021-05-08,28,46,11,-3,1,0
AF,Afghanistan,,,,,,ChIJbQL_-LZu0TgReNqWvg1GtfM,2021-05-09,47,105,12,2,2,-1
AF,Afghanistan,,,,,,ChIJbQL_-LZu0TgReNqWvg1GtfM,2021-05-10,59,128,17,11,0,-2
AF,Afghanistan,,,,,,ChIJbQL_-LZu0TgReNqWvg1GtfM,2021-05-11,78,161,29,16,-5,-2
AF,Afghanistan,,,,,,ChIJbQL_-LZu0TgReNqWvg1GtfM,2021-05-12,57,137,16,-2,-28,5
AF,Afghanistan,,,,,,ChIJbQL_-LZu0TgReNqWvg1GtfM,2021-05-13,2,2,16,-25,-74,3
AF,Afghanistan,,,,,,ChIJbQL_-LZu0TgReNqWvg1GtfM,2021-05-14,48,110,36,3,-48,-4
AF,Afghanistan,,,,,,ChIJbQL_-LZu0TgReNqWvg1GtfM,2021-05-15,11,11,29,-24,-75,0
AF,Afghanistan,,,,,,ChIJbQL_-LZu0TgReNqWvg1GtfM,2021-05-16,39,68,25,-14,-30,-4
AF,Afghanistan,,,,,,ChIJbQL_-LZu0TgReNqWvg1GtfM,2021-05-17,59,103,28,2,-3,-7
AF,Afghanistan,,,,,,ChIJbQL_-LZu0TgReNqWvg1GtfM,2021-05-18,61,95,26,6,4,-5
AF,Afghanistan,,,,,,ChIJbQL_-LZu0TgReNqWvg1GtfM,2021-05-19,58,98,25,2,1,-4
AF,Afghanistan,,,,,,ChIJbQL_-LZu0TgReNqWvg1GtfM,2021-05-20,59,44,29,2,7,-2
AF,Afghanistan,,,,,,ChIJbQL_-LZu0TgReNqWvg1GtfM,2021-05-21,57,106,26,0,-11,-1
AF,Afghanistan,,,,,,ChIJbQL_-LZu0TgReNqWvg1GtfM,2021-05-22,47,62,42,10,9,-4
AF,Afghanistan,,,,,,ChIJbQL_-LZu0TgReNqWvg1GtfM,2021-05-23,66,112,40,10,13,-4
AF,Afghanistan,,,,,,ChIJbQL_-LZu0TgReNqWvg1GtfM,2021-05-24,71,127,38,10,13,-5
AF,Afghanistan,,,,,,ChIJbQL_-LZu0TgReNqWvg1GtfM,2021-05-25,68,115,36,11,13,-4
AF,Afghanistan,,,,,,ChIJbQL_-LZu0TgReNqWvg1GtfM,2021-05-26,67,117,37,13,9,-3
AF,Afghanistan,,,,,,ChIJbQL_-LZu0TgReNqWvg1GtfM,2021-05-27,70,63,35,7,15,-3
AF,Afghanistan,,,,,,ChIJbQL_-LZu0TgReNqWvg1GtfM,2021-05-28,71,126,30,5,-11,-2
AF,Afghanistan,,,,,,ChIJbQL_-LZu0TgReNqWvg1GtfM,2021-05-29,56,72,47,11,13,-4
AF,Afghanistan,,,,,,ChIJbQL_-LZu0TgReNqWvg1GtfM,2021-05-30,66,115,40,9,10,-3
AF,Afghanistan,,,,,,ChIJbQL_-LZu0TgReNqWvg1GtfM,2021-05-31,77,138,41,11,8,-4
AF,Afghanistan,,,,,,ChIJbQL_-LZu0TgReNqWvg1GtfM,2021-06-01,74,129,39,8,7,-4
AF,Afghanistan,,,,,,ChIJbQL_-LZu0TgReNqWvg1GtfM,2021-06-02,64,112,32,1,1,-5
AF,Afghanistan,,,,,,ChIJbQL_-LZu0TgReNqWvg1GtfM,2021-06-03,59,55,30,-3,8,-3
AF,Afghanistan,,,,,,ChIJbQL_-LZu0TgReNqWvg1GtfM,2021-06-04,55,110,25,-6,-17,-1
AF,Afghanistan,,,,,,ChIJbQL_-LZu0TgReNqWvg1GtfM,2021-06-05,45,65,38,1,6,-2
AF,Afghanistan,,,,,,ChIJbQL_-LZu0TgReNqWvg1GtfM,2021-06-06,59,113,35,2,7,-2
AF,Afghanistan,,,,,,ChIJbQL_-LZu0TgReNqWvg1GtfM,2021-06-07,66,126,36,3,6,-3
AF,Afghanistan,,,,,,ChIJbQL_-LZu0TgReNqWvg1GtfM,2021-06-08,59,109,30,-2,5,-4
AF,Afghanistan,,,,,,ChIJbQL_-LZu0TgReNqWvg1GtfM,2021-06-09,58,111,34,-6,-1,-3
AF,Afghanistan,,,,,,ChIJbQL_-LZu0TgReNqWvg1GtfM,2021-06-10,56,53,33,-7,7,-2
AF,Afghanistan,,,,,,ChIJbQL_-LZu0TgReNqWvg1GtfM,2021-06-11,46,103,28,-14,-16,1
AF,Afghanistan,,,,,,ChIJbQL_-LZu0TgReNqWvg1GtfM,2021-06-12,36,55,35,-12,2,-1
AF,Afghanistan,,,,,,ChIJbQL_-LZu0TgReNqWvg1GtfM,2021-06-13,47,98,32,-10,2,0
AF,Afghanistan,,,,,,ChIJbQL_-LZu0TgReNqWvg1GtfM,2021-06-14,59,117,34,-7,0,-2
AF,Afghanistan,,,,,,ChIJbQL_-LZu0TgReNqWvg1GtfM,2021-06-15,48,95,28,-11,0,-1
AF,Afghanistan,,,,,,ChIJbQL_-LZu0TgReNqWvg1GtfM,2021-06-16,49,96,27,-13,-6,-1
AF,Afghanistan,,,,,,ChIJbQL_-LZu0TgReNqWvg1GtfM,2021-06-17,43,39,26,-13,-2,-1
AF,Afghanistan,,,,,,ChIJbQL_-LZu0TgReNqWvg1GtfM,2021-06-18,34,85,20,-17,-21,2
AF,Afghanistan,,,,,,ChIJbQL_-LZu0TgReNqWvg1GtfM,2021-06-19,26,41,28,-16,-5,-1
AF,Afghanistan,,,,,,ChIJbQL_-LZu0TgReNqWvg1GtfM,2021-06-20,33,74,24,-17,-7,0
AF,Afghanistan,,,,,,ChIJbQL_-LZu0TgReNqWvg1GtfM,2021-06-21,37,84,18,-17,-10,-2
AF,Afghanistan,,,,,,ChIJbQL_-LZu0TgReNqWvg1GtfM,2021-06-22,33,74,18,-18,-10,-2
AF,Afghanistan,,,,,,ChIJbQL_-LZu0TgReNqWvg1GtfM,2021-06-23,32,68,15,-24,-14,-4
AF,Afghanistan,,,,,,ChIJbQL_-LZu0TgReNqWvg1GtfM,2021-06-24,34,23,15,-21,-7,-3
AF,Afghanistan,,,,,,ChIJbQL_-LZu0TgReNqWvg1GtfM,2021-06-25,24,67,9,-28,-25,-2
AF,Afghanistan,,,,,,ChIJbQL_-LZu0TgReNqWvg1GtfM,2021-06-26,20,30,20,-23,-7,-4
AF,Afghanistan,,,,,,ChIJbQL_-LZu0TgReNqWvg1GtfM,2021-06-27,37,76,21,-18,-6,-5
AF,Afghanistan,,,,,,ChIJbQL_-LZu0TgReNqWvg1GtfM,2021-06-28,43,89,20,-20,-6,-5
AF,Afghanistan,,,,,,ChIJbQL_-LZu0TgReNqWvg1GtfM,2021-06-29,43,80,19,-17,-4,-4
AF,Afghanistan,,,,,,ChIJbQL_-LZu0TgReNqWvg1GtfM,2021-06-30,40,73,18,-22,-10,-4
AF,Afghanistan,,,,,,ChIJbQL_-LZu0TgReNqWvg1GtfM,2021-07-01,44,37,21,-19,-1,-3
AF,Afghanistan,,,,,,ChIJbQL_-LZu0TgReNqWvg1GtfM,2021-07-02,38,86,16,-19,-20,0
AF,Afghanistan,,,,,,ChIJbQL_-LZu0TgReNqWvg1GtfM,2021-07-03,34,46,29,-16,-3,-3
AF,Afghanistan,,,,,,ChIJbQL_-LZu0TgReNqWvg1GtfM,2021-07-04,49,94,27,-12,-2,-3
AF,Afghanistan,,,,,,ChIJbQL_-LZu0TgReNqWvg1GtfM,2021-07-05,52,105,27,-12,0,-4
AF,Afghanistan,,,,,,ChIJbQL_-LZu0TgReNqWvg1GtfM,2021-07-06,49,92,26,-13,0,-3
AF,Afghanistan,,,,,,ChIJbQL_-LZu0TgReNqWvg1GtfM,2021-07-07,52,93,25,-13,-4,-3
AF,Afghanistan,,,,,,ChIJbQL_-LZu0TgReNqWvg1GtfM,2021-07-08,53,46,25,-10,3,-2
AF,Afghanistan,,,,,,ChIJbQL_-LZu0TgReNqWvg1GtfM,2021-07-09,41,92,18,-15,-16,0
AF,Afghanistan,,,,,,ChIJbQL_-LZu0TgReNqWvg1GtfM,2021-07-10,39,53,29,-10,0,-3
AF,Afghanistan,,,,,,ChIJbQL_-LZu0TgReNqWvg1GtfM,2021-07-11,54,98,30,-8,2,-4
AF,Afghanistan,,,,,,ChIJbQL_-LZu0TgReNqWvg1GtfM,2021-07-12,62,120,30,-8,2,-4
AF,Afghanistan,,,,,,ChIJbQL_-LZu0TgReNqWvg1GtfM,2021-07-13,63,113,34,-4,1,-5
AF,Afghanistan,,,,,,ChIJbQL_-LZu0TgReNqWvg1GtfM,2021-07-14,64,109,33,-5,-2,-4
AF,Afghanistan,,,,,,ChIJbQL_-LZu0TgReNqWvg1GtfM,2021-07-15,62,55,31,-1,5,-3
AF,Afghanistan,,,,,,ChIJbQL_-LZu0TgReNqWvg1GtfM,2021-07-16,54,123,21,-6,-8,-1
AF,Afghanistan,,,,,,ChIJbQL_-LZu0TgReNqWvg1GtfM,2021-07-17,46,63,37,-1,-2,-4
AF,Afghanistan,,,,,,ChIJbQL_-LZu0TgReNqWvg1GtfM,2021-07-18,71,131,38,2,-5,-4
AF,Afghanistan,,,,,,ChIJbQL_-LZu0TgReNqWvg1GtfM,2021-07-19,77,170,38,2,-43,1
AF,Afghanistan,,,,,,ChIJbQL_-LZu0TgReNqWvg1GtfM,2021-07-20,-8,37,21,-34,-79,4
AF,Afghanistan,,,,,,ChIJbQL_-LZu0TgReNqWvg1GtfM,2021-07-21,5,49,35,-27,-80,3
AF,Afghanistan,,,,,,ChIJbQL_-LZu0TgReNqWvg1GtfM,2021-07-22,4,7,35,-25,-75,4
AF,Afghanistan,,,,,,ChIJbQL_-LZu0TgReNqWvg1GtfM,2021-07-23,39,87,33,-16,-35,-2
AF,Afghanistan,,,,,,ChIJbQL_-LZu0TgReNqWvg1GtfM,2021-07-24,33,42,37,-9,-10,-3
AF,Afghanistan,,,,,,ChIJbQL_-LZu0TgReNqWvg1GtfM,2021-07-25,55,88,33,-5,-1,-4
AF,Afghanistan,,,,,,ChIJbQL_-LZu0TgReNqWvg1GtfM,2021-07-26,64,105,37,0,2,-6
AF,Afghanistan,,,,,,ChIJbQL_-LZu0TgReNqWvg1GtfM,2021-07-27,58,93,33,-4,4,-6
AF,Afghanistan,,,,,,ChIJbQL_-LZu0TgReNqWvg1GtfM,2021-07-28,54,86,29,-11,-3,-6
AF,Afghanistan,,,,,,ChIJbQL_-LZu0TgReNqWvg1GtfM,2021-07-29,55,36,27,-7,4,-5
AF,Afghanistan,,,,,,ChIJbQL_-LZu0TgReNqWvg1GtfM,2021-07-30,44,86,21,-15,-19,-1
AF,Afghanistan,,,,,,ChIJbQL_-LZu0TgReNqWvg1GtfM,2021-07-31,41,48,37,-10,0,-6
AF,Afghanistan,,,,,,ChIJbQL_-LZu0TgReNqWvg1GtfM,2021-08-01,61,96,37,-2,2,-4
AF,Afghanistan,,,,,,ChIJbQL_-LZu0TgReNqWvg1GtfM,2021-08-02,64,105,37,-2,1,-5
AF,Afghanistan,,,,,,ChIJbQL_-LZu0TgReNqWvg1GtfM,2021-08-03,68,103,35,0,2,-5
AF,Afghanistan,,,,,,ChIJbQL_-LZu0TgReNqWvg1GtfM,2021-08-04,65,97,34,-3,-4,-5
AF,Afghanistan,,,,,,ChIJbQL_-LZu0TgReNqWvg1GtfM,2021-08-05,61,45,33,-3,2,-3
AF,Afghanistan,,,,,,ChIJbQL_-LZu0TgReNqWvg1GtfM,2021-08-06,53,98,23,-7,-20,0
AF,Afghanistan,,,,,,ChIJbQL_-LZu0TgReNqWvg1GtfM,2021-08-07,44,48,38,-3,-2,-4
AF,Afghanistan,,,,,,ChIJbQL_-LZu0TgReNqWvg1GtfM,2021-08-08,63,93,36,-1,-1,-3
AF,Afghanistan,,,,,,ChIJbQL_-LZu0TgReNqWvg1GtfM,2021-08-09,62,106,37,1,-2,-5
AF,Afghanistan,,,,,,ChIJbQL_-LZu0TgReNqWvg1GtfM,2021-08-10,61,92,34,2,-4,-5
AF,Afghanistan,,,,,,ChIJbQL_-LZu0TgReNqWvg1GtfM,2021-08-11,59,87,33,2,-11,-4
AF,Afghanistan,,,,,,ChIJbQL_-LZu0TgReNqWvg1GtfM,2021-08-12,48,30,24,2,-6,-3
AF,Afghanistan,,,,,,ChIJbQL_-LZu0TgReNqWvg1GtfM,2021-08-13,37,87,18,-9,-24,0
AF,Afghanistan,,,,,,ChIJbQL_-LZu0TgReNqWvg1GtfM,2021-08-14,40,45,37,3,-12,-3
AF,Afghanistan,,,,,,ChIJbQL_-LZu0TgReNqWvg1GtfM,2021-08-15,30,71,24,1,-32,3
AF,Afghanistan,,,,,,ChIJbQL_-LZu0TgReNqWvg1GtfM,2021-08-16,-1,49,4,-13,-59,11
AF,Afghanistan,,,,,,ChIJbQL_-LZu0TgReNqWvg1GtfM,2021-08-17,8,60,8,-19,-48,8
AF,Afghanistan,,,,,,ChIJbQL_-LZu0TgReNqWvg1GtfM,2021-08-18,11,65,10,-12,-48,6
AF,Afghanistan,,,,,,ChIJbQL_-LZu0TgReNqWvg1GtfM,2021-08-19,0,11,5,-13,-59,9
AF,Afghanistan,,,,,,ChIJbQL_-LZu0TgReNqWvg1GtfM,2021-08-20,15,81,10,1,-31,3
AF,Afghanistan,,,,,,ChIJbQL_-LZu0TgReNqWvg1GtfM,2021-08-21,16,37,20,-1,-30,3
AF,Afghanistan,,,,,,ChIJbQL_-LZu0TgReNqWvg1GtfM,2021-08-22,28,76,19,-2,-30,3
AF,Afghanistan,,,,,,ChIJbQL_-LZu0TgReNqWvg1GtfM,2021-08-23,35,92,19,3,-30,1
AF,Afghanistan,,,,,,ChIJbQL_-LZu0TgReNqWvg1GtfM,2021-08-24,40,85,22,11,-30,1
AF,Afghanistan,,,,,,ChIJbQL_-LZu0TgReNqWvg1GtfM,2021-08-25,44,91,24,17,-33,0
AF,Afghanistan,,,,,,ChIJbQL_-LZu0TgReNqWvg1GtfM,2021-08-26,39,36,23,11,-28,2
AF,Afghanistan,,,,,,ChIJbQL_-LZu0TgReNqWvg1GtfM,2021-08-27,28,85,16,-6,-27,3
AF,Afghanistan,,,,,,ChIJbQL_-LZu0TgReNqWvg1GtfM,2021-08-28,23,38,24,-9,-28,3
AF,Afghanistan,,,,,,ChIJbQL_-LZu0TgReNqWvg1GtfM,2021-08-29,37,80,26,-13,-28,4
AF,Afghanistan,,,,,,ChIJbQL_-LZu0TgReNqWvg1GtfM,2021-08-30,42,98,26,-14,-27,2
AF,Afghanistan,,,,,,ChIJbQL_-LZu0TgReNqWvg1GtfM,2021-08-31,37,83,24,-21,-28,3
AF,Afghanistan,,,,,,ChIJbQL_-LZu0TgReNqWvg1GtfM,2021-09-01,36,83,19,-27,-29,3
AF,Afghanistan,,,,,,ChIJbQL_-LZu0TgReNqWvg1GtfM,2021-09-02,32,33,13,-27,-23,4
AF,Afghanistan,,,,,,ChIJbQL_-LZu0TgReNqWvg1GtfM,2021-09-03,24,74,12,-30,-26,2
AF,Afghanistan,,,,,,ChIJbQL_-LZu0TgReNqWvg1GtfM,2021-09-04,15,35,18,-32,-24,4
AF,Afghanistan,,,,,,ChIJbQL_-LZu0TgReNqWvg1GtfM,2021-09-05,30,79,17,-29,-24,3
AF,Afghanistan,,,,,,ChIJbQL_-LZu0TgReNqWvg1GtfM,2021-09-06,37,88,16,-31,-23,2
AF,Afghanistan,,,,,,ChIJbQL_-LZu0TgReNqWvg1GtfM,2021-09-07,32,82,17,-30,-23,1
AF,Afghanistan,,,,,,ChIJbQL_-LZu0TgReNqWvg1GtfM,2021-09-08,32,77,13,-35,-26,2
AF,Afghanistan,,,,,,ChIJbQL_-LZu0TgReNqWvg1GtfM,2021-09-09,22,24,11,-36,-26,3
AF,Afghanistan,,,,,,ChIJbQL_-LZu0TgReNqWvg1GtfM,2021-09-10,21,75,9,-35,-26,1
AF,Afghanistan,,,,,,ChIJbQL_-LZu0TgReNqWvg1GtfM,2021-09-11,21,41,19,-32,-22,1
AF,Afghanistan,,,,,,ChIJbQL_-LZu0TgReNqWvg1GtfM,2021-09-12,38,84,20,-29,-21,2
AF,Afghanistan,,,,,,ChIJbQL_-LZu0TgReNqWvg1GtfM,2021-09-13,40,95,19,-29,-21,1
AF,Afghanistan,,,,,,ChIJbQL_-LZu0TgReNqWvg1GtfM,2021-09-14,40,87,19,-28,-22,0
AF,Afghanistan,,,,,,ChIJbQL_-LZu0TgReNqWvg1GtfM,2021-09-15,38,89,17,-29,-24,1
AF,Afghanistan,,,,,,ChIJbQL_-LZu0TgReNqWvg1GtfM,2021-09-16,36,38,18,-29,-19,1
AF,Afghanistan,,,,,,ChIJbQL_-LZu0TgReNqWvg1GtfM,2021-09-17,26,82,12,-34,-27,0
AF,Afghanistan,,,,,,ChIJbQL_-LZu0TgReNqWvg1GtfM,2021-09-18,23,46,22,-27,-21,1
AF,Afghanistan,,,,,,ChIJbQL_-LZu0TgReNqWvg1GtfM,2021-09-19,38,92,20,-28,-20,2
AF,Afghanistan,,,,,,ChIJbQL_-LZu0TgReNqWvg1GtfM,2021-09-20,43,100,21,-27,-20,0
AF,Afghanistan,,,,,,ChIJbQL_-LZu0TgReNqWvg1GtfM,2021-09-21,40,93,19,-27,-19,-1
AF,Afghanistan,,,,,,ChIJbQL_-LZu0TgReNqWvg1GtfM,2021-09-22,43,92,17,-27,-20,1
AF,Afghanistan,,,,,,ChIJbQL_-LZu0TgReNqWvg1GtfM,2021-09-23,39,39,17,-28,-13,0
AF,Afghanistan,,,,,,ChIJbQL_-LZu0TgReNqWvg1GtfM,2021-09-24,24,81,12,-32,-21,0
AF,Afghanistan,,,,,,ChIJbQL_-LZu0TgReNqWvg1GtfM,2021-09-25,25,49,23,-29,-18,0
AF,Afghanistan,,,,,,ChIJbQL_-LZu0TgReNqWvg1GtfM,2021-09-26,37,91,19,-29,-17,1
AF,Afghanistan,,,,,,ChIJbQL_-LZu0TgReNqWvg1GtfM,2021-09-27,42,99,17,-28,-17,-1
AF,Afghanistan,,,,,,ChIJbQL_-LZu0TgReNqWvg1GtfM,2021-09-28,42,92,16,-27,-16,-1
AF,Afghanistan,,,,,,ChIJbQL_-LZu0TgReNqWvg1GtfM,2021-09-29,39,88,16,-30,-21,0
AF,Afghanistan,,,,,,ChIJbQL_-LZu0TgReNqWvg1GtfM,2021-09-30,39,35,14,-28,-15,0
AF,Afghanistan,,,,,,ChIJbQL_-LZu0TgReNqWvg1GtfM,2021-10-01,29,76,10,-34,-22,-1
AF,Afghanistan,,,,,,ChIJbQL_-LZu0TgReNqWvg1GtfM,2021-10-02,25,47,19,-28,-18,0
AF,Afghanistan,,,,,,ChIJbQL_-LZu0TgReNqWvg1GtfM,2021-10-03,43,95,20,-26,-17,1
AF,Afghanistan,,,,,,ChIJbQL_-LZu0TgReNqWvg1GtfM,2021-10-04,45,100,19,-27,-16,-1
AF,Afghanistan,,,,,,ChIJbQL_-LZu0TgReNqWvg1GtfM,2021-10-05,43,88,18,-26,-18,-2
AF,Afghanistan,,,,,,ChIJbQL_-LZu0TgReNqWvg1GtfM,2021-10-06,42,92,16,-28,-19,-1
AF,Afghanistan,,,,,,ChIJbQL_-LZu0TgReNqWvg1GtfM,2021-10-07,39,38,16,-25,-12,0
AF,Afghanistan,,,,,,ChIJbQL_-LZu0TgReNqWvg1GtfM,2021-10-08,29,80,10,-33,-23,0
AF,Afghanistan,,,,,,ChIJbQL_-LZu0TgReNqWvg1GtfM,2021-10-09,27,48,21,-24,-17,-1
AF,Afghanistan,,,,,,ChIJbQL_-LZu0TgReNqWvg1GtfM,2021-10-10,40,92,22,-25,-16,0
AF,Afghanistan,,,,,,ChIJbQL_-LZu0TgReNqWvg1GtfM,2021-10-11,46,109,20,-22,-16,-1
AF,Afghanistan,,,,,,ChIJbQL_-LZu0TgReNqWvg1GtfM,2021-10-12,44,95,16,-26,-15,-1
AF,Afghanistan,,,,,,ChIJbQL_-LZu0TgReNqWvg1GtfM,2021-10-13,43,95,17,-24,-19,-1
AF,Afghanistan,,,,,,ChIJbQL_-LZu0TgReNqWvg1GtfM,2021-10-14,35,39,14,-27,-14,-2
AF,Afghanistan,,,,,,ChIJbQL_-LZu0TgReNqWvg1GtfM,2021-10-15,31,85,12,-32,-23,0
AF,Afghanistan,,,,,,ChIJbQL_-LZu0TgReNqWvg1GtfM,2021-10-16,26,51,24,-26,-17,1
AF,Afghanistan,,,,,,ChIJbQL_-LZu0TgReNqWvg1GtfM,2021-10-17,43,99,21,-22,-15,0
AF,Afghanistan,,,,,,ChIJbQL_-LZu0TgReNqWvg1GtfM,2021-10-18,42,100,17,-24,-26,1
AF,Afghanistan,,,,,,ChIJbQL_-LZu0TgReNqWvg1GtfM,2021-10-19,28,79,13,-33,-43,5
AF,Afghanistan,,,,,,ChIJbQL_-LZu0TgReNqWvg1GtfM,2021-10-20,50,108,22,-21,-18,-1
AF,Afghanistan,,,,,,ChIJbQL_-LZu0TgReNqWvg1GtfM,2021-10-21,43,47,18,-21,-12,-1
AF,Afghanistan,,,,,,ChIJbQL_-LZu0TgReNqWvg1GtfM,2021-10-22,27,78,9,-36,-26,-2
AF,Afghanistan,,,,,,ChIJbQL_-LZu0TgReNqWvg1GtfM,2021-10-23,23,45,18,-28,-19,-3
AF,Afghanistan,,,,,,ChIJbQL_-LZu0TgReNqWvg1GtfM,2021-10-24,40,97,20,-25,-17,0
AF,Afghanistan,,,,,,ChIJbQL_-LZu0TgReNqWvg1GtfM,2021-10-25,44,106,17,-21,-16,-1
AF,Afghanistan,,,,,,ChIJbQL_-LZu0TgReNqWvg1GtfM,2021-10-26,42,100,19,-22,-15,-1
AF,Afghanistan,,,,,,ChIJbQL_-LZu0TgReNqWvg1GtfM,2021-10-27,41,97,16,-25,-20,0
AF,Afghanistan,,,,,,ChIJbQL_-LZu0TgReNqWvg1GtfM,2021-10-28,41,45,17,-24,-13,0
AF,Afghanistan,,,,,,ChIJbQL_-LZu0TgReNqWvg1GtfM,2021-10-29,29,87,10,-34,-25,1
AF,Afghanistan,,,,,,ChIJbQL_-LZu0TgReNqWvg1GtfM,2021-10-30,26,53,22,-30,-17,0
AF,Afghanistan,,,,,,ChIJbQL_-LZu0TgReNqWvg1GtfM,2021-10-31,40,100,21,-28,-15,2
AF,Afghanistan,,,,,,ChIJbQL_-LZu0TgReNqWvg1GtfM,2021-11-01,49,109,19,-23,-15,-1
AF,Afghanistan,,,,,,ChIJbQL_-LZu0TgReNqWvg1GtfM,2021-11-02,45,105,19,-21,-15,-1
AF,Afghanistan,,,,,,ChIJbQL_-LZu0TgReNqWvg1GtfM,2021-11-03,46,100,16,-27,-18,0
AF,Afghanistan,,,,,,ChIJbQL_-LZu0TgReNqWvg1GtfM,2021-11-04,39,42,18,-26,-12,-1
AF,Afghanistan,,,,,,ChIJbQL_-LZu0TgReNqWvg1GtfM,2021-11-05,32,90,12,-33,-24,0
AF,Afghanistan,,,,,,ChIJbQL_-LZu0TgReNqWvg1GtfM,2021-11-06,30,55,23,-27,-17,0
AF,Afghanistan,,,,,,ChIJbQL_-LZu0TgReNqWvg1GtfM,2021-11-07,43,100,23,-26,-15,1
AF,Afghanistan,,,,,,ChIJbQL_-LZu0TgReNqWvg1GtfM,2021-11-08,50,113,20,-22,-14,-1
AF,Afghanistan,,,,,,ChIJbQL_-LZu0TgReNqWvg1GtfM,2021-11-09,47,105,20,-23,-14,-1
AF,Afghanistan,,,,,,ChIJbQL_-LZu0TgReNqWvg1GtfM,2021-11-10,49,104,21,-23,-16,-1
AF,Afghanistan,,,,,,ChIJbQL_-LZu0TgReNqWvg1GtfM,2021-11-11,46,47,16,-26,-9,0
AF,Afghanistan,,,,,,ChIJbQL_-LZu0TgReNqWvg1GtfM,2021-11-12,31,93,10,-33,-21,1
AF,Afghanistan,,,,,,ChIJbQL_-LZu0TgReNqWvg1GtfM,2021-11-13,31,53,23,-25,-14,0
AF,Afghanistan,,,,,,ChIJbQL_-LZu0TgReNqWvg1GtfM,2021-11-14,49,105,24,-25,-12,1
AF,Afghanistan,,,,,,ChIJbQL_-LZu0TgReNqWvg1GtfM,2021-11-15,52,116,16,-26,-11,0
AF,Afghanistan,,,,,,ChIJbQL_-LZu0TgReNqWvg1GtfM,2021-11-16,51,101,19,-26,-11,0
AF,Afghanistan,,,,,,ChIJbQL_-LZu0TgReNqWvg1GtfM,2021-11-17,45,100,19,-26,-14,0
AF,Afghanistan,,,,,,ChIJbQL_-LZu0TgReNqWvg1GtfM,2021-11-18,44,46,17,-26,-8,1
AF,Afghanistan,,,,,,ChIJbQL_-LZu0TgReNqWvg1GtfM,2021-11-19,30,85,8,-35,-20,1
AF,Afghanistan,,,,,,ChIJbQL_-LZu0TgReNqWvg1GtfM,2021-11-20,29,53,21,-27,-12,0
AF,Afghanistan,,,,,,ChIJbQL_-LZu0TgReNqWvg1GtfM,2021-11-21,44,99,19,-28,-10,1
AF,Afghanistan,,,,,,ChIJbQL_-LZu0TgReNqWvg1GtfM,2021-11-22,48,109,19,-29,-10,0
AF,Afghanistan,,,,,,ChIJbQL_-LZu0TgReNqWvg1GtfM,2021-11-23,43,96,17,-27,-11,0
AF,Afghanistan,,,,,,ChIJbQL_-LZu0TgReNqWvg1GtfM,2021-11-24,45,100,18,-30,-13,1
AF,Afghanistan,,,,,,ChIJbQL_-LZu0TgReNqWvg1GtfM,2021-11-25,45,50,16,-27,-6,1
AF,Afghanistan,,,,,,ChIJbQL_-LZu0TgReNqWvg1GtfM,2021-11-26,32,85,9,-34,-20,2
AF,Afghanistan,,,,,,ChIJbQL_-LZu0TgReNqWvg1GtfM,2021-11-27,27,55,21,-27,-11,1
AF,Afghanistan,,,,,,ChIJbQL_-LZu0TgReNqWvg1GtfM,2021-11-28,45,99,20,-26,-9,1
AF,Afghanistan,,,,,,ChIJbQL_-LZu0TgReNqWvg1GtfM,2021-11-29,49,108,17,-25,-9,1
AF,Afghanistan,,,,,,ChIJbQL_-LZu0TgReNqWvg1GtfM,2021-11-30,46,98,16,-24,-8,0
AF,Afghanistan,,,,,,ChIJbQL_-LZu0TgReNqWvg1GtfM,2021-12-01,41,90,16,-30,-14,1
AF,Afghanistan,,,,,,ChIJbQL_-LZu0TgReNqWvg1GtfM,2021-12-02,43,44,15,-24,-6,0
AF,Afghanistan,,,,,,ChIJbQL_-LZu0TgReNqWvg1GtfM,2021-12-03,34,90,10,-34,-20,1
AF,Afghanistan,,,,,,ChIJbQL_-LZu0TgReNqWvg1GtfM,2021-12-04,28,54,24,-28,-10,1
AF,Afghanistan,,,,,,ChIJbQL_-LZu0TgReNqWvg1GtfM,2021-12-05,47,100,24,-25,-8,1
AF,Afghanistan,,,,,,ChIJbQL_-LZu0TgReNqWvg1GtfM,2021-12-06,51,109,20,-24,-7,0
AF,Afghanistan,,,,,,ChIJbQL_-LZu0TgReNqWvg1GtfM,2021-12-07,47,103,18,-25,-4,0
AF,Afghanistan,,,,,,ChIJbQL_-LZu0TgReNqWvg1GtfM,2021-12-08,47,98,19,-29,-6,1
AF,Afghanistan,,,,,,ChIJbQL_-LZu0TgReNqWvg1GtfM,2021-12-09,39,43,16,-28,2,0
AF,Afghanistan,,,,,,ChIJbQL_-LZu0TgReNqWvg1GtfM,2021-12-10,29,83,6,-35,-11,1
AF,Afghanistan,,,,,,ChIJbQL_-LZu0TgReNqWvg1GtfM,2021-12-11,27,52,22,-30,-3,0
AF,Afghanistan,,,,,,ChIJbQL_-LZu0TgReNqWvg1GtfM,2021-12-12,42,97,25,-28,-1,0
AF,Afghanistan,,,,,,ChIJbQL_-LZu0TgReNqWvg1GtfM,2021-12-13,43,101,18,-31,-2,0
AF,Afghanistan,,,,,,ChIJbQL_-LZu0TgReNqWvg1GtfM,2021-12-14,38,88,16,-30,-2,0
AF,Afghanistan,,,,,,ChIJbQL_-LZu0TgReNqWvg1GtfM,2021-12-15,38,91,17,-33,-6,0
AF,Afghanistan,,,,,,ChIJbQL_-LZu0TgReNqWvg1GtfM,2021-12-16,37,38,15,-32,2,1
AF,Afghanistan,,,,,,ChIJbQL_-LZu0TgReNqWvg1GtfM,2021-12-17,24,79,5,-36,-15,1
AF,Afghanistan,,,,,,ChIJbQL_-LZu0TgReNqWvg1GtfM,2021-12-18,26,51,23,-32,-2,0
AF,Afghanistan,,,,,,ChIJbQL_-LZu0TgReNqWvg1GtfM,2021-12-19,46,105,27,-32,1,0
AF,Afghanistan,,,,,,ChIJbQL_-LZu0TgReNqWvg1GtfM,2021-12-20,48,107,20,-28,1,-1
AF,Afghanistan,,,,,,ChIJbQL_-LZu0TgReNqWvg1GtfM,2021-12-21,49,108,22,-27,1,-1
AF,Afghanistan,,,,,,ChIJbQL_-LZu0TgReNqWvg1GtfM,2021-12-22,47,102,22,-30,-3,-1
AF,Afghanistan,,,,,,ChIJbQL_-LZu0TgReNqWvg1GtfM,2021-12-23,44,47,20,-30,5,0
AF,Afghanistan,,,,,,ChIJbQL_-LZu0TgReNqWvg1GtfM,2021-12-24,32,81,14,-35,-11,1
AF,Afghanistan,,,,,,ChIJbQL_-LZu0TgReNqWvg1GtfM,2021-12-25,32,57,31,-27,0,0
AF,Afghanistan,,,,,,ChIJbQL_-LZu0TgReNqWvg1GtfM,2021-12-26,46,101,27,-29,1,1
AF,Afghanistan,,,,,,ChIJbQL_-LZu0TgReNqWvg1GtfM,2021-12-27,47,109,21,-28,3,0
AF,Afghanistan,,,,,,ChIJbQL_-LZu0TgReNqWvg1GtfM,2021-12-28,46,100,22,-29,4,0
AF,Afghanistan,,,,,,ChIJbQL_-LZu0TgReNqWvg1GtfM,2021-12-29,45,96,18,-32,-3,0
AF,Afghanistan,,,,,,ChIJbQL_-LZu0TgReNqWvg1GtfM,2021-12-30,45,47,22,-29,6,0
AF,Afghanistan,,,Kabul Metropolitan Area,,,ChIJ5U8S6F5v0TgREM8nxN8oCHA,2021-01-01,10,46,12,13,-8,8
AF,Afghanistan,,,Kabul Metropolitan Area,,,ChIJ5U8S6F5v0TgREM8nxN8oCHA,2021-01-02,21,12,9,21,6,9
AF,Afghanistan,,,Kabul Metropolitan Area,,,ChIJ5U8S6F5v0TgREM8nxN8oCHA,2021-01-03,24,49,7,26,2,9
AF,Afghanistan,,,Kabul Metropolitan Area,,,ChIJ5U8S6F5v0TgREM8nxN8oCHA,2021-01-04,28,60,13,27,7,5
AF,Afghanistan,,,Kabul Metropolitan Area,,,ChIJ5U8S6F5v0TgREM8nxN8oCHA,2021-01-05,20,43,15,22,5,6
AF,Afghanistan,,,Kabul Metropolitan Area,,,ChIJ5U8S6F5v0TgREM8nxN8oCHA,2021-01-06,12,36,3,6,-2,5
AF,Afghanistan,,,Kabul Metropolitan Area,,,ChIJ5U8S6F5v0TgREM8nxN8oCHA,2021-01-07,17,46,5,12,7,6
AF,Afghanistan,,,Kabul Metropolitan Area,,,ChIJ5U8S6F5v0TgREM8nxN8oCHA,2021-01-08,13,51,3,6,-4,6
AF,Afghanistan,,,Kabul Metropolitan Area,,,ChIJ5U8S6F5v0TgREM8nxN8oCHA,2021-01-09,22,7,4,5,4,5
AF,Afghanistan,,,Kabul Metropolitan Area,,,ChIJ5U8S6F5v0TgREM8nxN8oCHA,2021-01-10,25,42,-1,9,3,6
AF,Afghanistan,,,Kabul Metropolitan Area,,,ChIJ5U8S6F5v0TgREM8nxN8oCHA,2021-01-11,26,50,-1,14,6,5
AF,Afghanistan,,,Kabul Metropolitan Area,,,ChIJ5U8S6F5v0TgREM8nxN8oCHA,2021-01-12,19,40,4,8,4,6
AF,Afghanistan,,,Kabul Metropolitan Area,,,ChIJ5U8S6F5v0TgREM8nxN8oCHA,2021-01-13,16,36,-6,2,1,6
AF,Afghanistan,,,Kabul Metropolitan Area,,,ChIJ5U8S6F5v0TgREM8nxN8oCHA,2021-01-14,13,36,-11,1,2,6
AF,Afghanistan,,,Kabul Metropolitan Area,,,ChIJ5U8S6F5v0TgREM8nxN8oCHA,2021-01-15,8,38,-3,-5,-10,6
AF,Afghanistan,,,Kabul Metropolitan Area,,,ChIJ5U8S6F5v0TgREM8nxN8oCHA,2021-01-16,11,-2,-12,-2,-1,6
AF,Afghanistan,,,Kabul Metropolitan Area,,,ChIJ5U8S6F5v0TgREM8nxN8oCHA,2021-01-17,17,38,-10,1,0,6
AF,Afghanistan,,,Kabul Metropolitan Area,,,ChIJ5U8S6F5v0TgREM8nxN8oCHA,2021-01-18,16,43,-9,4,2,6
AF,Afghanistan,,,Kabul Metropolitan Area,,,ChIJ5U8S6F5v0TgREM8nxN8oCHA,2021-01-19,20,35,-7,3,1,7
AF,Afghanistan,,,Kabul Metropolitan Area,,,ChIJ5U8S6F5v0TgREM8nxN8oCHA,2021-01-20,12,38,-11,1,1,8
AF,Afghanistan,,,Kabul Metropolitan Area,,,ChIJ5U8S6F5v0TgREM8nxN8oCHA,2021-01-21,13,39,-6,2,6,8
AF,Afghanistan,,,Kabul Metropolitan Area,,,ChIJ5U8S6F5v0TgREM8nxN8oCHA,2021-01-22,1,29,0,-9,-6,4
AF,Afghanistan,,,Kabul Metropolitan Area,,,ChIJ5U8S6F5v0TgREM8nxN8oCHA,2021-01-23,3,-5,-3,-9,1,5
AF,Afghanistan,,,Kabul Metropolitan Area,,,ChIJ5U8S6F5v0TgREM8nxN8oCHA,2021-01-24,14,35,1,0,2,8
AF,Afghanistan,,,Kabul Metropolitan Area,,,ChIJ5U8S6F5v0TgREM8nxN8oCHA,2021-01-25,14,43,4,5,5,7
AF,Afghanistan,,,Kabul Metropolitan Area,,,ChIJ5U8S6F5v0TgREM8nxN8oCHA,2021-01-26,10,30,3,2,3,7
AF,Afghanistan,,,Kabul Metropolitan Area,,,ChIJ5U8S6F5v0TgREM8nxN8oCHA,2021-01-27,9,26,7,-2,2,8
AF,Afghanistan,,,Kabul Metropolitan Area,,,ChIJ5U8S6F5v0TgREM8nxN8oCHA,2021-01-28,8,31,7,2,4,8
AF,Afghanistan,,,Kabul Metropolitan Area,,,ChIJ5U8S6F5v0TgREM8nxN8oCHA,2021-01-29,6,45,3,-2,-11,7
AF,Afghanistan,,,Kabul Metropolitan Area,,,ChIJ5U8S6F5v0TgREM8nxN8oCHA,2021-01-30,15,2,11,3,3,5
AF,Afghanistan,,,Kabul Metropolitan Area,,,ChIJ5U8S6F5v0TgREM8nxN8oCHA,2021-01-31,18,41,6,11,3,5
AF,Afghanistan,,,Kabul Metropolitan Area,,,ChIJ5U8S6F5v0TgREM8nxN8oCHA,2021-02-01,15,39,6,14,5,4
AF,Afghanistan,,,Kabul Metropolitan Area,,,ChIJ5U8S6F5v0TgREM8nxN8oCHA,2021-02-02,17,37,7,11,3,5
AF,Afghanistan,,,Kabul Metropolitan Area,,,ChIJ5U8S6F5v0TgREM8nxN8oCHA,2021-02-03,12,33,4,-1,0,6
AF,Afghanistan,,,Kabul Metropolitan Area,,,ChIJ5U8S6F5v0TgREM8nxN8oCHA,2021-02-04,8,29,7,-4,0,5
AF,Afghanistan,,,Kabul Metropolitan Area,,,ChIJ5U8S6F5v0TgREM8nxN8oCHA,2021-02-05,5,35,5,-10,-17,5
AF,Afghanistan,,,Kabul Metropolitan Area,,,ChIJ5U8S6F5v0TgREM8nxN8oCHA,2021-02-06,10,-5,10,-8,-2,4
AF,Afghanistan,,,Kabul Metropolitan Area,,,ChIJ5U8S6F5v0TgREM8nxN8oCHA,2021-02-07,12,25,7,-5,-3,5
AF,Afghanistan,,,Kabul Metropolitan Area,,,ChIJ5U8S6F5v0TgREM8nxN8oCHA,2021-02-08,11,37,6,1,-2,3
AF,Afghanistan,,,Kabul Metropolitan Area,,,ChIJ5U8S6F5v0TgREM8nxN8oCHA,2021-02-09,16,32,12,1,-1,4
AF,Afghanistan,,,Kabul Metropolitan Area,,,ChIJ5U8S6F5v0TgREM8nxN8oCHA,2021-02-10,12,32,7,-6,-3,6
AF,Afghanistan,,,Kabul Metropolitan Area,,,ChIJ5U8S6F5v0TgREM8nxN8oCHA,2021-02-11,10,30,7,-4,1,6
AF,Afghanistan,,,Kabul Metropolitan Area,,,ChIJ5U8S6F5v0TgREM8nxN8oCHA,2021-02-12,3,35,6,-11,-15,5
AF,Afghanistan,,,Kabul Metropolitan Area,,,ChIJ5U8S6F5v0TgREM8nxN8oCHA,2021-02-13,16,3,12,-8,-2,5
AF,Afghanistan,,,Kabul Metropolitan Area,,,ChIJ5U8S6F5v0TgREM8nxN8oCHA,2021-02-14,10,28,-2,-13,-49,12
AF,Afghanistan,,,Kabul Metropolitan Area,,,ChIJ5U8S6F5v0TgREM8nxN8oCHA,2021-02-15,18,42,9,-1,0,3
AF,Afghanistan,,,Kabul Metropolitan Area,,,ChIJ5U8S6F5v0TgREM8nxN8oCHA,2021-02-16,15,31,9,2,0,4
AF,Afghanistan,,,Kabul Metropolitan Area,,,ChIJ5U8S6F5v0TgREM8nxN8oCHA,2021-02-17,13,38,7,-2,-2,5
AF,Afghanistan,,,Kabul Metropolitan Area,,,ChIJ5U8S6F5v0TgREM8nxN8oCHA,2021-02-18,11,38,9,4,3,4
AF,Afghanistan,,,Kabul Metropolitan Area,,,ChIJ5U8S6F5v0TgREM8nxN8oCHA,2021-02-19,7,46,9,-7,-8,4
AF,Afghanistan,,,Kabul Metropolitan Area,,,ChIJ5U8S6F5v0TgREM8nxN8oCHA,2021-02-20,16,9,17,-2,3,4
AF,Afghanistan,,,Kabul Metropolitan Area,,,ChIJ5U8S6F5v0TgREM8nxN8oCHA,2021-02-21,20,51,15,2,3,4
AF,Afghanistan,,,Kabul Metropolitan Area,,,ChIJ5U8S6F5v0TgREM8nxN8oCHA,2021-02-22,14,50,12,2,5,3
AF,Afghanistan,,,Kabul Metropolitan Area,,,ChIJ5U8S6F5v0TgREM8nxN8oCHA,2021-02-23,21,46,13,8,4,3
AF,Afghanistan,,,Kabul Metropolitan Area,,,ChIJ5U8S6F5v0TgREM8nxN8oCHA,2021-02-24,17,50,9,2,2,4
AF,Afghanistan,,,Kabul Metropolitan Area,,,ChIJ5U8S6F5v0TgREM8nxN8oCHA,2021-02-25,18,51,9,6,5,3
AF,Afghanistan,,,Kabul Metropolitan Area,,,ChIJ5U8S6F5v0TgREM8nxN8oCHA,2021-02-26,9,50,1,-4,-11,3
AF,Afghanistan,,,Kabul Metropolitan Area,,,ChIJ5U8S6F5v0TgREM8nxN8oCHA,2021-02-27,15,12,12,-4,-1,4
AF,Afghanistan,,,Kabul Metropolitan Area,,,ChIJ5U8S6F5v0TgREM8nxN8oCHA,2021-02-28,24,63,15,4,2,4
AF,Afghanistan,,,Kabul Metropolitan Area,,,ChIJ5U8S6F5v0TgREM8nxN8oCHA,2021-03-01,23,61,17,5,3,1
AF,Afghanistan,,,Kabul Metropolitan Area,,,ChIJ5U8S6F5v0TgREM8nxN8oCHA,2021-03-02,19,46,12,3,1,1
AF,Afghanistan,,,Kabul Metropolitan Area,,,ChIJ5U8S6F5v0TgREM8nxN8oCHA,2021-03-03,26,60,13,7,0,3
AF,Afghanistan,,,Kabul Metropolitan Area,,,ChIJ5U8S6F5v0TgREM8nxN8oCHA,2021-03-04,23,56,11,12,3,3
AF,Afghanistan,,,Kabul Metropolitan Area,,,ChIJ5U8S6F5v0TgREM8nxN8oCHA,2021-03-05,12,49,9,4,-15,4
AF,Afghanistan,,,Kabul Metropolitan Area,,,ChIJ5U8S6F5v0TgREM8nxN8oCHA,2021-03-06,26,20,21,5,3,1
AF,Afghanistan,,,Kabul Metropolitan Area,,,ChIJ5U8S6F5v0TgREM8nxN8oCHA,2021-03-07,30,65,17,11,5,2
AF,Afghanistan,,,Kabul Metropolitan Area,,,ChIJ5U8S6F5v0TgREM8nxN8oCHA,2021-03-08,32,77,22,14,3,0
AF,Afghanistan,,,Kabul Metropolitan Area,,,ChIJ5U8S6F5v0TgREM8nxN8oCHA,2021-03-09,25,57,20,12,4,0
AF,Afghanistan,,,Kabul Metropolitan Area,,,ChIJ5U8S6F5v0TgREM8nxN8oCHA,2021-03-10,31,61,8,9,2,2
AF,Afghanistan,,,Kabul Metropolitan Area,,,ChIJ5U8S6F5v0TgREM8nxN8oCHA,2021-03-11,27,58,8,14,7,2
AF,Afghanistan,,,Kabul Metropolitan Area,,,ChIJ5U8S6F5v0TgREM8nxN8oCHA,2021-03-12,18,70,2,10,-10,3
AF,Afghanistan,,,Kabul Metropolitan Area,,,ChIJ5U8S6F5v0TgREM8nxN8oCHA,2021-03-13,31,24,21,4,7,1
AF,Afghanistan,,,Kabul Metropolitan Area,,,ChIJ5U8S6F5v0TgREM8nxN8oCHA,2021-03-14,39,77,19,18,7,0
AF,Afghanistan,,,Kabul Metropolitan Area,,,ChIJ5U8S6F5v0TgREM8nxN8oCHA,2021-03-15,36,77,17,22,9,-1
AF,Afghanistan,,,Kabul Metropolitan Area,,,ChIJ5U8S6F5v0TgREM8nxN8oCHA,2021-03-16,36,67,20,19,6,-1
AF,Afghanistan,,,Kabul Metropolitan Area,,,ChIJ5U8S6F5v0TgREM8nxN8oCHA,2021-03-17,36,79,18,19,4,1
AF,Afghanistan,,,Kabul Metropolitan Area,,,ChIJ5U8S6F5v0TgREM8nxN8oCHA,2021-03-18,33,75,26,22,7,1
AF,Afghanistan,,,Kabul Metropolitan Area,,,ChIJ5U8S6F5v0TgREM8nxN8oCHA,2021-03-19,27,77,19,18,-3,2
AF,Afghanistan,,,Kabul Metropolitan Area,,,ChIJ5U8S6F5v0TgREM8nxN8oCHA,2021-03-20,30,29,24,8,-9,3
AF,Afghanistan,,,Kabul Metropolitan Area,,,ChIJ5U8S6F5v0TgREM8nxN8oCHA,2021-03-21,-12,1,2,-21,-72,11
AF,Afghanistan,,,Kabul Metropolitan Area,,,ChIJ5U8S6F5v0TgREM8nxN8oCHA,2021-03-22,-8,19,-8,-13,-57,9
AF,Afghanistan,,,Kabul Metropolitan Area,,,ChIJ5U8S6F5v0TgREM8nxN8oCHA,2021-03-23,25,61,19,19,2,-1
AF,Afghanistan,,,Kabul Metropolitan Area,,,ChIJ5U8S6F5v0TgREM8nxN8oCHA,2021-03-24,30,73,22,19,3,1
AF,Afghanistan,,,Kabul Metropolitan Area,,,ChIJ5U8S6F5v0TgREM8nxN8oCHA,2021-03-25,26,66,24,27,9,2
AF,Afghanistan,,,Kabul Metropolitan Area,,,ChIJ5U8S6F5v0TgREM8nxN8oCHA,2021-03-26,24,70,26,15,-3,3
AF,Afghanistan,,,Kabul Metropolitan Area,,,ChIJ5U8S6F5v0TgREM8nxN8oCHA,2021-03-27,37,34,36,25,11,0
AF,Afghanistan,,,Kabul Metropolitan Area,,,ChIJ5U8S6F5v0TgREM8nxN8oCHA,2021-03-28,38,84,30,27,11,0
AF,Afghanistan,,,Kabul Metropolitan Area,,,ChIJ5U8S6F5v0TgREM8nxN8oCHA,2021-03-29,37,88,28,36,11,-1
AF,Afghanistan,,,Kabul Metropolitan Area,,,ChIJ5U8S6F5v0TgREM8nxN8oCHA,2021-03-30,36,69,32,26,9,0
AF,Afghanistan,,,Kabul Metropolitan Area,,,ChIJ5U8S6F5v0TgREM8nxN8oCHA,2021-03-31,32,67,28,20,6,2
AF,Afghanistan,,,Kabul Metropolitan Area,,,ChIJ5U8S6F5v0TgREM8nxN8oCHA,2021-04-01,27,69,26,22,12,2
AF,Afghanistan,,,Kabul Metropolitan Area,,,ChIJ5U8S6F5v0TgREM8nxN8oCHA,2021-04-02,24,62,31,12,-8,1
AF,Afghanistan,,,Kabul Metropolitan Area,,,ChIJ5U8S6F5v0TgREM8nxN8oCHA,2021-04-03,35,31,36,17,10,1
AF,Afghanistan,,,Kabul Metropolitan Area,,,ChIJ5U8S6F5v0TgREM8nxN8oCHA,2021-04-04,33,69,31,18,12,0
AF,Afghanistan,,,Kabul Metropolitan Area,,,ChIJ5U8S6F5v0TgREM8nxN8oCHA,2021-04-05,32,78,40,24,11,-1
AF,Afghanistan,,,Kabul Metropolitan Area,,,ChIJ5U8S6F5v0TgREM8nxN8oCHA,2021-04-06,35,66,33,28,11,-1
AF,Afghanistan,,,Kabul Metropolitan Area,,,ChIJ5U8S6F5v0TgREM8nxN8oCHA,2021-04-07,36,71,30,24,6,1
AF,Afghanistan,,,Kabul Metropolitan Area,,,ChIJ5U8S6F5v0TgREM8nxN8oCHA,2021-04-08,34,70,39,29,12,1
AF,Afghanistan,,,Kabul Metropolitan Area,,,ChIJ5U8S6F5v0TgREM8nxN8oCHA,2021-04-09,32,79,37,22,-6,2
AF,Afghanistan,,,Kabul Metropolitan Area,,,ChIJ5U8S6F5v0TgREM8nxN8oCHA,2021-04-10,41,36,37,23,13,0
AF,Afghanistan,,,Kabul Metropolitan Area,,,ChIJ5U8S6F5v0TgREM8nxN8oCHA,2021-04-11,49,86,40,26,9,1
AF,Afghanistan,,,Kabul Metropolitan Area,,,ChIJ5U8S6F5v0TgREM8nxN8oCHA,2021-04-12,54,103,51,39,11,-2
AF,Afghanistan,,,Kabul Metropolitan Area,,,ChIJ5U8S6F5v0TgREM8nxN8oCHA,2021-04-13,-21,34,-13,-12,-54,20
AF,Afghanistan,,,Kabul Metropolitan Area,,,ChIJ5U8S6F5v0TgREM8nxN8oCHA,2021-04-14,8,59,17,14,7,9
AF,Afghanistan,,,Kabul Metropolitan Area,,,ChIJ5U8S6F5v0TgREM8nxN8oCHA,2021-04-15,0,47,2,7,13,10
AF,Afghanistan,,,Kabul Metropolitan Area,,,ChIJ5U8S6F5v0TgREM8nxN8oCHA,2021-04-16,-3,70,7,7,-5,11
AF,Afghanistan,,,Kabul Metropolitan Area,,,ChIJ5U8S6F5v0TgREM8nxN8oCHA,2021-04-17,22,30,26,21,12,7
AF,Afghanistan,,,Kabul Metropolitan Area,,,ChIJ5U8S6F5v0TgREM8nxN8oCHA,2021-04-18,26,81,22,22,8,9
AF,Afghanistan,,,Kabul Metropolitan Area,,,ChIJ5U8S6F5v0TgREM8nxN8oCHA,2021-04-19,18,83,16,23,10,7
AF,Afghanistan,,,Kabul Metropolitan Area,,,ChIJ5U8S6F5v0TgREM8nxN8oCHA,2021-04-20,20,68,18,26,9,7
AF,Afghanistan,,,Kabul Metropolitan Area,,,ChIJ5U8S6F5v0TgREM8nxN8oCHA,2021-04-21,17,69,19,22,8,9
AF,Afghanistan,,,Kabul Metropolitan Area,,,ChIJ5U8S6F5v0TgREM8nxN8oCHA,2021-04-22,13,64,14,22,16,9
AF,Afghanistan,,,Kabul Metropolitan Area,,,ChIJ5U8S6F5v0TgREM8nxN8oCHA,2021-04-23,10,82,13,8,-4,11
AF,Afghanistan,,,Kabul Metropolitan Area,,,ChIJ5U8S6F5v0TgREM8nxN8oCHA,2021-04-24,23,29,23,18,14,8
AF,Afghanistan,,,Kabul Metropolitan Area,,,ChIJ5U8S6F5v0TgREM8nxN8oCHA,2021-04-25,23,76,20,19,12,9
AF,Afghanistan,,,Kabul Metropolitan Area,,,ChIJ5U8S6F5v0TgREM8nxN8oCHA,2021-04-26,19,80,18,22,11,7
AF,Afghanistan,,,Kabul Metropolitan Area,,,ChIJ5U8S6F5v0TgREM8nxN8oCHA,2021-04-27,19,64,22,21,9,4
AF,Afghanistan,,,Kabul Metropolitan Area,,,ChIJ5U8S6F5v0TgREM8nxN8oCHA,2021-04-28,0,49,-1,2,-45,18
AF,Afghanistan,,,Kabul Metropolitan Area,,,ChIJ5U8S6F5v0TgREM8nxN8oCHA,2021-04-29,17,65,17,22,11,9
AF,Afghanistan,,,Kabul Metropolitan Area,,,ChIJ5U8S6F5v0TgREM8nxN8oCHA,2021-04-30,13,83,10,13,4,11
AF,Afghanistan,,,Kabul Metropolitan Area,,,ChIJ5U8S6F5v0TgREM8nxN8oCHA,2021-05-01,35,37,30,20,11,8
AF,Afghanistan,,,Kabul Metropolitan Area,,,ChIJ5U8S6F5v0TgREM8nxN8oCHA,2021-05-02,25,76,14,19,7,6
AF,Afghanistan,,,Kabul Metropolitan Area,,,ChIJ5U8S6F5v0TgREM8nxN8oCHA,2021-05-03,29,86,29,35,11,6
AF,Afghanistan,,,Kabul Metropolitan Area,,,ChIJ5U8S6F5v0TgREM8nxN8oCHA,2021-05-04,27,77,28,30,11,7
AF,Afghanistan,,,Kabul Metropolitan Area,,,ChIJ5U8S6F5v0TgREM8nxN8oCHA,2021-05-05,30,76,24,29,8,7
AF,Afghanistan,,,Kabul Metropolitan Area,,,ChIJ5U8S6F5v0TgREM8nxN8oCHA,2021-05-06,28,89,30,34,17,8
AF,Afghanistan,,,Kabul Metropolitan Area,,,ChIJ5U8S6F5v0TgREM8nxN8oCHA,2021-05-07,24,118,18,24,6,6
AF,Afghanistan,,,Kabul Metropolitan Area,,,ChIJ5U8S6F5v0TgREM8nxN8oCHA,2021-05-08,33,42,29,22,9,3
AF,Afghanistan,,,Kabul Metropolitan Area,,,ChIJ5U8S6F5v0TgREM8nxN8oCHA,2021-05-09,34,93,26,26,6,2
AF,Afghanistan,,,Kabul Metropolitan Area,,,ChIJ5U8S6F5v0TgREM8nxN8oCHA,2021-05-10,41,123,34,39,5,1
AF,Afghanistan,,,Kabul Metropolitan Area,,,ChIJ5U8S6F5v0TgREM8nxN8oCHA,2021-05-11,58,149,58,45,-4,3
AF,Afghanistan,,,Kabul Metropolitan Area,,,ChIJ5U8S6F5v0TgREM8nxN8oCHA,2021-05-12,30,118,28,25,-24,11
AF,Afghanistan,,,Kabul Metropolitan Area,,,ChIJ5U8S6F5v0TgREM8nxN8oCHA,2021-05-13,-14,28,9,-7,-74,8
AF,Afghanistan,,,Kabul Metropolitan Area,,,ChIJ5U8S6F5v0TgREM8nxN8oCHA,2021-05-14,32,97,57,28,-38,-1
AF,Afghanistan,,,Kabul Metropolitan Area,,,ChIJ5U8S6F5v0TgREM8nxN8oCHA,2021-05-15,8,1,26,-6,-74,4
AF,Afghanistan,,,Kabul Metropolitan Area,,,ChIJ5U8S6F5v0TgREM8nxN8oCHA,2021-05-16,23,54,23,7,-23,-1
AF,Afghanistan,,,Kabul Metropolitan Area,,,ChIJ5U8S6F5v0TgREM8nxN8oCHA,2021-05-17,43,91,40,28,6,-3
AF,Afghanistan,,,Kabul Metropolitan Area,,,ChIJ5U8S6F5v0TgREM8nxN8oCHA,2021-05-18,48,89,42,33,12,-2
AF,Afghanistan,,,Kabul Metropolitan Area,,,ChIJ5U8S6F5v0TgREM8nxN8oCHA,2021-05-19,43,92,40,26,11,0
AF,Afghanistan,,,Kabul Metropolitan Area,,,ChIJ5U8S6F5v0TgREM8nxN8oCHA,2021-05-20,45,88,38,28,16,2
AF,Afghanistan,,,Kabul Metropolitan Area,,,ChIJ5U8S6F5v0TgREM8nxN8oCHA,2021-05-21,46,106,48,25,0,2
AF,Afghanistan,,,Kabul Metropolitan Area,,,ChIJ5U8S6F5v0TgREM8nxN8oCHA,2021-05-22,51,53,46,38,20,0
AF,Afghanistan,,,Kabul Metropolitan Area,,,ChIJ5U8S6F5v0TgREM8nxN8oCHA,2021-05-23,55,97,39,38,17,1
AF,Afghanistan,,,Kabul Metropolitan Area,,,ChIJ5U8S6F5v0TgREM8nxN8oCHA,2021-05-24,54,111,43,39,20,-1
AF,Afghanistan,,,Kabul Metropolitan Area,,,ChIJ5U8S6F5v0TgREM8nxN8oCHA,2021-05-25,56,99,45,40,18,1
AF,Afghanistan,,,Kabul Metropolitan Area,,,ChIJ5U8S6F5v0TgREM8nxN8oCHA,2021-05-26,53,105,46,42,18,2
AF,Afghanistan,,,Kabul Metropolitan Area,,,ChIJ5U8S6F5v0TgREM8nxN8oCHA,2021-05-27,54,106,45,35,22,2
AF,Afghanistan,,,Kabul Metropolitan Area,,,ChIJ5U8S6F5v0TgREM8nxN8oCHA,2021-05-28,56,124,52,31,1,2
AF,Afghanistan,,,Kabul Metropolitan Area,,,ChIJ5U8S6F5v0TgREM8nxN8oCHA,2021-05-29,60,61,55,41,20,1
AF,Afghanistan,,,Kabul Metropolitan Area,,,ChIJ5U8S6F5v0TgREM8nxN8oCHA,2021-05-30,52,98,44,37,13,4
AF,Afghanistan,,,Kabul Metropolitan Area,,,ChIJ5U8S6F5v0TgREM8nxN8oCHA,2021-05-31,59,127,48,40,12,1
AF,Afghanistan,,,Kabul Metropolitan Area,,,ChIJ5U8S6F5v0TgREM8nxN8oCHA,2021-06-01,60,112,47,35,9,2
AF,Afghanistan,,,Kabul Metropolitan Area,,,ChIJ5U8S6F5v0TgREM8nxN8oCHA,2021-06-02,45,93,34,27,5,1
AF,Afghanistan,,,Kabul Metropolitan Area,,,ChIJ5U8S6F5v0TgREM8nxN8oCHA,2021-06-03,40,88,37,20,10,2
AF,Afghanistan,,,Kabul Metropolitan Area,,,ChIJ5U8S6F5v0TgREM8nxN8oCHA,2021-06-04,43,104,41,17,-7,2
AF,Afghanistan,,,Kabul Metropolitan Area,,,ChIJ5U8S6F5v0TgREM8nxN8oCHA,2021-06-05,48,52,48,26,10,4
AF,Afghanistan,,,Kabul Metropolitan Area,,,ChIJ5U8S6F5v0TgREM8nxN8oCHA,2021-06-06,49,92,37,26,9,4
AF,Afghanistan,,,Kabul Metropolitan Area,,,ChIJ5U8S6F5v0TgREM8nxN8oCHA,2021-06-07,49,114,42,31,7,3
AF,Afghanistan,,,Kabul Metropolitan Area,,,ChIJ5U8S6F5v0TgREM8nxN8oCHA,2021-06-08,45,84,35,23,4,2
AF,Afghanistan,,,Kabul Metropolitan Area,,,ChIJ5U8S6F5v0TgREM8nxN8oCHA,2021-06-09,41,90,38,17,2,3
AF,Afghanistan,,,Kabul Metropolitan Area,,,ChIJ5U8S6F5v0TgREM8nxN8oCHA,2021-06-10,40,84,40,16,7,4
AF,Afghanistan,,,Kabul Metropolitan Area,,,ChIJ5U8S6F5v0TgREM8nxN8oCHA,2021-06-11,38,100,44,7,-7,5
AF,Afghanistan,,,Kabul Metropolitan Area,,,ChIJ5U8S6F5v0TgREM8nxN8oCHA,2021-06-12,41,42,44,10,6,4
AF,Afghanistan,,,Kabul Metropolitan Area,,,ChIJ5U8S6F5v0TgREM8nxN8oCHA,2021-06-13,35,76,31,13,3,6
AF,Afghanistan,,,Kabul Metropolitan Area,,,ChIJ5U8S6F5v0TgREM8nxN8oCHA,2021-06-14,43,106,44,18,2,3
AF,Afghanistan,,,Kabul Metropolitan Area,,,ChIJ5U8S6F5v0TgREM8nxN8oCHA,2021-06-15,34,75,34,11,1,5
AF,Afghanistan,,,Kabul Metropolitan Area,,,ChIJ5U8S6F5v0TgREM8nxN8oCHA,2021-06-16,35,76,35,10,-2,5
AF,Afghanistan,,,Kabul Metropolitan Area,,,ChIJ5U8S6F5v0TgREM8nxN8oCHA,2021-06-17,27,69,33,10,-1,5
AF,Afghanistan,,,Kabul Metropolitan Area,,,ChIJ5U8S6F5v0TgREM8nxN8oCHA,2021-06-18,24,84,38,5,-13,6
AF,Afghanistan,,,Kabul Metropolitan Area,,,ChIJ5U8S6F5v0TgREM8nxN8oCHA,2021-06-19,32,26,36,5,0,4
AF,Afghanistan,,,Kabul Metropolitan Area,,,ChIJ5U8S6F5v0TgREM8nxN8oCHA,2021-06-20,24,58,25,3,-5,6
AF,Afghanistan,,,Kabul Metropolitan Area,,,ChIJ5U8S6F5v0TgREM8nxN8oCHA,2021-06-21,25,73,23,4,-7,3
AF,Afghanistan,,,Kabul Metropolitan Area,,,ChIJ5U8S6F5v0TgREM8nxN8oCHA,2021-06-22,24,60,26,3,-8,3
AF,Afghanistan,,,Kabul Metropolitan Area,,,ChIJ5U8S6F5v0TgREM8nxN8oCHA,2021-06-23,19,53,18,-5,-9,2
AF,Afghanistan,,,Kabul Metropolitan Area,,,ChIJ5U8S6F5v0TgREM8nxN8oCHA,2021-06-24,20,48,19,-1,-4,2
AF,Afghanistan,,,Kabul Metropolitan Area,,,ChIJ5U8S6F5v0TgREM8nxN8oCHA,2021-06-25,13,60,19,-9,-16,1
AF,Afghanistan,,,Kabul Metropolitan Area,,,ChIJ5U8S6F5v0TgREM8nxN8oCHA,2021-06-26,24,16,26,-3,-3,0
AF,Afghanistan,,,Kabul Metropolitan Area,,,ChIJ5U8S6F5v0TgREM8nxN8oCHA,2021-06-27,27,53,22,2,-4,0
AF,Afghanistan,,,Kabul Metropolitan Area,,,ChIJ5U8S6F5v0TgREM8nxN8oCHA,2021-06-28,28,76,27,1,-3,-2
AF,Afghanistan,,,Kabul Metropolitan Area,,,ChIJ5U8S6F5v0TgREM8nxN8oCHA,2021-06-29,34,69,30,5,-2,2
AF,Afghanistan,,,Kabul Metropolitan Area,,,ChIJ5U8S6F5v0TgREM8nxN8oCHA,2021-06-30,28,60,27,-1,-5,2
AF,Afghanistan,,,Kabul Metropolitan Area,,,ChIJ5U8S6F5v0TgREM8nxN8oCHA,2021-07-01,32,70,33,4,2,3
AF,Afghanistan,,,Kabul Metropolitan Area,,,ChIJ5U8S6F5v0TgREM8nxN8oCHA,2021-07-02,29,82,32,4,-8,3
AF,Afghanistan,,,Kabul Metropolitan Area,,,ChIJ5U8S6F5v0TgREM8nxN8oCHA,2021-07-03,42,39,46,7,2,2
AF,Afghanistan,,,Kabul Metropolitan Area,,,ChIJ5U8S6F5v0TgREM8nxN8oCHA,2021-07-04,41,81,34,10,1,3
AF,Afghanistan,,,Kabul Metropolitan Area,,,ChIJ5U8S6F5v0TgREM8nxN8oCHA,2021-07-05,42,97,41,13,5,2
AF,Afghanistan,,,Kabul Metropolitan Area,,,ChIJ5U8S6F5v0TgREM8nxN8oCHA,2021-07-06,41,80,44,10,3,2
AF,Afghanistan,,,Kabul Metropolitan Area,,,ChIJ5U8S6F5v0TgREM8nxN8oCHA,2021-07-07,41,90,38,9,1,3
AF,Afghanistan,,,Kabul Metropolitan Area,,,ChIJ5U8S6F5v0TgREM8nxN8oCHA,2021-07-08,43,87,38,14,7,4
AF,Afghanistan,,,Kabul Metropolitan Area,,,ChIJ5U8S6F5v0TgREM8nxN8oCHA,2021-07-09,37,99,40,9,-3,4
AF,Afghanistan,,,Kabul Metropolitan Area,,,ChIJ5U8S6F5v0TgREM8nxN8oCHA,2021-07-10,53,46,43,15,6,2
AF,Afghanistan,,,Kabul Metropolitan Area,,,ChIJ5U8S6F5v0TgREM8nxN8oCHA,2021-07-11,50,88,39,17,7,2
AF,Afghanistan,,,Kabul Metropolitan Area,,,ChIJ5U8S6F5v0TgREM8nxN8oCHA,2021-07-12,53,113,42,18,7,0
AF,Afghanistan,,,Kabul Metropolitan Area,,,ChIJ5U8S6F5v0TgREM8nxN8oCHA,2021-07-13,64,112,55,23,7,0
AF,Afghanistan,,,Kabul Metropolitan Area,,,ChIJ5U8S6F5v0TgREM8nxN8oCHA,2021-07-14,60,108,51,21,6,1
AF,Afghanistan,,,Kabul Metropolitan Area,,,ChIJ5U8S6F5v0TgREM8nxN8oCHA,2021-07-15,58,107,53,27,13,2
AF,Afghanistan,,,Kabul Metropolitan Area,,,ChIJ5U8S6F5v0TgREM8nxN8oCHA,2021-07-16,56,137,50,21,8,3
AF,Afghanistan,,,Kabul Metropolitan Area,,,ChIJ5U8S6F5v0TgREM8nxN8oCHA,2021-07-17,63,63,59,29,7,1
AF,Afghanistan,,,Kabul Metropolitan Area,,,ChIJ5U8S6F5v0TgREM8nxN8oCHA,2021-07-18,62,120,55,30,-1,2
AF,Afghanistan,,,Kabul Metropolitan Area,,,ChIJ5U8S6F5v0TgREM8nxN8oCHA,2021-07-19,58,164,45,32,-50,7
AF,Afghanistan,,,Kabul Metropolitan Area,,,ChIJ5U8S6F5v0TgREM8nxN8oCHA,2021-07-20,-9,46,14,-15,-79,10
AF,Afghanistan,,,Kabul Metropolitan Area,,,ChIJ5U8S6F5v0TgREM8nxN8oCHA,2021-07-21,2,53,29,-6,-79,10
AF,Afghanistan,,,Kabul Metropolitan Area,,,ChIJ5U8S6F5v0TgREM8nxN8oCHA,2021-07-22,4,45,35,-3,-74,10
AF,Afghanistan,,,Kabul Metropolitan Area,,,ChIJ5U8S6F5v0TgREM8nxN8oCHA,2021-07-23,44,95,58,9,-18,1
AF,Afghanistan,,,Kabul Metropolitan Area,,,ChIJ5U8S6F5v0TgREM8nxN8oCHA,2021-07-24,50,44,51,18,0,1
AF,Afghanistan,,,Kabul Metropolitan Area,,,ChIJ5U8S6F5v0TgREM8nxN8oCHA,2021-07-25,54,85,42,20,7,1
AF,Afghanistan,,,Kabul Metropolitan Area,,,ChIJ5U8S6F5v0TgREM8nxN8oCHA,2021-07-26,62,103,51,29,9,-2
AF,Afghanistan,,,Kabul Metropolitan Area,,,ChIJ5U8S6F5v0TgREM8nxN8oCHA,2021-07-27,58,88,50,22,10,-2
AF,Afghanistan,,,Kabul Metropolitan Area,,,ChIJ5U8S6F5v0TgREM8nxN8oCHA,2021-07-28,53,84,44,13,6,-1
AF,Afghanistan,,,Kabul Metropolitan Area,,,ChIJ5U8S6F5v0TgREM8nxN8oCHA,2021-07-29,53,81,46,19,11,-1
AF,Afghanistan,,,Kabul Metropolitan Area,,,ChIJ5U8S6F5v0TgREM8nxN8oCHA,2021-07-30,49,98,50,10,-5,1
AF,Afghanistan,,,Kabul Metropolitan Area,,,ChIJ5U8S6F5v0TgREM8nxN8oCHA,2021-07-31,60,52,61,17,11,-2
AF,Afghanistan,,,Kabul Metropolitan Area,,,ChIJ5U8S6F5v0TgREM8nxN8oCHA,2021-08-01,65,95,56,25,12,0
AF,Afghanistan,,,Kabul Metropolitan Area,,,ChIJ5U8S6F5v0TgREM8nxN8oCHA,2021-08-02,65,111,65,26,11,-2
AF,Afghanistan,,,Kabul Metropolitan Area,,,ChIJ5U8S6F5v0TgREM8nxN8oCHA,2021-08-03,72,109,64,29,12,-2
AF,Afghanistan,,,Kabul Metropolitan Area,,,ChIJ5U8S6F5v0TgREM8nxN8oCHA,2021-08-04,70,104,65,24,10,0
AF,Afghanistan,,,Kabul Metropolitan Area,,,ChIJ5U8S6F5v0TgREM8nxN8oCHA,2021-08-05,65,102,62,25,15,1
AF,Afghanistan,,,Kabul Metropolitan Area,,,ChIJ5U8S6F5v0TgREM8nxN8oCHA,2021-08-06,61,119,61,21,-1,2
AF,Afghanistan,,,Kabul Metropolitan Area,,,ChIJ5U8S6F5v0TgREM8nxN8oCHA,2021-08-07,70,54,73,25,13,-1
AF,Afghanistan,,,Kabul Metropolitan Area,,,ChIJ5U8S6F5v0TgREM8nxN8oCHA,2021-08-08,73,96,60,27,12,0
AF,Afghanistan,,,Kabul Metropolitan Area,,,ChIJ5U8S6F5v0TgREM8nxN8oCHA,2021-08-09,71,124,72,30,14,-2
AF,Afghanistan,,,Kabul Metropolitan Area,,,ChIJ5U8S6F5v0TgREM8nxN8oCHA,2021-08-10,75,106,75,32,11,-1
AF,Afghanistan,,,Kabul Metropolitan Area,,,ChIJ5U8S6F5v0TgREM8nxN8oCHA,2021-08-11,77,109,85,32,10,0
AF,Afghanistan,,,Kabul Metropolitan Area,,,ChIJ5U8S6F5v0TgREM8nxN8oCHA,2021-08-12,69,104,69,33,17,0
AF,Afghanistan,,,Kabul Metropolitan Area,,,ChIJ5U8S6F5v0TgREM8nxN8oCHA,2021-08-13,53,113,58,18,1,2
AF,Afghanistan,,,Kabul Metropolitan Area,,,ChIJ5U8S6F5v0TgREM8nxN8oCHA,2021-08-14,81,66,89,35,10,-1
AF,Afghanistan,,,Kabul Metropolitan Area,,,ChIJ5U8S6F5v0TgREM8nxN8oCHA,2021-08-15,44,94,54,32,-16,6
AF,Afghanistan,,,Kabul Metropolitan Area,,,ChIJ5U8S6F5v0TgREM8nxN8oCHA,2021-08-16,-15,38,0,15,-74,18
AF,Afghanistan,,,Kabul Metropolitan Area,,,ChIJ5U8S6F5v0TgREM8nxN8oCHA,2021-08-17,-7,51,10,5,-62,16
AF,Afghanistan,,,Kabul Metropolitan Area,,,ChIJ5U8S6F5v0TgREM8nxN8oCHA,2021-08-18,-4,58,14,15,-59,13
AF,Afghanistan,,,Kabul Metropolitan Area,,,ChIJ5U8S6F5v0TgREM8nxN8oCHA,2021-08-19,-11,56,7,15,-66,14
AF,Afghanistan,,,Kabul Metropolitan Area,,,ChIJ5U8S6F5v0TgREM8nxN8oCHA,2021-08-20,10,97,30,35,-20,6
AF,Afghanistan,,,Kabul Metropolitan Area,,,ChIJ5U8S6F5v0TgREM8nxN8oCHA,2021-08-21,23,38,34,31,-34,8
AF,Afghanistan,,,Kabul Metropolitan Area,,,ChIJ5U8S6F5v0TgREM8nxN8oCHA,2021-08-22,20,71,27,28,-37,10
AF,Afghanistan,,,Kabul Metropolitan Area,,,ChIJ5U8S6F5v0TgREM8nxN8oCHA,2021-08-23,23,91,33,36,-37,6
AF,Afghanistan,,,Kabul Metropolitan Area,,,ChIJ5U8S6F5v0TgREM8nxN8oCHA,2021-08-24,33,87,43,45,-37,7
AF,Afghanistan,,,Kabul Metropolitan Area,,,ChIJ5U8S6F5v0TgREM8nxN8oCHA,2021-08-25,38,91,48,54,-38,6
AF,Afghanistan,,,Kabul Metropolitan Area,,,ChIJ5U8S6F5v0TgREM8nxN8oCHA,2021-08-26,33,83,51,46,-34,8
AF,Afghanistan,,,Kabul Metropolitan Area,,,ChIJ5U8S6F5v0TgREM8nxN8oCHA,2021-08-27,28,105,49,24,-13,7
AF,Afghanistan,,,Kabul Metropolitan Area,,,ChIJ5U8S6F5v0TgREM8nxN8oCHA,2021-08-28,35,40,51,19,-31,9
AF,Afghanistan,,,Kabul Metropolitan Area,,,ChIJ5U8S6F5v0TgREM8nxN8oCHA,2021-08-29,30,79,42,12,-34,10
AF,Afghanistan,,,Kabul Metropolitan Area,,,ChIJ5U8S6F5v0TgREM8nxN8oCHA,2021-08-30,34,102,47,13,-33,7
AF,Afghanistan,,,Kabul Metropolitan Area,,,ChIJ5U8S6F5v0TgREM8nxN8oCHA,2021-08-31,26,74,42,1,-33,10
AF,Afghanistan,,,Kabul Metropolitan Area,,,ChIJ5U8S6F5v0TgREM8nxN8oCHA,2021-09-01,21,74,29,-7,-33,10
AF,Afghanistan,,,Kabul Metropolitan Area,,,ChIJ5U8S6F5v0TgREM8nxN8oCHA,2021-09-02,15,68,21,-6,-28,11
AF,Afghanistan,,,Kabul Metropolitan Area,,,ChIJ5U8S6F5v0TgREM8nxN8oCHA,2021-09-03,11,74,29,-10,-14,7
AF,Afghanistan,,,Kabul Metropolitan Area,,,ChIJ5U8S6F5v0TgREM8nxN8oCHA,2021-09-04,14,26,28,-13,-27,11
AF,Afghanistan,,,Kabul Metropolitan Area,,,ChIJ5U8S6F5v0TgREM8nxN8oCHA,2021-09-05,15,63,18,-11,-29,10
AF,Afghanistan,,,Kabul Metropolitan Area,,,ChIJ5U8S6F5v0TgREM8nxN8oCHA,2021-09-06,18,73,25,-11,-28,8
AF,Afghanistan,,,Kabul Metropolitan Area,,,ChIJ5U8S6F5v0TgREM8nxN8oCHA,2021-09-07,16,61,27,-12,-29,9
AF,Afghanistan,,,Kabul Metropolitan Area,,,ChIJ5U8S6F5v0TgREM8nxN8oCHA,2021-09-08,14,62,18,-18,-30,9
AF,Afghanistan,,,Kabul Metropolitan Area,,,ChIJ5U8S6F5v0TgREM8nxN8oCHA,2021-09-09,0,45,9,-19,-35,10
AF,Afghanistan,,,Kabul Metropolitan Area,,,ChIJ5U8S6F5v0TgREM8nxN8oCHA,2021-09-10,6,71,21,-18,-15,5
AF,Afghanistan,,,Kabul Metropolitan Area,,,ChIJ5U8S6F5v0TgREM8nxN8oCHA,2021-09-11,20,29,26,-14,-23,7
AF,Afghanistan,,,Kabul Metropolitan Area,,,ChIJ5U8S6F5v0TgREM8nxN8oCHA,2021-09-12,20,65,22,-10,-26,8
AF,Afghanistan,,,Kabul Metropolitan Area,,,ChIJ5U8S6F5v0TgREM8nxN8oCHA,2021-09-13,20,81,25,-10,-23,6
AF,Afghanistan,,,Kabul Metropolitan Area,,,ChIJ5U8S6F5v0TgREM8nxN8oCHA,2021-09-14,22,68,29,-9,-26,7
AF,Afghanistan,,,Kabul Metropolitan Area,,,ChIJ5U8S6F5v0TgREM8nxN8oCHA,2021-09-15,21,73,23,-11,-25,8
AF,Afghanistan,,,Kabul Metropolitan Area,,,ChIJ5U8S6F5v0TgREM8nxN8oCHA,2021-09-16,13,62,22,-10,-23,7
AF,Afghanistan,,,Kabul Metropolitan Area,,,ChIJ5U8S6F5v0TgREM8nxN8oCHA,2021-09-17,12,70,26,-15,-11,4
AF,Afghanistan,,,Kabul Metropolitan Area,,,ChIJ5U8S6F5v0TgREM8nxN8oCHA,2021-09-18,24,33,32,-8,-21,6
AF,Afghanistan,,,Kabul Metropolitan Area,,,ChIJ5U8S6F5v0TgREM8nxN8oCHA,2021-09-19,21,72,24,-9,-23,8
AF,Afghanistan,,,Kabul Metropolitan Area,,,ChIJ5U8S6F5v0TgREM8nxN8oCHA,2021-09-20,23,83,24,-7,-23,5
AF,Afghanistan,,,Kabul Metropolitan Area,,,ChIJ5U8S6F5v0TgREM8nxN8oCHA,2021-09-21,22,75,28,-6,-22,6
AF,Afghanistan,,,Kabul Metropolitan Area,,,ChIJ5U8S6F5v0TgREM8nxN8oCHA,2021-09-22,25,76,23,-7,-21,8
AF,Afghanistan,,,Kabul Metropolitan Area,,,ChIJ5U8S6F5v0TgREM8nxN8oCHA,2021-09-23,18,67,24,-8,-16,7
AF,Afghanistan,,,Kabul Metropolitan Area,,,ChIJ5U8S6F5v0TgREM8nxN8oCHA,2021-09-24,8,74,24,-13,-8,4
AF,Afghanistan,,,Kabul Metropolitan Area,,,ChIJ5U8S6F5v0TgREM8nxN8oCHA,2021-09-25,23,35,28,-10,-18,6
AF,Afghanistan,,,Kabul Metropolitan Area,,,ChIJ5U8S6F5v0TgREM8nxN8oCHA,2021-09-26,19,73,20,-11,-20,7
AF,Afghanistan,,,Kabul Metropolitan Area,,,ChIJ5U8S6F5v0TgREM8nxN8oCHA,2021-09-27,18,86,21,-9,-19,5
AF,Afghanistan,,,Kabul Metropolitan Area,,,ChIJ5U8S6F5v0TgREM8nxN8oCHA,2021-09-28,23,75,26,-8,-20,6
AF,Afghanistan,,,Kabul Metropolitan Area,,,ChIJ5U8S6F5v0TgREM8nxN8oCHA,2021-09-29,18,72,23,-10,-22,6
AF,Afghanistan,,,Kabul Metropolitan Area,,,ChIJ5U8S6F5v0TgREM8nxN8oCHA,2021-09-30,18,65,18,-9,-16,6
AF,Afghanistan,,,Kabul Metropolitan Area,,,ChIJ5U8S6F5v0TgREM8nxN8oCHA,2021-10-01,10,64,19,-16,-8,3
AF,Afghanistan,,,Kabul Metropolitan Area,,,ChIJ5U8S6F5v0TgREM8nxN8oCHA,2021-10-02,24,36,24,-9,-18,5
AF,Afghanistan,,,Kabul Metropolitan Area,,,ChIJ5U8S6F5v0TgREM8nxN8oCHA,2021-10-03,27,76,21,-7,-20,7
AF,Afghanistan,,,Kabul Metropolitan Area,,,ChIJ5U8S6F5v0TgREM8nxN8oCHA,2021-10-04,24,84,19,-6,-19,4
AF,Afghanistan,,,Kabul Metropolitan Area,,,ChIJ5U8S6F5v0TgREM8nxN8oCHA,2021-10-05,25,74,25,-5,-20,4
AF,Afghanistan,,,Kabul Metropolitan Area,,,ChIJ5U8S6F5v0TgREM8nxN8oCHA,2021-10-06,24,80,18,-8,-20,6
AF,Afghanistan,,,Kabul Metropolitan Area,,,ChIJ5U8S6F5v0TgREM8nxN8oCHA,2021-10-07,17,68,20,-4,-15,6
AF,Afghanistan,,,Kabul Metropolitan Area,,,ChIJ5U8S6F5v0TgREM8nxN8oCHA,2021-10-08,12,70,24,-13,-12,4
AF,Afghanistan,,,Kabul Metropolitan Area,,,ChIJ5U8S6F5v0TgREM8nxN8oCHA,2021-10-09,26,37,26,-2,-17,5
AF,Afghanistan,,,Kabul Metropolitan Area,,,ChIJ5U8S6F5v0TgREM8nxN8oCHA,2021-10-10,26,77,23,-5,-18,6
AF,Afghanistan,,,Kabul Metropolitan Area,,,ChIJ5U8S6F5v0TgREM8nxN8oCHA,2021-10-11,26,99,22,-1,-18,4
AF,Afghanistan,,,Kabul Metropolitan Area,,,ChIJ5U8S6F5v0TgREM8nxN8oCHA,2021-10-12,26,79,17,-6,-19,4
AF,Afghanistan,,,Kabul Metropolitan Area,,,ChIJ5U8S6F5v0TgREM8nxN8oCHA,2021-10-13,23,87,23,-4,-20,6
AF,Afghanistan,,,Kabul Metropolitan Area,,,ChIJ5U8S6F5v0TgREM8nxN8oCHA,2021-10-14,11,71,16,-7,-17,3
AF,Afghanistan,,,Kabul Metropolitan Area,,,ChIJ5U8S6F5v0TgREM8nxN8oCHA,2021-10-15,14,75,28,-12,-12,4
AF,Afghanistan,,,Kabul Metropolitan Area,,,ChIJ5U8S6F5v0TgREM8nxN8oCHA,2021-10-16,26,41,31,-6,-16,6
AF,Afghanistan,,,Kabul Metropolitan Area,,,ChIJ5U8S6F5v0TgREM8nxN8oCHA,2021-10-17,25,78,23,-1,-18,7
AF,Afghanistan,,,Kabul Metropolitan Area,,,ChIJ5U8S6F5v0TgREM8nxN8oCHA,2021-10-18,26,94,20,-2,-23,6
AF,Afghanistan,,,Kabul Metropolitan Area,,,ChIJ5U8S6F5v0TgREM8nxN8oCHA,2021-10-19,4,54,9,-15,-56,13
AF,Afghanistan,,,Kabul Metropolitan Area,,,ChIJ5U8S6F5v0TgREM8nxN8oCHA,2021-10-20,30,94,32,0,-19,6
AF,Afghanistan,,,Kabul Metropolitan Area,,,ChIJ5U8S6F5v0TgREM8nxN8oCHA,2021-10-21,22,80,24,1,-15,5
AF,Afghanistan,,,Kabul Metropolitan Area,,,ChIJ5U8S6F5v0TgREM8nxN8oCHA,2021-10-22,5,66,12,-20,-19,1
AF,Afghanistan,,,Kabul Metropolitan Area,,,ChIJ5U8S6F5v0TgREM8nxN8oCHA,2021-10-23,18,27,18,-9,-22,1
AF,Afghanistan,,,Kabul Metropolitan Area,,,ChIJ5U8S6F5v0TgREM8nxN8oCHA,2021-10-24,21,73,20,-5,-21,5
AF,Afghanistan,,,Kabul Metropolitan Area,,,ChIJ5U8S6F5v0TgREM8nxN8oCHA,2021-10-25,22,93,21,1,-21,4
AF,Afghanistan,,,Kabul Metropolitan Area,,,ChIJ5U8S6F5v0TgREM8nxN8oCHA,2021-10-26,22,81,24,0,-20,6
AF,Afghanistan,,,Kabul Metropolitan Area,,,ChIJ5U8S6F5v0TgREM8nxN8oCHA,2021-10-27,22,82,16,-4,-21,6
AF,Afghanistan,,,Kabul Metropolitan Area,,,ChIJ5U8S6F5v0TgREM8nxN8oCHA,2021-10-28,19,76,16,-3,-16,6
AF,Afghanistan,,,Kabul Metropolitan Area,,,ChIJ5U8S6F5v0TgREM8nxN8oCHA,2021-10-29,8,71,15,-16,-17,4
AF,Afghanistan,,,Kabul Metropolitan Area,,,ChIJ5U8S6F5v0TgREM8nxN8oCHA,2021-10-30,24,38,24,-10,-19,6
AF,Afghanistan,,,Kabul Metropolitan Area,,,ChIJ5U8S6F5v0TgREM8nxN8oCHA,2021-10-31,21,80,16,-9,-20,8
AF,Afghanistan,,,Kabul Metropolitan Area,,,ChIJ5U8S6F5v0TgREM8nxN8oCHA,2021-11-01,26,86,23,-3,-20,4
AF,Afghanistan,,,Kabul Metropolitan Area,,,ChIJ5U8S6F5v0TgREM8nxN8oCHA,2021-11-02,23,84,24,1,-21,6
AF,Afghanistan,,,Kabul Metropolitan Area,,,ChIJ5U8S6F5v0TgREM8nxN8oCHA,2021-11-03,22,79,16,-8,-21,7
AF,Afghanistan,,,Kabul Metropolitan Area,,,ChIJ5U8S6F5v0TgREM8nxN8oCHA,2021-11-04,18,73,16,-6,-17,6
AF,Afghanistan,,,Kabul Metropolitan Area,,,ChIJ5U8S6F5v0TgREM8nxN8oCHA,2021-11-05,10,78,19,-15,-16,4
AF,Afghanistan,,,Kabul Metropolitan Area,,,ChIJ5U8S6F5v0TgREM8nxN8oCHA,2021-11-06,27,41,28,-7,-20,6
AF,Afghanistan,,,Kabul Metropolitan Area,,,ChIJ5U8S6F5v0TgREM8nxN8oCHA,2021-11-07,21,77,21,-7,-19,7
AF,Afghanistan,,,Kabul Metropolitan Area,,,ChIJ5U8S6F5v0TgREM8nxN8oCHA,2021-11-08,24,95,18,-1,-19,4
AF,Afghanistan,,,Kabul Metropolitan Area,,,ChIJ5U8S6F5v0TgREM8nxN8oCHA,2021-11-09,25,87,22,-2,-20,6
AF,Afghanistan,,,Kabul Metropolitan Area,,,ChIJ5U8S6F5v0TgREM8nxN8oCHA,2021-11-10,23,84,23,-2,-21,6
AF,Afghanistan,,,Kabul Metropolitan Area,,,ChIJ5U8S6F5v0TgREM8nxN8oCHA,2021-11-11,18,76,16,-6,-15,5
AF,Afghanistan,,,Kabul Metropolitan Area,,,ChIJ5U8S6F5v0TgREM8nxN8oCHA,2021-11-12,8,77,16,-15,-16,4
AF,Afghanistan,,,Kabul Metropolitan Area,,,ChIJ5U8S6F5v0TgREM8nxN8oCHA,2021-11-13,25,35,26,-6,-19,5
AF,Afghanistan,,,Kabul Metropolitan Area,,,ChIJ5U8S6F5v0TgREM8nxN8oCHA,2021-11-14,25,79,21,-6,-20,7
AF,Afghanistan,,,Kabul Metropolitan Area,,,ChIJ5U8S6F5v0TgREM8nxN8oCHA,2021-11-15,25,96,16,-6,-18,5
AF,Afghanistan,,,Kabul Metropolitan Area,,,ChIJ5U8S6F5v0TgREM8nxN8oCHA,2021-11-16,24,81,20,-6,-20,6
AF,Afghanistan,,,Kabul Metropolitan Area,,,ChIJ5U8S6F5v0TgREM8nxN8oCHA,2021-11-17,22,84,19,-7,-19,6
AF,Afghanistan,,,Kabul Metropolitan Area,,,ChIJ5U8S6F5v0TgREM8nxN8oCHA,2021-11-18,17,73,13,-7,-14,6
AF,Afghanistan,,,Kabul Metropolitan Area,,,ChIJ5U8S6F5v0TgREM8nxN8oCHA,2021-11-19,10,72,12,-18,-15,5
AF,Afghanistan,,,Kabul Metropolitan Area,,,ChIJ5U8S6F5v0TgREM8nxN8oCHA,2021-11-20,20,37,21,-7,-17,6
AF,Afghanistan,,,Kabul Metropolitan Area,,,ChIJ5U8S6F5v0TgREM8nxN8oCHA,2021-11-21,20,77,14,-10,-18,7
AF,Afghanistan,,,Kabul Metropolitan Area,,,ChIJ5U8S6F5v0TgREM8nxN8oCHA,2021-11-22,19,86,15,-9,-18,6
AF,Afghanistan,,,Kabul Metropolitan Area,,,ChIJ5U8S6F5v0TgREM8nxN8oCHA,2021-11-23,17,75,14,-7,-19,6
AF,Afghanistan,,,Kabul Metropolitan Area,,,ChIJ5U8S6F5v0TgREM8nxN8oCHA,2021-11-24,16,79,18,-12,-19,7
AF,Afghanistan,,,Kabul Metropolitan Area,,,ChIJ5U8S6F5v0TgREM8nxN8oCHA,2021-11-25,17,80,14,-7,-13,7
AF,Afghanistan,,,Kabul Metropolitan Area,,,ChIJ5U8S6F5v0TgREM8nxN8oCHA,2021-11-26,9,74,15,-16,-18,6
AF,Afghanistan,,,Kabul Metropolitan Area,,,ChIJ5U8S6F5v0TgREM8nxN8oCHA,2021-11-27,20,40,22,-6,-17,6
AF,Afghanistan,,,Kabul Metropolitan Area,,,ChIJ5U8S6F5v0TgREM8nxN8oCHA,2021-11-28,18,77,15,-7,-17,7
AF,Afghanistan,,,Kabul Metropolitan Area,,,ChIJ5U8S6F5v0TgREM8nxN8oCHA,2021-11-29,18,94,17,-3,-16,6
AF,Afghanistan,,,Kabul Metropolitan Area,,,ChIJ5U8S6F5v0TgREM8nxN8oCHA,2021-11-30,22,82,15,-3,-16,6
AF,Afghanistan,,,Kabul Metropolitan Area,,,ChIJ5U8S6F5v0TgREM8nxN8oCHA,2021-12-01,14,73,14,-12,-19,8
AF,Afghanistan,,,Kabul Metropolitan Area,,,ChIJ5U8S6F5v0TgREM8nxN8oCHA,2021-12-02,15,76,14,-4,-13,6
AF,Afghanistan,,,Kabul Metropolitan Area,,,ChIJ5U8S6F5v0TgREM8nxN8oCHA,2021-12-03,9,70,13,-16,-17,6
AF,Afghanistan,,,Kabul Metropolitan Area,,,ChIJ5U8S6F5v0TgREM8nxN8oCHA,2021-12-04,20,39,24,-8,-16,6
AF,Afghanistan,,,Kabul Metropolitan Area,,,ChIJ5U8S6F5v0TgREM8nxN8oCHA,2021-12-05,21,77,15,-6,-16,7
AF,Afghanistan,,,Kabul Metropolitan Area,,,ChIJ5U8S6F5v0TgREM8nxN8oCHA,2021-12-06,22,91,16,-4,-15,4
AF,Afghanistan,,,Kabul Metropolitan Area,,,ChIJ5U8S6F5v0TgREM8nxN8oCHA,2021-12-07,24,83,21,-5,-12,5
AF,Afghanistan,,,Kabul Metropolitan Area,,,ChIJ5U8S6F5v0TgREM8nxN8oCHA,2021-12-08,20,79,19,-10,-12,7
AF,Afghanistan,,,Kabul Metropolitan Area,,,ChIJ5U8S6F5v0TgREM8nxN8oCHA,2021-12-09,11,70,17,-9,-7,6
AF,Afghanistan,,,Kabul Metropolitan Area,,,ChIJ5U8S6F5v0TgREM8nxN8oCHA,2021-12-10,7,62,10,-18,-9,5
AF,Afghanistan,,,Kabul Metropolitan Area,,,ChIJ5U8S6F5v0TgREM8nxN8oCHA,2021-12-11,20,33,21,-11,-12,6
AF,Afghanistan,,,Kabul Metropolitan Area,,,ChIJ5U8S6F5v0TgREM8nxN8oCHA,2021-12-12,18,68,17,-10,-11,7
AF,Afghanistan,,,Kabul Metropolitan Area,,,ChIJ5U8S6F5v0TgREM8nxN8oCHA,2021-12-13,15,74,14,-12,-11,5
AF,Afghanistan,,,Kabul Metropolitan Area,,,ChIJ5U8S6F5v0TgREM8nxN8oCHA,2021-12-14,16,63,17,-11,-12,6
AF,Afghanistan,,,Kabul Metropolitan Area,,,ChIJ5U8S6F5v0TgREM8nxN8oCHA,2021-12-15,16,70,19,-15,-12,6
AF,Afghanistan,,,Kabul Metropolitan Area,,,ChIJ5U8S6F5v0TgREM8nxN8oCHA,2021-12-16,10,61,16,-14,-8,7
AF,Afghanistan,,,Kabul Metropolitan Area,,,ChIJ5U8S6F5v0TgREM8nxN8oCHA,2021-12-17,3,66,13,-20,-10,5
AF,Afghanistan,,,Kabul Metropolitan Area,,,ChIJ5U8S6F5v0TgREM8nxN8oCHA,2021-12-18,17,32,23,-13,-10,5
AF,Afghanistan,,,Kabul Metropolitan Area,,,ChIJ5U8S6F5v0TgREM8nxN8oCHA,2021-12-19,21,78,20,-15,-10,6
AF,Afghanistan,,,Kabul Metropolitan Area,,,ChIJ5U8S6F5v0TgREM8nxN8oCHA,2021-12-20,21,86,16,-9,-9,4
AF,Afghanistan,,,Kabul Metropolitan Area,,,ChIJ5U8S6F5v0TgREM8nxN8oCHA,2021-12-21,23,82,26,-8,-10,5
AF,Afghanistan,,,Kabul Metropolitan Area,,,ChIJ5U8S6F5v0TgREM8nxN8oCHA,2021-12-22,18,79,20,-12,-11,5
AF,Afghanistan,,,Kabul Metropolitan Area,,,ChIJ5U8S6F5v0TgREM8nxN8oCHA,2021-12-23,15,71,20,-12,-4,6
AF,Afghanistan,,,Kabul Metropolitan Area,,,ChIJ5U8S6F5v0TgREM8nxN8oCHA,2021-12-24,10,69,22,-18,-8,5
AF,Afghanistan,,,Kabul Metropolitan Area,,,ChIJ5U8S6F5v0TgREM8nxN8oCHA,2021-12-25,26,38,30,-7,-7,5
AF,Afghanistan,,,Kabul Metropolitan Area,,,ChIJ5U8S6F5v0TgREM8nxN8oCHA,2021-12-26,23,78,24,-10,-9,6
AF,Afghanistan,,,Kabul Metropolitan Area,,,ChIJ5U8S6F5v0TgREM8nxN8oCHA,2021-12-27,20,87,20,-9,-7,5
AF,Afghanistan,,,Kabul Metropolitan Area,,,ChIJ5U8S6F5v0TgREM8nxN8oCHA,2021-12-28,19,78,23,-9,-7,6
AF,Afghanistan,,,Kabul Metropolitan Area,,,ChIJ5U8S6F5v0TgREM8nxN8oCHA,2021-12-29,15,75,13,-15,-10,7
AF,Afghanistan,,,Kabul Metropolitan Area,,,ChIJ5U8S6F5v0TgREM8nxN8oCHA,2021-12-30,15,71,19,-9,-3,6
