country_region_code,country_region,sub_region_1,sub_region_2,metro_area,iso_3166_2_code,census_fips_code,place_id,date,retail_and_recreation_percent_change_from_baseline,grocery_and_pharmacy_percent_change_from_baseline,parks_percent_change_from_baseline,transit_stations_percent_change_from_baseline,workplaces_percent_change_from_baseline,residential_percent_change_from_baseline
UA,Ukraine,,,,,,ChIJjw5wVMHZ0UAREED2iIQGAQA,2021-01-01,-58,-50,4,-55,-84,20
UA,Ukraine,,,,,,ChIJjw5wVMHZ0UAREED2iIQGAQA,2021-01-02,-27,-20,16,-27,-42,5
UA,Ukraine,,,,,,ChIJjw5wVMHZ0UAREED2iIQGAQA,2021-01-03,-22,-12,-4,-19,-20,2
UA,Ukraine,,,,,,ChIJjw5wVMHZ0UAREED2iIQGAQA,2021-01-04,-13,-1,-1,-18,-36,7
UA,Ukraine,,,,,,ChIJjw5wVMHZ0UAREED2iIQGAQA,2021-01-05,-11,6,-7,-16,-36,6
UA,Ukraine,,,,,,ChIJjw5wVMHZ0UAREED2iIQGAQA,2021-01-06,-14,12,10,-13,-42,4
UA,Ukraine,,,,,,ChIJjw5wVMHZ0UAREED2iIQGAQA,2021-01-07,-41,-30,0,-44,-80,14
UA,Ukraine,,,,,,ChIJjw5wVMHZ0UAREED2iIQGAQA,2021-01-08,-49,-22,-5,-41,-68,15
UA,Ukraine,,,,,,ChIJjw5wVMHZ0UAREED2iIQGAQA,2021-01-09,-48,-19,-2,-32,-35,4
UA,Ukraine,,,,,,ChIJjw5wVMHZ0UAREED2iIQGAQA,2021-01-10,-47,-16,-6,-29,-26,2
UA,Ukraine,,,,,,ChIJjw5wVMHZ0UAREED2iIQGAQA,2021-01-11,-36,-7,-6,-24,-33,7
UA,Ukraine,,,,,,ChIJjw5wVMHZ0UAREED2iIQGAQA,2021-01-12,-37,-8,-12,-26,-34,6
UA,Ukraine,,,,,,ChIJjw5wVMHZ0UAREED2iIQGAQA,2021-01-13,-38,-6,-5,-26,-36,4
UA,Ukraine,,,,,,ChIJjw5wVMHZ0UAREED2iIQGAQA,2021-01-14,-43,-16,-3,-29,-41,4
UA,Ukraine,,,,,,ChIJjw5wVMHZ0UAREED2iIQGAQA,2021-01-15,-46,-19,-21,-33,-40,6
UA,Ukraine,,,,,,ChIJjw5wVMHZ0UAREED2iIQGAQA,2021-01-16,-51,-21,-24,-34,-6,1
UA,Ukraine,,,,,,ChIJjw5wVMHZ0UAREED2iIQGAQA,2021-01-17,-56,-27,-30,-43,-35,4
UA,Ukraine,,,,,,ChIJjw5wVMHZ0UAREED2iIQGAQA,2021-01-18,-46,-20,-24,-35,-41,8
UA,Ukraine,,,,,,ChIJjw5wVMHZ0UAREED2iIQGAQA,2021-01-19,-48,-24,-16,-37,-44,8
UA,Ukraine,,,,,,ChIJjw5wVMHZ0UAREED2iIQGAQA,2021-01-20,-45,-19,-21,-34,-40,7
UA,Ukraine,,,,,,ChIJjw5wVMHZ0UAREED2iIQGAQA,2021-01-21,-41,-15,-14,-30,-39,6
UA,Ukraine,,,,,,ChIJjw5wVMHZ0UAREED2iIQGAQA,2021-01-22,-42,-12,-20,-29,-37,7
UA,Ukraine,,,,,,ChIJjw5wVMHZ0UAREED2iIQGAQA,2021-01-23,-45,-15,-14,-29,-29,2
UA,Ukraine,,,,,,ChIJjw5wVMHZ0UAREED2iIQGAQA,2021-01-24,-49,-18,-25,-33,-27,2
UA,Ukraine,,,,,,ChIJjw5wVMHZ0UAREED2iIQGAQA,2021-01-25,-17,-6,-18,-18,-22,1
UA,Ukraine,,,,,,ChIJjw5wVMHZ0UAREED2iIQGAQA,2021-01-26,-21,-8,-21,-21,-22,0
UA,Ukraine,,,,,,ChIJjw5wVMHZ0UAREED2iIQGAQA,2021-01-27,-22,-7,-18,-20,-22,1
UA,Ukraine,,,,,,ChIJjw5wVMHZ0UAREED2iIQGAQA,2021-01-28,-24,-9,-17,-20,-23,1
UA,Ukraine,,,,,,ChIJjw5wVMHZ0UAREED2iIQGAQA,2021-01-29,-23,-6,-20,-18,-22,1
UA,Ukraine,,,,,,ChIJjw5wVMHZ0UAREED2iIQGAQA,2021-01-30,-20,-6,-16,-17,-19,0
UA,Ukraine,,,,,,ChIJjw5wVMHZ0UAREED2iIQGAQA,2021-01-31,-23,-7,-19,-19,-17,0
UA,Ukraine,,,,,,ChIJjw5wVMHZ0UAREED2iIQGAQA,2021-02-01,-23,-8,-19,-18,-21,1
UA,Ukraine,,,,,,ChIJjw5wVMHZ0UAREED2iIQGAQA,2021-02-02,-21,-6,-18,-18,-20,0
UA,Ukraine,,,,,,ChIJjw5wVMHZ0UAREED2iIQGAQA,2021-02-03,-21,-6,-15,-18,-20,-1
UA,Ukraine,,,,,,ChIJjw5wVMHZ0UAREED2iIQGAQA,2021-02-04,-25,-10,-19,-20,-21,0
UA,Ukraine,,,,,,ChIJjw5wVMHZ0UAREED2iIQGAQA,2021-02-05,-23,-5,-22,-20,-21,0
UA,Ukraine,,,,,,ChIJjw5wVMHZ0UAREED2iIQGAQA,2021-02-06,-21,-6,-19,-20,-20,-1
UA,Ukraine,,,,,,ChIJjw5wVMHZ0UAREED2iIQGAQA,2021-02-07,-29,-15,-33,-27,-19,1
UA,Ukraine,,,,,,ChIJjw5wVMHZ0UAREED2iIQGAQA,2021-02-08,-29,-13,-27,-20,-23,2
UA,Ukraine,,,,,,ChIJjw5wVMHZ0UAREED2iIQGAQA,2021-02-09,-25,-8,-22,-18,-23,2
UA,Ukraine,,,,,,ChIJjw5wVMHZ0UAREED2iIQGAQA,2021-02-10,-22,-5,-18,-16,-21,1
UA,Ukraine,,,,,,ChIJjw5wVMHZ0UAREED2iIQGAQA,2021-02-11,-24,-7,-21,-17,-24,1
UA,Ukraine,,,,,,ChIJjw5wVMHZ0UAREED2iIQGAQA,2021-02-12,-31,-13,-37,-24,-29,5
UA,Ukraine,,,,,,ChIJjw5wVMHZ0UAREED2iIQGAQA,2021-02-13,-28,-12,-37,-27,-24,3
UA,Ukraine,,,,,,ChIJjw5wVMHZ0UAREED2iIQGAQA,2021-02-14,-19,-9,-30,-23,-19,2
UA,Ukraine,,,,,,ChIJjw5wVMHZ0UAREED2iIQGAQA,2021-02-15,-23,-7,-23,-18,-24,2
UA,Ukraine,,,,,,ChIJjw5wVMHZ0UAREED2iIQGAQA,2021-02-16,-23,-7,-27,-19,-23,1
UA,Ukraine,,,,,,ChIJjw5wVMHZ0UAREED2iIQGAQA,2021-02-17,-22,-4,-23,-16,-21,1
UA,Ukraine,,,,,,ChIJjw5wVMHZ0UAREED2iIQGAQA,2021-02-18,-23,-5,-23,-16,-21,1
UA,Ukraine,,,,,,ChIJjw5wVMHZ0UAREED2iIQGAQA,2021-02-19,-24,-5,-27,-17,-22,2
UA,Ukraine,,,,,,ChIJjw5wVMHZ0UAREED2iIQGAQA,2021-02-20,-20,-4,-19,-17,-17,0
UA,Ukraine,,,,,,ChIJjw5wVMHZ0UAREED2iIQGAQA,2021-02-21,-23,-7,-22,-17,-17,0
UA,Ukraine,,,,,,ChIJjw5wVMHZ0UAREED2iIQGAQA,2021-02-22,-17,0,-14,-12,-21,0
UA,Ukraine,,,,,,ChIJjw5wVMHZ0UAREED2iIQGAQA,2021-02-23,-18,-2,-21,-15,-20,0
UA,Ukraine,,,,,,ChIJjw5wVMHZ0UAREED2iIQGAQA,2021-02-24,-20,-3,-21,-15,-19,0
UA,Ukraine,,,,,,ChIJjw5wVMHZ0UAREED2iIQGAQA,2021-02-25,-17,-1,-12,-11,-19,-1
UA,Ukraine,,,,,,ChIJjw5wVMHZ0UAREED2iIQGAQA,2021-02-26,-16,2,-12,-9,-19,0
UA,Ukraine,,,,,,ChIJjw5wVMHZ0UAREED2iIQGAQA,2021-02-27,-17,-2,-20,-14,-17,-1
UA,Ukraine,,,,,,ChIJjw5wVMHZ0UAREED2iIQGAQA,2021-02-28,-19,-4,-25,-15,-15,0
UA,Ukraine,,,,,,ChIJjw5wVMHZ0UAREED2iIQGAQA,2021-03-01,-18,-2,-19,-14,-19,0
UA,Ukraine,,,,,,ChIJjw5wVMHZ0UAREED2iIQGAQA,2021-03-02,-17,-2,-21,-15,-19,0
UA,Ukraine,,,,,,ChIJjw5wVMHZ0UAREED2iIQGAQA,2021-03-03,-13,3,-10,-10,-19,-1
UA,Ukraine,,,,,,ChIJjw5wVMHZ0UAREED2iIQGAQA,2021-03-04,-12,4,-9,-8,-19,-1
UA,Ukraine,,,,,,ChIJjw5wVMHZ0UAREED2iIQGAQA,2021-03-05,-13,4,-20,-9,-19,0
UA,Ukraine,,,,,,ChIJjw5wVMHZ0UAREED2iIQGAQA,2021-03-06,-10,6,-14,-8,-17,-3
UA,Ukraine,,,,,,ChIJjw5wVMHZ0UAREED2iIQGAQA,2021-03-07,-6,7,-17,-9,-14,-2
UA,Ukraine,,,,,,ChIJjw5wVMHZ0UAREED2iIQGAQA,2021-03-08,-7,1,-6,-25,-70,9
UA,Ukraine,,,,,,ChIJjw5wVMHZ0UAREED2iIQGAQA,2021-03-09,-24,-7,-25,-19,-21,0
UA,Ukraine,,,,,,ChIJjw5wVMHZ0UAREED2iIQGAQA,2021-03-10,-19,-1,-18,-14,-20,0
UA,Ukraine,,,,,,ChIJjw5wVMHZ0UAREED2iIQGAQA,2021-03-11,-20,-2,-18,-14,-21,0
UA,Ukraine,,,,,,ChIJjw5wVMHZ0UAREED2iIQGAQA,2021-03-12,-26,-5,-31,-19,-21,2
UA,Ukraine,,,,,,ChIJjw5wVMHZ0UAREED2iIQGAQA,2021-03-13,-21,-2,-15,-16,-17,0
UA,Ukraine,,,,,,ChIJjw5wVMHZ0UAREED2iIQGAQA,2021-03-14,-23,-5,-18,-17,-16,0
UA,Ukraine,,,,,,ChIJjw5wVMHZ0UAREED2iIQGAQA,2021-03-15,-20,-1,-15,-15,-21,1
UA,Ukraine,,,,,,ChIJjw5wVMHZ0UAREED2iIQGAQA,2021-03-16,-20,-1,-19,-15,-21,1
UA,Ukraine,,,,,,ChIJjw5wVMHZ0UAREED2iIQGAQA,2021-03-17,-20,0,-18,-14,-21,1
UA,Ukraine,,,,,,ChIJjw5wVMHZ0UAREED2iIQGAQA,2021-03-18,-19,0,-17,-13,-23,1
UA,Ukraine,,,,,,ChIJjw5wVMHZ0UAREED2iIQGAQA,2021-03-19,-18,3,-19,-12,-23,2
UA,Ukraine,,,,,,ChIJjw5wVMHZ0UAREED2iIQGAQA,2021-03-20,-25,0,-13,-16,-19,0
UA,Ukraine,,,,,,ChIJjw5wVMHZ0UAREED2iIQGAQA,2021-03-21,-27,-2,-9,-16,-17,0
UA,Ukraine,,,,,,ChIJjw5wVMHZ0UAREED2iIQGAQA,2021-03-22,-23,0,-13,-17,-29,3
UA,Ukraine,,,,,,ChIJjw5wVMHZ0UAREED2iIQGAQA,2021-03-23,-26,-2,-19,-19,-30,2
UA,Ukraine,,,,,,ChIJjw5wVMHZ0UAREED2iIQGAQA,2021-03-24,-25,1,-14,-17,-30,3
UA,Ukraine,,,,,,ChIJjw5wVMHZ0UAREED2iIQGAQA,2021-03-25,-27,-2,-11,-17,-31,3
UA,Ukraine,,,,,,ChIJjw5wVMHZ0UAREED2iIQGAQA,2021-03-26,-25,2,-4,-15,-30,3
UA,Ukraine,,,,,,ChIJjw5wVMHZ0UAREED2iIQGAQA,2021-03-27,-25,0,14,-13,-20,-2
UA,Ukraine,,,,,,ChIJjw5wVMHZ0UAREED2iIQGAQA,2021-03-28,-28,-2,8,-14,-19,-2
UA,Ukraine,,,,,,ChIJjw5wVMHZ0UAREED2iIQGAQA,2021-03-29,-24,-1,-4,-18,-30,3
UA,Ukraine,,,,,,ChIJjw5wVMHZ0UAREED2iIQGAQA,2021-03-30,-22,2,2,-16,-29,1
UA,Ukraine,,,,,,ChIJjw5wVMHZ0UAREED2iIQGAQA,2021-03-31,-20,5,7,-13,-29,1
UA,Ukraine,,,,,,ChIJjw5wVMHZ0UAREED2iIQGAQA,2021-04-01,-18,6,24,-9,-29,0
UA,Ukraine,,,,,,ChIJjw5wVMHZ0UAREED2iIQGAQA,2021-04-02,-26,2,-9,-15,-29,2
UA,Ukraine,,,,,,ChIJjw5wVMHZ0UAREED2iIQGAQA,2021-04-03,-27,1,6,-15,-21,-2
UA,Ukraine,,,,,,ChIJjw5wVMHZ0UAREED2iIQGAQA,2021-04-04,-33,-5,-10,-19,-21,-1
UA,Ukraine,,,,,,ChIJjw5wVMHZ0UAREED2iIQGAQA,2021-04-05,-25,0,0,-21,-32,3
UA,Ukraine,,,,,,ChIJjw5wVMHZ0UAREED2iIQGAQA,2021-04-06,-26,0,-7,-22,-32,3
UA,Ukraine,,,,,,ChIJjw5wVMHZ0UAREED2iIQGAQA,2021-04-07,-25,2,-14,-23,-34,4
UA,Ukraine,,,,,,ChIJjw5wVMHZ0UAREED2iIQGAQA,2021-04-08,-24,3,-2,-18,-32,2
UA,Ukraine,,,,,,ChIJjw5wVMHZ0UAREED2iIQGAQA,2021-04-09,-25,4,-2,-18,-31,2
UA,Ukraine,,,,,,ChIJjw5wVMHZ0UAREED2iIQGAQA,2021-04-10,-24,4,24,-12,-20,-4
UA,Ukraine,,,,,,ChIJjw5wVMHZ0UAREED2iIQGAQA,2021-04-11,-25,4,28,-12,-19,-5
UA,Ukraine,,,,,,ChIJjw5wVMHZ0UAREED2iIQGAQA,2021-04-12,-23,1,6,-19,-31,2
UA,Ukraine,,,,,,ChIJjw5wVMHZ0UAREED2iIQGAQA,2021-04-13,-25,1,-3,-20,-31,2
UA,Ukraine,,,,,,ChIJjw5wVMHZ0UAREED2iIQGAQA,2021-04-14,-23,3,2,-17,-31,1
UA,Ukraine,,,,,,ChIJjw5wVMHZ0UAREED2iIQGAQA,2021-04-15,-25,2,-5,-18,-31,2
UA,Ukraine,,,,,,ChIJjw5wVMHZ0UAREED2iIQGAQA,2021-04-16,-28,1,-17,-20,-31,3
UA,Ukraine,,,,,,ChIJjw5wVMHZ0UAREED2iIQGAQA,2021-04-17,-27,2,3,-17,-21,-2
UA,Ukraine,,,,,,ChIJjw5wVMHZ0UAREED2iIQGAQA,2021-04-18,-27,1,10,-15,-19,-3
UA,Ukraine,,,,,,ChIJjw5wVMHZ0UAREED2iIQGAQA,2021-04-19,-21,3,8,-16,-29,1
UA,Ukraine,,,,,,ChIJjw5wVMHZ0UAREED2iIQGAQA,2021-04-20,-24,1,-7,-19,-29,2
UA,Ukraine,,,,,,ChIJjw5wVMHZ0UAREED2iIQGAQA,2021-04-21,-18,9,10,-12,-29,0
UA,Ukraine,,,,,,ChIJjw5wVMHZ0UAREED2iIQGAQA,2021-04-22,-19,7,13,-12,-28,0
UA,Ukraine,,,,,,ChIJjw5wVMHZ0UAREED2iIQGAQA,2021-04-23,-24,6,-4,-14,-28,1
UA,Ukraine,,,,,,ChIJjw5wVMHZ0UAREED2iIQGAQA,2021-04-24,-25,4,8,-13,-19,-3
UA,Ukraine,,,,,,ChIJjw5wVMHZ0UAREED2iIQGAQA,2021-04-25,-23,6,13,-10,-17,-3
UA,Ukraine,,,,,,ChIJjw5wVMHZ0UAREED2iIQGAQA,2021-04-26,-20,3,0,-16,-27,1
UA,Ukraine,,,,,,ChIJjw5wVMHZ0UAREED2iIQGAQA,2021-04-27,-21,3,-6,-17,-27,1
UA,Ukraine,,,,,,ChIJjw5wVMHZ0UAREED2iIQGAQA,2021-04-28,-13,14,17,-8,-26,-1
UA,Ukraine,,,,,,ChIJjw5wVMHZ0UAREED2iIQGAQA,2021-04-29,-14,13,20,-7,-28,-1
UA,Ukraine,,,,,,ChIJjw5wVMHZ0UAREED2iIQGAQA,2021-04-30,-13,22,15,-4,-30,-1
UA,Ukraine,,,,,,ChIJjw5wVMHZ0UAREED2iIQGAQA,2021-05-01,-23,11,32,-8,-34,-5
UA,Ukraine,,,,,,ChIJjw5wVMHZ0UAREED2iIQGAQA,2021-05-02,-49,-25,43,-25,-44,-7
UA,Ukraine,,,,,,ChIJjw5wVMHZ0UAREED2iIQGAQA,2021-05-03,-28,-15,45,-33,-77,6
UA,Ukraine,,,,,,ChIJjw5wVMHZ0UAREED2iIQGAQA,2021-05-04,-16,-3,31,-20,-64,3
UA,Ukraine,,,,,,ChIJjw5wVMHZ0UAREED2iIQGAQA,2021-05-05,-9,8,30,-4,-24,-4
UA,Ukraine,,,,,,ChIJjw5wVMHZ0UAREED2iIQGAQA,2021-05-06,-8,10,25,-4,-24,-3
UA,Ukraine,,,,,,ChIJjw5wVMHZ0UAREED2iIQGAQA,2021-05-07,-10,13,14,-3,-23,-3
UA,Ukraine,,,,,,ChIJjw5wVMHZ0UAREED2iIQGAQA,2021-05-08,-14,7,6,-8,-20,-5
UA,Ukraine,,,,,,ChIJjw5wVMHZ0UAREED2iIQGAQA,2021-05-09,-12,7,52,2,-20,-9
UA,Ukraine,,,,,,ChIJjw5wVMHZ0UAREED2iIQGAQA,2021-05-10,-7,4,53,-13,-65,2
UA,Ukraine,,,,,,ChIJjw5wVMHZ0UAREED2iIQGAQA,2021-05-11,-6,11,22,-1,-17,-5
UA,Ukraine,,,,,,ChIJjw5wVMHZ0UAREED2iIQGAQA,2021-05-12,-4,14,16,1,-17,-4
UA,Ukraine,,,,,,ChIJjw5wVMHZ0UAREED2iIQGAQA,2021-05-13,-4,14,21,4,-16,-5
UA,Ukraine,,,,,,ChIJjw5wVMHZ0UAREED2iIQGAQA,2021-05-14,-4,16,22,4,-15,-5
UA,Ukraine,,,,,,ChIJjw5wVMHZ0UAREED2iIQGAQA,2021-05-15,-1,14,44,8,-13,-8
UA,Ukraine,,,,,,ChIJjw5wVMHZ0UAREED2iIQGAQA,2021-05-16,0,15,42,11,-9,-9
UA,Ukraine,,,,,,ChIJjw5wVMHZ0UAREED2iIQGAQA,2021-05-17,-3,14,22,2,-15,-5
UA,Ukraine,,,,,,ChIJjw5wVMHZ0UAREED2iIQGAQA,2021-05-18,-5,12,4,-1,-14,-4
UA,Ukraine,,,,,,ChIJjw5wVMHZ0UAREED2iIQGAQA,2021-05-19,-3,15,8,0,-15,-4
UA,Ukraine,,,,,,ChIJjw5wVMHZ0UAREED2iIQGAQA,2021-05-20,-1,16,20,-1,-14,-5
UA,Ukraine,,,,,,ChIJjw5wVMHZ0UAREED2iIQGAQA,2021-05-21,-1,19,24,4,-13,-5
UA,Ukraine,,,,,,ChIJjw5wVMHZ0UAREED2iIQGAQA,2021-05-22,1,18,50,9,-11,-9
UA,Ukraine,,,,,,ChIJjw5wVMHZ0UAREED2iIQGAQA,2021-05-23,-2,15,43,5,-7,-9
UA,Ukraine,,,,,,ChIJjw5wVMHZ0UAREED2iIQGAQA,2021-05-24,-4,13,13,-2,-16,-3
UA,Ukraine,,,,,,ChIJjw5wVMHZ0UAREED2iIQGAQA,2021-05-25,1,18,28,2,-16,-5
UA,Ukraine,,,,,,ChIJjw5wVMHZ0UAREED2iIQGAQA,2021-05-26,3,20,32,5,-14,-6
UA,Ukraine,,,,,,ChIJjw5wVMHZ0UAREED2iIQGAQA,2021-05-27,2,18,35,5,-14,-6
UA,Ukraine,,,,,,ChIJjw5wVMHZ0UAREED2iIQGAQA,2021-05-28,-1,17,24,4,-18,-5
UA,Ukraine,,,,,,ChIJjw5wVMHZ0UAREED2iIQGAQA,2021-05-29,-2,13,34,4,-9,-8
UA,Ukraine,,,,,,ChIJjw5wVMHZ0UAREED2iIQGAQA,2021-05-30,-5,11,23,1,-8,-6
UA,Ukraine,,,,,,ChIJjw5wVMHZ0UAREED2iIQGAQA,2021-05-31,1,17,23,1,-17,-4
UA,Ukraine,,,,,,ChIJjw5wVMHZ0UAREED2iIQGAQA,2021-06-01,-2,11,11,-4,-22,-3
UA,Ukraine,,,,,,ChIJjw5wVMHZ0UAREED2iIQGAQA,2021-06-02,-3,14,10,-2,-20,-2
UA,Ukraine,,,,,,ChIJjw5wVMHZ0UAREED2iIQGAQA,2021-06-03,-1,15,22,1,-20,-3
UA,Ukraine,,,,,,ChIJjw5wVMHZ0UAREED2iIQGAQA,2021-06-04,0,19,30,4,-20,-4
UA,Ukraine,,,,,,ChIJjw5wVMHZ0UAREED2iIQGAQA,2021-06-05,-2,14,48,6,-11,-9
UA,Ukraine,,,,,,ChIJjw5wVMHZ0UAREED2iIQGAQA,2021-06-06,-2,14,38,3,-8,-8
UA,Ukraine,,,,,,ChIJjw5wVMHZ0UAREED2iIQGAQA,2021-06-07,5,20,34,3,-21,-4
UA,Ukraine,,,,,,ChIJjw5wVMHZ0UAREED2iIQGAQA,2021-06-08,5,20,29,3,-20,-5
UA,Ukraine,,,,,,ChIJjw5wVMHZ0UAREED2iIQGAQA,2021-06-09,7,23,39,7,-21,-5
UA,Ukraine,,,,,,ChIJjw5wVMHZ0UAREED2iIQGAQA,2021-06-10,6,22,36,7,-23,-5
UA,Ukraine,,,,,,ChIJjw5wVMHZ0UAREED2iIQGAQA,2021-06-11,-1,17,28,4,-21,-5
UA,Ukraine,,,,,,ChIJjw5wVMHZ0UAREED2iIQGAQA,2021-06-12,-2,13,49,6,-13,-10
UA,Ukraine,,,,,,ChIJjw5wVMHZ0UAREED2iIQGAQA,2021-06-13,-5,11,26,2,-10,-8
UA,Ukraine,,,,,,ChIJjw5wVMHZ0UAREED2iIQGAQA,2021-06-14,2,16,30,2,-24,-4
UA,Ukraine,,,,,,ChIJjw5wVMHZ0UAREED2iIQGAQA,2021-06-15,3,18,29,3,-23,-5
UA,Ukraine,,,,,,ChIJjw5wVMHZ0UAREED2iIQGAQA,2021-06-16,7,21,39,6,-24,-6
UA,Ukraine,,,,,,ChIJjw5wVMHZ0UAREED2iIQGAQA,2021-06-17,2,16,35,3,-26,-6
UA,Ukraine,,,,,,ChIJjw5wVMHZ0UAREED2iIQGAQA,2021-06-18,0,18,32,4,-26,-6
UA,Ukraine,,,,,,ChIJjw5wVMHZ0UAREED2iIQGAQA,2021-06-19,-5,13,52,5,-17,-11
UA,Ukraine,,,,,,ChIJjw5wVMHZ0UAREED2iIQGAQA,2021-06-20,-8,7,61,-2,-21,-11
UA,Ukraine,,,,,,ChIJjw5wVMHZ0UAREED2iIQGAQA,2021-06-21,-4,6,67,-15,-68,-1
UA,Ukraine,,,,,,ChIJjw5wVMHZ0UAREED2iIQGAQA,2021-06-22,1,16,39,1,-27,-7
UA,Ukraine,,,,,,ChIJjw5wVMHZ0UAREED2iIQGAQA,2021-06-23,5,20,48,5,-27,-7
UA,Ukraine,,,,,,ChIJjw5wVMHZ0UAREED2iIQGAQA,2021-06-24,3,18,49,4,-28,-7
UA,Ukraine,,,,,,ChIJjw5wVMHZ0UAREED2iIQGAQA,2021-06-25,-2,16,36,2,-28,-7
UA,Ukraine,,,,,,ChIJjw5wVMHZ0UAREED2iIQGAQA,2021-06-26,-7,9,51,2,-16,-11
UA,Ukraine,,,,,,ChIJjw5wVMHZ0UAREED2iIQGAQA,2021-06-27,-4,10,60,-1,-12,-11
UA,Ukraine,,,,,,ChIJjw5wVMHZ0UAREED2iIQGAQA,2021-06-28,-2,8,65,-14,-64,-1
UA,Ukraine,,,,,,ChIJjw5wVMHZ0UAREED2iIQGAQA,2021-06-29,-1,14,30,-2,-28,-7
UA,Ukraine,,,,,,ChIJjw5wVMHZ0UAREED2iIQGAQA,2021-06-30,4,17,42,3,-28,-8
UA,Ukraine,,,,,,ChIJjw5wVMHZ0UAREED2iIQGAQA,2021-07-01,3,17,43,4,-29,-6
UA,Ukraine,,,,,,ChIJjw5wVMHZ0UAREED2iIQGAQA,2021-07-02,-3,15,32,1,-28,-5
UA,Ukraine,,,,,,ChIJjw5wVMHZ0UAREED2iIQGAQA,2021-07-03,-6,11,42,1,-16,-9
UA,Ukraine,,,,,,ChIJjw5wVMHZ0UAREED2iIQGAQA,2021-07-04,-8,9,39,0,-12,-9
UA,Ukraine,,,,,,ChIJjw5wVMHZ0UAREED2iIQGAQA,2021-07-05,2,16,37,1,-30,-4
UA,Ukraine,,,,,,ChIJjw5wVMHZ0UAREED2iIQGAQA,2021-07-06,3,17,40,1,-29,-5
UA,Ukraine,,,,,,ChIJjw5wVMHZ0UAREED2iIQGAQA,2021-07-07,9,24,57,5,-31,-6
UA,Ukraine,,,,,,ChIJjw5wVMHZ0UAREED2iIQGAQA,2021-07-08,5,20,56,5,-30,-7
UA,Ukraine,,,,,,ChIJjw5wVMHZ0UAREED2iIQGAQA,2021-07-09,0,18,45,3,-30,-7
UA,Ukraine,,,,,,ChIJjw5wVMHZ0UAREED2iIQGAQA,2021-07-10,-6,13,62,5,-18,-12
UA,Ukraine,,,,,,ChIJjw5wVMHZ0UAREED2iIQGAQA,2021-07-11,-7,13,57,3,-14,-12
UA,Ukraine,,,,,,ChIJjw5wVMHZ0UAREED2iIQGAQA,2021-07-12,3,17,50,1,-34,-5
UA,Ukraine,,,,,,ChIJjw5wVMHZ0UAREED2iIQGAQA,2021-07-13,3,17,46,1,-31,-6
UA,Ukraine,,,,,,ChIJjw5wVMHZ0UAREED2iIQGAQA,2021-07-14,6,21,54,4,-31,-7
UA,Ukraine,,,,,,ChIJjw5wVMHZ0UAREED2iIQGAQA,2021-07-15,4,19,53,4,-32,-7
UA,Ukraine,,,,,,ChIJjw5wVMHZ0UAREED2iIQGAQA,2021-07-16,0,18,43,2,-31,-6
UA,Ukraine,,,,,,ChIJjw5wVMHZ0UAREED2iIQGAQA,2021-07-17,-5,13,58,4,-18,-11
UA,Ukraine,,,,,,ChIJjw5wVMHZ0UAREED2iIQGAQA,2021-07-18,-7,12,52,2,-14,-12
UA,Ukraine,,,,,,ChIJjw5wVMHZ0UAREED2iIQGAQA,2021-07-19,2,17,43,-1,-33,-5
UA,Ukraine,,,,,,ChIJjw5wVMHZ0UAREED2iIQGAQA,2021-07-20,1,15,32,-1,-32,-5
UA,Ukraine,,,,,,ChIJjw5wVMHZ0UAREED2iIQGAQA,2021-07-21,4,20,38,0,-33,-5
UA,Ukraine,,,,,,ChIJjw5wVMHZ0UAREED2iIQGAQA,2021-07-22,6,20,49,4,-32,-6
UA,Ukraine,,,,,,ChIJjw5wVMHZ0UAREED2iIQGAQA,2021-07-23,1,18,42,1,-31,-6
UA,Ukraine,,,,,,ChIJjw5wVMHZ0UAREED2iIQGAQA,2021-07-24,-3,13,59,4,-17,-10
UA,Ukraine,,,,,,ChIJjw5wVMHZ0UAREED2iIQGAQA,2021-07-25,-4,13,56,3,-13,-11
UA,Ukraine,,,,,,ChIJjw5wVMHZ0UAREED2iIQGAQA,2021-07-26,4,18,50,1,-32,-5
UA,Ukraine,,,,,,ChIJjw5wVMHZ0UAREED2iIQGAQA,2021-07-27,2,17,44,0,-32,-5
UA,Ukraine,,,,,,ChIJjw5wVMHZ0UAREED2iIQGAQA,2021-07-28,5,20,50,2,-32,-6
UA,Ukraine,,,,,,ChIJjw5wVMHZ0UAREED2iIQGAQA,2021-07-29,2,16,44,2,-32,-5
UA,Ukraine,,,,,,ChIJjw5wVMHZ0UAREED2iIQGAQA,2021-07-30,0,18,41,1,-30,-5
UA,Ukraine,,,,,,ChIJjw5wVMHZ0UAREED2iIQGAQA,2021-07-31,-5,13,54,3,-16,-10
UA,Ukraine,,,,,,ChIJjw5wVMHZ0UAREED2iIQGAQA,2021-08-01,-4,13,50,3,-12,-11
UA,Ukraine,,,,,,ChIJjw5wVMHZ0UAREED2iIQGAQA,2021-08-02,4,19,45,1,-32,-5
UA,Ukraine,,,,,,ChIJjw5wVMHZ0UAREED2iIQGAQA,2021-08-03,4,18,41,0,-31,-5
UA,Ukraine,,,,,,ChIJjw5wVMHZ0UAREED2iIQGAQA,2021-08-04,6,20,46,3,-31,-5
UA,Ukraine,,,,,,ChIJjw5wVMHZ0UAREED2iIQGAQA,2021-08-05,4,19,48,2,-31,-5
UA,Ukraine,,,,,,ChIJjw5wVMHZ0UAREED2iIQGAQA,2021-08-06,0,18,30,0,-31,-5
UA,Ukraine,,,,,,ChIJjw5wVMHZ0UAREED2iIQGAQA,2021-08-07,0,16,50,4,-17,-9
UA,Ukraine,,,,,,ChIJjw5wVMHZ0UAREED2iIQGAQA,2021-08-08,1,16,54,5,-12,-11
UA,Ukraine,,,,,,ChIJjw5wVMHZ0UAREED2iIQGAQA,2021-08-09,8,21,50,2,-32,-5
UA,Ukraine,,,,,,ChIJjw5wVMHZ0UAREED2iIQGAQA,2021-08-10,7,21,44,2,-31,-5
UA,Ukraine,,,,,,ChIJjw5wVMHZ0UAREED2iIQGAQA,2021-08-11,9,23,52,4,-31,-6
UA,Ukraine,,,,,,ChIJjw5wVMHZ0UAREED2iIQGAQA,2021-08-12,7,21,53,4,-31,-6
UA,Ukraine,,,,,,ChIJjw5wVMHZ0UAREED2iIQGAQA,2021-08-13,2,19,39,1,-31,-5
UA,Ukraine,,,,,,ChIJjw5wVMHZ0UAREED2iIQGAQA,2021-08-14,2,17,61,7,-17,-10
UA,Ukraine,,,,,,ChIJjw5wVMHZ0UAREED2iIQGAQA,2021-08-15,-1,14,52,5,-12,-10
UA,Ukraine,,,,,,ChIJjw5wVMHZ0UAREED2iIQGAQA,2021-08-16,7,21,50,2,-31,-5
UA,Ukraine,,,,,,ChIJjw5wVMHZ0UAREED2iIQGAQA,2021-08-17,5,19,39,1,-31,-5
UA,Ukraine,,,,,,ChIJjw5wVMHZ0UAREED2iIQGAQA,2021-08-18,8,23,43,4,-30,-5
UA,Ukraine,,,,,,ChIJjw5wVMHZ0UAREED2iIQGAQA,2021-08-19,10,22,51,5,-32,-5
UA,Ukraine,,,,,,ChIJjw5wVMHZ0UAREED2iIQGAQA,2021-08-20,3,19,36,2,-30,-5
UA,Ukraine,,,,,,ChIJjw5wVMHZ0UAREED2iIQGAQA,2021-08-21,1,16,59,6,-15,-11
UA,Ukraine,,,,,,ChIJjw5wVMHZ0UAREED2iIQGAQA,2021-08-22,4,15,64,5,-11,-11
UA,Ukraine,,,,,,ChIJjw5wVMHZ0UAREED2iIQGAQA,2021-08-23,8,15,79,-8,-60,-1
UA,Ukraine,,,,,,ChIJjw5wVMHZ0UAREED2iIQGAQA,2021-08-24,8,9,87,-11,-65,1
UA,Ukraine,,,,,,ChIJjw5wVMHZ0UAREED2iIQGAQA,2021-08-25,8,23,37,5,-30,-5
UA,Ukraine,,,,,,ChIJjw5wVMHZ0UAREED2iIQGAQA,2021-08-26,6,20,31,5,-30,-4
UA,Ukraine,,,,,,ChIJjw5wVMHZ0UAREED2iIQGAQA,2021-08-27,2,18,28,1,-28,-4
UA,Ukraine,,,,,,ChIJjw5wVMHZ0UAREED2iIQGAQA,2021-08-28,7,20,53,13,24,-11
UA,Ukraine,,,,,,ChIJjw5wVMHZ0UAREED2iIQGAQA,2021-08-29,2,15,28,4,-9,-7
UA,Ukraine,,,,,,ChIJjw5wVMHZ0UAREED2iIQGAQA,2021-08-30,13,25,37,7,-28,-4
UA,Ukraine,,,,,,ChIJjw5wVMHZ0UAREED2iIQGAQA,2021-08-31,17,31,33,10,-26,-5
UA,Ukraine,,,,,,ChIJjw5wVMHZ0UAREED2iIQGAQA,2021-09-01,20,29,46,9,-28,-7
UA,Ukraine,,,,,,ChIJjw5wVMHZ0UAREED2iIQGAQA,2021-09-02,4,19,17,4,-26,-5
UA,Ukraine,,,,,,ChIJjw5wVMHZ0UAREED2iIQGAQA,2021-09-03,3,20,24,7,-24,-6
UA,Ukraine,,,,,,ChIJjw5wVMHZ0UAREED2iIQGAQA,2021-09-04,2,15,35,4,-14,-7
UA,Ukraine,,,,,,ChIJjw5wVMHZ0UAREED2iIQGAQA,2021-09-05,4,17,30,6,-10,-7
UA,Ukraine,,,,,,ChIJjw5wVMHZ0UAREED2iIQGAQA,2021-09-06,7,22,26,6,-25,-5
UA,Ukraine,,,,,,ChIJjw5wVMHZ0UAREED2iIQGAQA,2021-09-07,8,23,25,5,-24,-6
UA,Ukraine,,,,,,ChIJjw5wVMHZ0UAREED2iIQGAQA,2021-09-08,10,26,33,8,-24,-6
UA,Ukraine,,,,,,ChIJjw5wVMHZ0UAREED2iIQGAQA,2021-09-09,6,22,36,8,-23,-7
UA,Ukraine,,,,,,ChIJjw5wVMHZ0UAREED2iIQGAQA,2021-09-10,3,21,31,8,-22,-7
UA,Ukraine,,,,,,ChIJjw5wVMHZ0UAREED2iIQGAQA,2021-09-11,7,20,63,11,-15,-9
UA,Ukraine,,,,,,ChIJjw5wVMHZ0UAREED2iIQGAQA,2021-09-12,1,16,45,7,-10,-8
UA,Ukraine,,,,,,ChIJjw5wVMHZ0UAREED2iIQGAQA,2021-09-13,3,20,27,6,-22,-5
UA,Ukraine,,,,,,ChIJjw5wVMHZ0UAREED2iIQGAQA,2021-09-14,3,20,24,4,-22,-6
UA,Ukraine,,,,,,ChIJjw5wVMHZ0UAREED2iIQGAQA,2021-09-15,6,24,30,7,-22,-6
UA,Ukraine,,,,,,ChIJjw5wVMHZ0UAREED2iIQGAQA,2021-09-16,5,21,33,8,-23,-6
UA,Ukraine,,,,,,ChIJjw5wVMHZ0UAREED2iIQGAQA,2021-09-17,2,20,20,6,-22,-5
UA,Ukraine,,,,,,ChIJjw5wVMHZ0UAREED2iIQGAQA,2021-09-18,1,14,24,1,-16,-6
UA,Ukraine,,,,,,ChIJjw5wVMHZ0UAREED2iIQGAQA,2021-09-19,-2,12,6,-1,-13,-4
UA,Ukraine,,,,,,ChIJjw5wVMHZ0UAREED2iIQGAQA,2021-09-20,2,18,8,2,-19,-3
UA,Ukraine,,,,,,ChIJjw5wVMHZ0UAREED2iIQGAQA,2021-09-21,2,17,1,-1,-19,-3
UA,Ukraine,,,,,,ChIJjw5wVMHZ0UAREED2iIQGAQA,2021-09-22,3,19,5,2,-15,-4
UA,Ukraine,,,,,,ChIJjw5wVMHZ0UAREED2iIQGAQA,2021-09-23,1,17,9,1,-18,-3
UA,Ukraine,,,,,,ChIJjw5wVMHZ0UAREED2iIQGAQA,2021-09-24,-5,13,-4,-2,-19,-2
UA,Ukraine,,,,,,ChIJjw5wVMHZ0UAREED2iIQGAQA,2021-09-25,1,14,26,2,-14,-6
UA,Ukraine,,,,,,ChIJjw5wVMHZ0UAREED2iIQGAQA,2021-09-26,0,14,27,3,-10,-6
UA,Ukraine,,,,,,ChIJjw5wVMHZ0UAREED2iIQGAQA,2021-09-27,2,17,17,1,-18,-3
UA,Ukraine,,,,,,ChIJjw5wVMHZ0UAREED2iIQGAQA,2021-09-28,-2,13,8,-2,-16,-4
UA,Ukraine,,,,,,ChIJjw5wVMHZ0UAREED2iIQGAQA,2021-09-29,1,17,12,0,-17,-4
UA,Ukraine,,,,,,ChIJjw5wVMHZ0UAREED2iIQGAQA,2021-09-30,3,20,18,4,-16,-4
UA,Ukraine,,,,,,ChIJjw5wVMHZ0UAREED2iIQGAQA,2021-10-01,0,18,14,2,-16,-4
UA,Ukraine,,,,,,ChIJjw5wVMHZ0UAREED2iIQGAQA,2021-10-02,-1,14,32,3,-15,-6
UA,Ukraine,,,,,,ChIJjw5wVMHZ0UAREED2iIQGAQA,2021-10-03,0,15,31,3,-11,-6
UA,Ukraine,,,,,,ChIJjw5wVMHZ0UAREED2iIQGAQA,2021-10-04,-1,16,13,-1,-16,-3
UA,Ukraine,,,,,,ChIJjw5wVMHZ0UAREED2iIQGAQA,2021-10-05,-2,16,9,-2,-16,-3
UA,Ukraine,,,,,,ChIJjw5wVMHZ0UAREED2iIQGAQA,2021-10-06,1,18,10,0,-16,-4
UA,Ukraine,,,,,,ChIJjw5wVMHZ0UAREED2iIQGAQA,2021-10-07,0,18,11,1,-16,-3
UA,Ukraine,,,,,,ChIJjw5wVMHZ0UAREED2iIQGAQA,2021-10-08,-2,18,4,-1,-17,-3
UA,Ukraine,,,,,,ChIJjw5wVMHZ0UAREED2iIQGAQA,2021-10-09,0,15,19,1,-15,-5
UA,Ukraine,,,,,,ChIJjw5wVMHZ0UAREED2iIQGAQA,2021-10-10,0,15,20,0,-12,-5
UA,Ukraine,,,,,,ChIJjw5wVMHZ0UAREED2iIQGAQA,2021-10-11,0,16,14,-1,-16,-2
UA,Ukraine,,,,,,ChIJjw5wVMHZ0UAREED2iIQGAQA,2021-10-12,0,17,8,-1,-16,-3
UA,Ukraine,,,,,,ChIJjw5wVMHZ0UAREED2iIQGAQA,2021-10-13,5,23,10,4,-18,-4
UA,Ukraine,,,,,,ChIJjw5wVMHZ0UAREED2iIQGAQA,2021-10-14,6,18,36,-11,-62,5
UA,Ukraine,,,,,,ChIJjw5wVMHZ0UAREED2iIQGAQA,2021-10-15,-6,8,24,-14,-53,5
UA,Ukraine,,,,,,ChIJjw5wVMHZ0UAREED2iIQGAQA,2021-10-16,-7,7,25,-5,-20,-4
UA,Ukraine,,,,,,ChIJjw5wVMHZ0UAREED2iIQGAQA,2021-10-17,-5,11,19,0,-13,-5
UA,Ukraine,,,,,,ChIJjw5wVMHZ0UAREED2iIQGAQA,2021-10-18,-4,15,10,-2,-21,-1
UA,Ukraine,,,,,,ChIJjw5wVMHZ0UAREED2iIQGAQA,2021-10-19,-4,15,6,-4,-22,-1
UA,Ukraine,,,,,,ChIJjw5wVMHZ0UAREED2iIQGAQA,2021-10-20,-2,18,15,-1,-22,-2
UA,Ukraine,,,,,,ChIJjw5wVMHZ0UAREED2iIQGAQA,2021-10-21,-4,16,18,-2,-23,-1
UA,Ukraine,,,,,,ChIJjw5wVMHZ0UAREED2iIQGAQA,2021-10-22,-6,15,15,-3,-22,0
UA,Ukraine,,,,,,ChIJjw5wVMHZ0UAREED2iIQGAQA,2021-10-23,-7,14,15,1,26,-6
UA,Ukraine,,,,,,ChIJjw5wVMHZ0UAREED2iIQGAQA,2021-10-24,-9,11,5,-8,-15,-2
UA,Ukraine,,,,,,ChIJjw5wVMHZ0UAREED2iIQGAQA,2021-10-25,-5,14,9,-7,-25,1
UA,Ukraine,,,,,,ChIJjw5wVMHZ0UAREED2iIQGAQA,2021-10-26,-6,13,6,-7,-25,0
UA,Ukraine,,,,,,ChIJjw5wVMHZ0UAREED2iIQGAQA,2021-10-27,-4,15,12,-5,-25,0
UA,Ukraine,,,,,,ChIJjw5wVMHZ0UAREED2iIQGAQA,2021-10-28,-5,14,15,-4,-26,0
UA,Ukraine,,,,,,ChIJjw5wVMHZ0UAREED2iIQGAQA,2021-10-29,-6,16,10,-4,-25,0
UA,Ukraine,,,,,,ChIJjw5wVMHZ0UAREED2iIQGAQA,2021-10-30,-9,13,20,-4,-16,-4
UA,Ukraine,,,,,,ChIJjw5wVMHZ0UAREED2iIQGAQA,2021-10-31,-6,15,25,-3,-13,-4
UA,Ukraine,,,,,,ChIJjw5wVMHZ0UAREED2iIQGAQA,2021-11-01,-12,11,7,-10,-26,1
UA,Ukraine,,,,,,ChIJjw5wVMHZ0UAREED2iIQGAQA,2021-11-02,-15,8,-8,-14,-26,2
UA,Ukraine,,,,,,ChIJjw5wVMHZ0UAREED2iIQGAQA,2021-11-03,-11,14,4,-10,-26,1
UA,Ukraine,,,,,,ChIJjw5wVMHZ0UAREED2iIQGAQA,2021-11-04,-11,13,8,-9,-27,1
UA,Ukraine,,,,,,ChIJjw5wVMHZ0UAREED2iIQGAQA,2021-11-05,-12,15,4,-9,-25,2
UA,Ukraine,,,,,,ChIJjw5wVMHZ0UAREED2iIQGAQA,2021-11-06,-10,15,12,-7,-17,-2
UA,Ukraine,,,,,,ChIJjw5wVMHZ0UAREED2iIQGAQA,2021-11-07,-13,12,9,-9,-16,-2
UA,Ukraine,,,,,,ChIJjw5wVMHZ0UAREED2iIQGAQA,2021-11-08,-11,12,0,-10,-24,1
UA,Ukraine,,,,,,ChIJjw5wVMHZ0UAREED2iIQGAQA,2021-11-09,-12,10,-8,-12,-23,1
UA,Ukraine,,,,,,ChIJjw5wVMHZ0UAREED2iIQGAQA,2021-11-10,-8,14,1,-9,-23,0
UA,Ukraine,,,,,,ChIJjw5wVMHZ0UAREED2iIQGAQA,2021-11-11,-10,12,2,-9,-23,0
UA,Ukraine,,,,,,ChIJjw5wVMHZ0UAREED2iIQGAQA,2021-11-12,-13,12,-3,-10,-22,1
UA,Ukraine,,,,,,ChIJjw5wVMHZ0UAREED2iIQGAQA,2021-11-13,-11,13,9,-7,-15,-2
UA,Ukraine,,,,,,ChIJjw5wVMHZ0UAREED2iIQGAQA,2021-11-14,-13,10,3,-10,-16,-2
UA,Ukraine,,,,,,ChIJjw5wVMHZ0UAREED2iIQGAQA,2021-11-15,-11,11,-4,-11,-21,1
UA,Ukraine,,,,,,ChIJjw5wVMHZ0UAREED2iIQGAQA,2021-11-16,-10,12,-7,-11,-20,0
UA,Ukraine,,,,,,ChIJjw5wVMHZ0UAREED2iIQGAQA,2021-11-17,-8,14,-1,-8,-20,0
UA,Ukraine,,,,,,ChIJjw5wVMHZ0UAREED2iIQGAQA,2021-11-18,-11,11,-2,-9,-21,0
UA,Ukraine,,,,,,ChIJjw5wVMHZ0UAREED2iIQGAQA,2021-11-19,-13,12,-12,-11,-20,1
UA,Ukraine,,,,,,ChIJjw5wVMHZ0UAREED2iIQGAQA,2021-11-20,-10,12,-2,-9,-16,-1
UA,Ukraine,,,,,,ChIJjw5wVMHZ0UAREED2iIQGAQA,2021-11-21,-11,11,2,-9,-15,-2
UA,Ukraine,,,,,,ChIJjw5wVMHZ0UAREED2iIQGAQA,2021-11-22,-8,12,0,-7,-17,-1
UA,Ukraine,,,,,,ChIJjw5wVMHZ0UAREED2iIQGAQA,2021-11-23,-8,12,-8,-9,-16,-1
UA,Ukraine,,,,,,ChIJjw5wVMHZ0UAREED2iIQGAQA,2021-11-24,-6,15,-2,-6,-16,-1
UA,Ukraine,,,,,,ChIJjw5wVMHZ0UAREED2iIQGAQA,2021-11-25,-7,13,-1,-6,-16,-1
UA,Ukraine,,,,,,ChIJjw5wVMHZ0UAREED2iIQGAQA,2021-11-26,-6,15,-7,-6,-15,-1
UA,Ukraine,,,,,,ChIJjw5wVMHZ0UAREED2iIQGAQA,2021-11-27,-7,11,0,-8,-14,-1
UA,Ukraine,,,,,,ChIJjw5wVMHZ0UAREED2iIQGAQA,2021-11-28,-10,9,-7,-10,-14,-1
UA,Ukraine,,,,,,ChIJjw5wVMHZ0UAREED2iIQGAQA,2021-11-29,-12,7,-11,-9,-15,0
UA,Ukraine,,,,,,ChIJjw5wVMHZ0UAREED2iIQGAQA,2021-11-30,-9,12,-10,-9,-14,-1
UA,Ukraine,,,,,,ChIJjw5wVMHZ0UAREED2iIQGAQA,2021-12-01,-7,14,-6,-6,-15,-1
UA,Ukraine,,,,,,ChIJjw5wVMHZ0UAREED2iIQGAQA,2021-12-02,-9,12,-2,-5,-15,-1
UA,Ukraine,,,,,,ChIJjw5wVMHZ0UAREED2iIQGAQA,2021-12-03,-11,12,-9,-7,-14,0
UA,Ukraine,,,,,,ChIJjw5wVMHZ0UAREED2iIQGAQA,2021-12-04,-8,11,-5,-9,-17,-1
UA,Ukraine,,,,,,ChIJjw5wVMHZ0UAREED2iIQGAQA,2021-12-05,-13,7,-12,-12,-14,0
UA,Ukraine,,,,,,ChIJjw5wVMHZ0UAREED2iIQGAQA,2021-12-06,-9,10,-7,-8,-14,0
UA,Ukraine,,,,,,ChIJjw5wVMHZ0UAREED2iIQGAQA,2021-12-07,-8,13,-12,-8,-13,-1
UA,Ukraine,,,,,,ChIJjw5wVMHZ0UAREED2iIQGAQA,2021-12-08,-6,15,-9,-6,-12,-1
UA,Ukraine,,,,,,ChIJjw5wVMHZ0UAREED2iIQGAQA,2021-12-09,-7,14,-6,-6,-11,-1
UA,Ukraine,,,,,,ChIJjw5wVMHZ0UAREED2iIQGAQA,2021-12-10,-9,14,-12,-6,-10,-1
UA,Ukraine,,,,,,ChIJjw5wVMHZ0UAREED2iIQGAQA,2021-12-11,-7,12,-9,-9,-10,-1
UA,Ukraine,,,,,,ChIJjw5wVMHZ0UAREED2iIQGAQA,2021-12-12,-10,9,-19,-12,-10,0
UA,Ukraine,,,,,,ChIJjw5wVMHZ0UAREED2iIQGAQA,2021-12-13,-7,12,-12,-8,-11,0
UA,Ukraine,,,,,,ChIJjw5wVMHZ0UAREED2iIQGAQA,2021-12-14,-6,14,-11,-7,-10,-1
UA,Ukraine,,,,,,ChIJjw5wVMHZ0UAREED2iIQGAQA,2021-12-15,-1,18,-6,-4,-10,-2
UA,Ukraine,,,,,,ChIJjw5wVMHZ0UAREED2iIQGAQA,2021-12-16,-2,17,-5,-3,-10,-2
UA,Ukraine,,,,,,ChIJjw5wVMHZ0UAREED2iIQGAQA,2021-12-17,-3,17,-10,-4,-9,-1
UA,Ukraine,,,,,,ChIJjw5wVMHZ0UAREED2iIQGAQA,2021-12-18,4,22,-1,-2,-7,-3
UA,Ukraine,,,,,,ChIJjw5wVMHZ0UAREED2iIQGAQA,2021-12-19,-3,11,-5,-9,-9,-1
UA,Ukraine,,,,,,ChIJjw5wVMHZ0UAREED2iIQGAQA,2021-12-20,-2,14,-1,-5,-10,-1
UA,Ukraine,,,,,,ChIJjw5wVMHZ0UAREED2iIQGAQA,2021-12-21,-3,13,-9,-7,-10,-1
UA,Ukraine,,,,,,ChIJjw5wVMHZ0UAREED2iIQGAQA,2021-12-22,1,16,-7,-5,-12,-1
UA,Ukraine,,,,,,ChIJjw5wVMHZ0UAREED2iIQGAQA,2021-12-23,0,15,-5,-5,-12,-1
UA,Ukraine,,,,,,ChIJjw5wVMHZ0UAREED2iIQGAQA,2021-12-24,-1,15,-5,-3,-12,0
UA,Ukraine,,,,,,ChIJjw5wVMHZ0UAREED2iIQGAQA,2021-12-25,1,16,6,-3,-17,-2
UA,Ukraine,,,,,,ChIJjw5wVMHZ0UAREED2iIQGAQA,2021-12-26,4,16,9,-4,-7,-2
UA,Ukraine,,,,,,ChIJjw5wVMHZ0UAREED2iIQGAQA,2021-12-27,6,14,4,-17,-54,8
UA,Ukraine,,,,,,ChIJjw5wVMHZ0UAREED2iIQGAQA,2021-12-28,3,16,-5,-5,-19,0
UA,Ukraine,,,,,,ChIJjw5wVMHZ0UAREED2iIQGAQA,2021-12-29,14,32,6,3,-21,-1
UA,Ukraine,,,,,,ChIJjw5wVMHZ0UAREED2iIQGAQA,2021-12-30,21,46,14,7,-27,-1
UA,Ukraine,,,Kiev Metropolitan Area,,,ChIJzYwQhKf_1EAR5PjP6COXiNw,2021-01-01,-54,-49,32,-63,-88,24
UA,Ukraine,,,Kiev Metropolitan Area,,,ChIJzYwQhKf_1EAR5PjP6COXiNw,2021-01-02,-29,-25,40,-32,-40,5
UA,Ukraine,,,Kiev Metropolitan Area,,,ChIJzYwQhKf_1EAR5PjP6COXiNw,2021-01-03,-26,-18,0,-26,-14,1
UA,Ukraine,,,Kiev Metropolitan Area,,,ChIJzYwQhKf_1EAR5PjP6COXiNw,2021-01-04,-19,-9,-11,-29,-41,11
UA,Ukraine,,,Kiev Metropolitan Area,,,ChIJzYwQhKf_1EAR5PjP6COXiNw,2021-01-05,-18,-5,-24,-29,-40,10
UA,Ukraine,,,Kiev Metropolitan Area,,,ChIJzYwQhKf_1EAR5PjP6COXiNw,2021-01-06,-24,1,-14,-30,-46,9
UA,Ukraine,,,Kiev Metropolitan Area,,,ChIJzYwQhKf_1EAR5PjP6COXiNw,2021-01-07,-40,-35,-33,-58,-84,20
UA,Ukraine,,,Kiev Metropolitan Area,,,ChIJzYwQhKf_1EAR5PjP6COXiNw,2021-01-08,-56,-26,-12,-55,-73,20
UA,Ukraine,,,Kiev Metropolitan Area,,,ChIJzYwQhKf_1EAR5PjP6COXiNw,2021-01-09,-57,-23,-5,-42,-32,5
UA,Ukraine,,,Kiev Metropolitan Area,,,ChIJzYwQhKf_1EAR5PjP6COXiNw,2021-01-10,-55,-18,-9,-36,-21,2
UA,Ukraine,,,Kiev Metropolitan Area,,,ChIJzYwQhKf_1EAR5PjP6COXiNw,2021-01-11,-45,-9,-14,-33,-34,11
UA,Ukraine,,,Kiev Metropolitan Area,,,ChIJzYwQhKf_1EAR5PjP6COXiNw,2021-01-12,-46,-10,-24,-35,-35,11
UA,Ukraine,,,Kiev Metropolitan Area,,,ChIJzYwQhKf_1EAR5PjP6COXiNw,2021-01-13,-46,-8,-12,-36,-35,9
UA,Ukraine,,,Kiev Metropolitan Area,,,ChIJzYwQhKf_1EAR5PjP6COXiNw,2021-01-14,-48,-15,-3,-36,-38,8
UA,Ukraine,,,Kiev Metropolitan Area,,,ChIJzYwQhKf_1EAR5PjP6COXiNw,2021-01-15,-52,-18,-20,-40,-39,10
UA,Ukraine,,,Kiev Metropolitan Area,,,ChIJzYwQhKf_1EAR5PjP6COXiNw,2021-01-16,-58,-21,-32,-41,17,3
UA,Ukraine,,,Kiev Metropolitan Area,,,ChIJzYwQhKf_1EAR5PjP6COXiNw,2021-01-17,-60,-24,-27,-48,-28,5
UA,Ukraine,,,Kiev Metropolitan Area,,,ChIJzYwQhKf_1EAR5PjP6COXiNw,2021-01-18,-52,-20,-36,-42,-39,12
UA,Ukraine,,,Kiev Metropolitan Area,,,ChIJzYwQhKf_1EAR5PjP6COXiNw,2021-01-19,-52,-21,-24,-43,-40,12
UA,Ukraine,,,Kiev Metropolitan Area,,,ChIJzYwQhKf_1EAR5PjP6COXiNw,2021-01-20,-51,-18,-27,-41,-38,11
UA,Ukraine,,,Kiev Metropolitan Area,,,ChIJzYwQhKf_1EAR5PjP6COXiNw,2021-01-21,-46,-13,-18,-35,-37,10
UA,Ukraine,,,Kiev Metropolitan Area,,,ChIJzYwQhKf_1EAR5PjP6COXiNw,2021-01-22,-46,-11,-19,-35,-36,9
UA,Ukraine,,,Kiev Metropolitan Area,,,ChIJzYwQhKf_1EAR5PjP6COXiNw,2021-01-23,-50,-12,-4,-34,-23,3
UA,Ukraine,,,Kiev Metropolitan Area,,,ChIJzYwQhKf_1EAR5PjP6COXiNw,2021-01-24,-55,-17,-29,-38,-21,3
UA,Ukraine,,,Kiev Metropolitan Area,,,ChIJzYwQhKf_1EAR5PjP6COXiNw,2021-01-25,-20,-8,-27,-25,-23,5
UA,Ukraine,,,Kiev Metropolitan Area,,,ChIJzYwQhKf_1EAR5PjP6COXiNw,2021-01-26,-23,-9,-32,-27,-23,5
UA,Ukraine,,,Kiev Metropolitan Area,,,ChIJzYwQhKf_1EAR5PjP6COXiNw,2021-01-27,-23,-6,-14,-26,-22,4
UA,Ukraine,,,Kiev Metropolitan Area,,,ChIJzYwQhKf_1EAR5PjP6COXiNw,2021-01-28,-25,-7,-21,-25,-23,4
UA,Ukraine,,,Kiev Metropolitan Area,,,ChIJzYwQhKf_1EAR5PjP6COXiNw,2021-01-29,-23,-4,-17,-23,-23,4
UA,Ukraine,,,Kiev Metropolitan Area,,,ChIJzYwQhKf_1EAR5PjP6COXiNw,2021-01-30,-21,-4,-7,-21,-13,1
UA,Ukraine,,,Kiev Metropolitan Area,,,ChIJzYwQhKf_1EAR5PjP6COXiNw,2021-01-31,-21,-4,-2,-21,-8,0
UA,Ukraine,,,Kiev Metropolitan Area,,,ChIJzYwQhKf_1EAR5PjP6COXiNw,2021-02-01,-24,-6,-26,-23,-22,5
UA,Ukraine,,,Kiev Metropolitan Area,,,ChIJzYwQhKf_1EAR5PjP6COXiNw,2021-02-02,-23,-5,-28,-23,-22,4
UA,Ukraine,,,Kiev Metropolitan Area,,,ChIJzYwQhKf_1EAR5PjP6COXiNw,2021-02-03,-24,-6,-17,-23,-22,4
UA,Ukraine,,,Kiev Metropolitan Area,,,ChIJzYwQhKf_1EAR5PjP6COXiNw,2021-02-04,-24,-8,-28,-23,-23,4
UA,Ukraine,,,Kiev Metropolitan Area,,,ChIJzYwQhKf_1EAR5PjP6COXiNw,2021-02-05,-23,-5,-32,-27,-25,5
UA,Ukraine,,,Kiev Metropolitan Area,,,ChIJzYwQhKf_1EAR5PjP6COXiNw,2021-02-06,-21,-6,-27,-24,-13,1
UA,Ukraine,,,Kiev Metropolitan Area,,,ChIJzYwQhKf_1EAR5PjP6COXiNw,2021-02-07,-27,-12,-44,-31,-12,1
UA,Ukraine,,,Kiev Metropolitan Area,,,ChIJzYwQhKf_1EAR5PjP6COXiNw,2021-02-08,-32,-12,-35,-21,-25,6
UA,Ukraine,,,Kiev Metropolitan Area,,,ChIJzYwQhKf_1EAR5PjP6COXiNw,2021-02-09,-31,-10,-33,-22,-28,9
UA,Ukraine,,,Kiev Metropolitan Area,,,ChIJzYwQhKf_1EAR5PjP6COXiNw,2021-02-10,-29,-7,-24,-21,-26,7
UA,Ukraine,,,Kiev Metropolitan Area,,,ChIJzYwQhKf_1EAR5PjP6COXiNw,2021-02-11,-29,-8,-34,-24,-32,9
UA,Ukraine,,,Kiev Metropolitan Area,,,ChIJzYwQhKf_1EAR5PjP6COXiNw,2021-02-12,-30,-10,-41,-29,-35,11
UA,Ukraine,,,Kiev Metropolitan Area,,,ChIJzYwQhKf_1EAR5PjP6COXiNw,2021-02-13,-28,-10,-44,-29,-17,4
UA,Ukraine,,,Kiev Metropolitan Area,,,ChIJzYwQhKf_1EAR5PjP6COXiNw,2021-02-14,-17,-6,-26,-22,-11,3
UA,Ukraine,,,Kiev Metropolitan Area,,,ChIJzYwQhKf_1EAR5PjP6COXiNw,2021-02-15,-25,-5,-30,-20,-24,6
UA,Ukraine,,,Kiev Metropolitan Area,,,ChIJzYwQhKf_1EAR5PjP6COXiNw,2021-02-16,-26,-6,-36,-21,-24,6
UA,Ukraine,,,Kiev Metropolitan Area,,,ChIJzYwQhKf_1EAR5PjP6COXiNw,2021-02-17,-25,-5,-29,-21,-23,6
UA,Ukraine,,,Kiev Metropolitan Area,,,ChIJzYwQhKf_1EAR5PjP6COXiNw,2021-02-18,-25,-6,-34,-21,-23,6
UA,Ukraine,,,Kiev Metropolitan Area,,,ChIJzYwQhKf_1EAR5PjP6COXiNw,2021-02-19,-24,-4,-30,-22,-24,6
UA,Ukraine,,,Kiev Metropolitan Area,,,ChIJzYwQhKf_1EAR5PjP6COXiNw,2021-02-20,-22,-3,-26,-22,-14,2
UA,Ukraine,,,Kiev Metropolitan Area,,,ChIJzYwQhKf_1EAR5PjP6COXiNw,2021-02-21,-22,-5,-20,-18,-10,1
UA,Ukraine,,,Kiev Metropolitan Area,,,ChIJzYwQhKf_1EAR5PjP6COXiNw,2021-02-22,-19,0,-17,-15,-21,4
UA,Ukraine,,,Kiev Metropolitan Area,,,ChIJzYwQhKf_1EAR5PjP6COXiNw,2021-02-23,-22,-3,-33,-19,-21,5
UA,Ukraine,,,Kiev Metropolitan Area,,,ChIJzYwQhKf_1EAR5PjP6COXiNw,2021-02-24,-22,-2,-20,-18,-21,5
UA,Ukraine,,,Kiev Metropolitan Area,,,ChIJzYwQhKf_1EAR5PjP6COXiNw,2021-02-25,-17,0,-11,-14,-21,3
UA,Ukraine,,,Kiev Metropolitan Area,,,ChIJzYwQhKf_1EAR5PjP6COXiNw,2021-02-26,-15,3,-7,-15,-20,3
UA,Ukraine,,,Kiev Metropolitan Area,,,ChIJzYwQhKf_1EAR5PjP6COXiNw,2021-02-27,-15,-1,-24,-16,-11,0
UA,Ukraine,,,Kiev Metropolitan Area,,,ChIJzYwQhKf_1EAR5PjP6COXiNw,2021-02-28,-15,-2,-29,-16,-8,0
UA,Ukraine,,,Kiev Metropolitan Area,,,ChIJzYwQhKf_1EAR5PjP6COXiNw,2021-03-01,-19,-1,-26,-17,-20,5
UA,Ukraine,,,Kiev Metropolitan Area,,,ChIJzYwQhKf_1EAR5PjP6COXiNw,2021-03-02,-19,-2,-35,-20,-21,5
UA,Ukraine,,,Kiev Metropolitan Area,,,ChIJzYwQhKf_1EAR5PjP6COXiNw,2021-03-03,-13,4,-2,-13,-21,3
UA,Ukraine,,,Kiev Metropolitan Area,,,ChIJzYwQhKf_1EAR5PjP6COXiNw,2021-03-04,-11,5,-12,-12,-21,3
UA,Ukraine,,,Kiev Metropolitan Area,,,ChIJzYwQhKf_1EAR5PjP6COXiNw,2021-03-05,-11,5,-20,-14,-20,3
UA,Ukraine,,,Kiev Metropolitan Area,,,ChIJzYwQhKf_1EAR5PjP6COXiNw,2021-03-06,-10,4,-14,-11,-11,-2
UA,Ukraine,,,Kiev Metropolitan Area,,,ChIJzYwQhKf_1EAR5PjP6COXiNw,2021-03-07,-11,1,-34,-16,-7,-1
UA,Ukraine,,,Kiev Metropolitan Area,,,ChIJzYwQhKf_1EAR5PjP6COXiNw,2021-03-08,-2,0,-16,-35,-77,15
UA,Ukraine,,,Kiev Metropolitan Area,,,ChIJzYwQhKf_1EAR5PjP6COXiNw,2021-03-09,-26,-8,-37,-23,-22,5
UA,Ukraine,,,Kiev Metropolitan Area,,,ChIJzYwQhKf_1EAR5PjP6COXiNw,2021-03-10,-20,0,-14,-18,-22,4
UA,Ukraine,,,Kiev Metropolitan Area,,,ChIJzYwQhKf_1EAR5PjP6COXiNw,2021-03-11,-19,0,-19,-18,-22,4
UA,Ukraine,,,Kiev Metropolitan Area,,,ChIJzYwQhKf_1EAR5PjP6COXiNw,2021-03-12,-27,-5,-37,-25,-23,6
UA,Ukraine,,,Kiev Metropolitan Area,,,ChIJzYwQhKf_1EAR5PjP6COXiNw,2021-03-13,-18,1,-8,-17,-12,2
UA,Ukraine,,,Kiev Metropolitan Area,,,ChIJzYwQhKf_1EAR5PjP6COXiNw,2021-03-14,-20,-3,-19,-18,-9,1
UA,Ukraine,,,Kiev Metropolitan Area,,,ChIJzYwQhKf_1EAR5PjP6COXiNw,2021-03-15,-23,-1,-29,-21,-22,6
UA,Ukraine,,,Kiev Metropolitan Area,,,ChIJzYwQhKf_1EAR5PjP6COXiNw,2021-03-16,-18,3,-16,-18,-22,5
UA,Ukraine,,,Kiev Metropolitan Area,,,ChIJzYwQhKf_1EAR5PjP6COXiNw,2021-03-17,-20,2,-13,-19,-23,5
UA,Ukraine,,,Kiev Metropolitan Area,,,ChIJzYwQhKf_1EAR5PjP6COXiNw,2021-03-18,-15,3,-18,-17,-27,6
UA,Ukraine,,,Kiev Metropolitan Area,,,ChIJzYwQhKf_1EAR5PjP6COXiNw,2021-03-19,-7,7,-14,-15,-27,5
UA,Ukraine,,,Kiev Metropolitan Area,,,ChIJzYwQhKf_1EAR5PjP6COXiNw,2021-03-20,-38,1,0,-22,-17,2
UA,Ukraine,,,Kiev Metropolitan Area,,,ChIJzYwQhKf_1EAR5PjP6COXiNw,2021-03-21,-44,-4,-4,-26,-18,2
UA,Ukraine,,,Kiev Metropolitan Area,,,ChIJzYwQhKf_1EAR5PjP6COXiNw,2021-03-22,-39,-2,-21,-26,-34,10
UA,Ukraine,,,Kiev Metropolitan Area,,,ChIJzYwQhKf_1EAR5PjP6COXiNw,2021-03-23,-41,-4,-27,-29,-35,10
UA,Ukraine,,,Kiev Metropolitan Area,,,ChIJzYwQhKf_1EAR5PjP6COXiNw,2021-03-24,-39,0,-5,-26,-35,9
UA,Ukraine,,,Kiev Metropolitan Area,,,ChIJzYwQhKf_1EAR5PjP6COXiNw,2021-03-25,-38,0,0,-25,-36,9
UA,Ukraine,,,Kiev Metropolitan Area,,,ChIJzYwQhKf_1EAR5PjP6COXiNw,2021-03-26,-37,2,12,-26,-36,8
UA,Ukraine,,,Kiev Metropolitan Area,,,ChIJzYwQhKf_1EAR5PjP6COXiNw,2021-03-27,-40,0,44,-20,-21,0
UA,Ukraine,,,Kiev Metropolitan Area,,,ChIJzYwQhKf_1EAR5PjP6COXiNw,2021-03-28,-41,-1,36,-20,-17,-2
UA,Ukraine,,,Kiev Metropolitan Area,,,ChIJzYwQhKf_1EAR5PjP6COXiNw,2021-03-29,-37,0,-1,-27,-33,9
UA,Ukraine,,,Kiev Metropolitan Area,,,ChIJzYwQhKf_1EAR5PjP6COXiNw,2021-03-30,-34,2,10,-25,-33,8
UA,Ukraine,,,Kiev Metropolitan Area,,,ChIJzYwQhKf_1EAR5PjP6COXiNw,2021-03-31,-35,4,10,-24,-33,8
UA,Ukraine,,,Kiev Metropolitan Area,,,ChIJzYwQhKf_1EAR5PjP6COXiNw,2021-04-01,-28,8,44,-18,-32,5
UA,Ukraine,,,Kiev Metropolitan Area,,,ChIJzYwQhKf_1EAR5PjP6COXiNw,2021-04-02,-38,1,-20,-27,-33,8
UA,Ukraine,,,Kiev Metropolitan Area,,,ChIJzYwQhKf_1EAR5PjP6COXiNw,2021-04-03,-37,4,32,-18,-19,-1
UA,Ukraine,,,Kiev Metropolitan Area,,,ChIJzYwQhKf_1EAR5PjP6COXiNw,2021-04-04,-43,-2,-2,-21,-16,-1
UA,Ukraine,,,Kiev Metropolitan Area,,,ChIJzYwQhKf_1EAR5PjP6COXiNw,2021-04-05,-40,0,4,-40,-41,11
UA,Ukraine,,,Kiev Metropolitan Area,,,ChIJzYwQhKf_1EAR5PjP6COXiNw,2021-04-06,-40,0,-2,-41,-41,11
UA,Ukraine,,,Kiev Metropolitan Area,,,ChIJzYwQhKf_1EAR5PjP6COXiNw,2021-04-07,-46,-6,-34,-46,-44,13
UA,Ukraine,,,Kiev Metropolitan Area,,,ChIJzYwQhKf_1EAR5PjP6COXiNw,2021-04-08,-39,2,-3,-39,-42,11
UA,Ukraine,,,Kiev Metropolitan Area,,,ChIJzYwQhKf_1EAR5PjP6COXiNw,2021-04-09,-38,3,8,-38,-41,9
UA,Ukraine,,,Kiev Metropolitan Area,,,ChIJzYwQhKf_1EAR5PjP6COXiNw,2021-04-10,-39,2,39,-32,-22,-2
UA,Ukraine,,,Kiev Metropolitan Area,,,ChIJzYwQhKf_1EAR5PjP6COXiNw,2021-04-11,-38,2,53,-27,-17,-4
UA,Ukraine,,,Kiev Metropolitan Area,,,ChIJzYwQhKf_1EAR5PjP6COXiNw,2021-04-12,-39,-2,-3,-38,-40,10
UA,Ukraine,,,Kiev Metropolitan Area,,,ChIJzYwQhKf_1EAR5PjP6COXiNw,2021-04-13,-40,-3,-15,-39,-40,11
UA,Ukraine,,,Kiev Metropolitan Area,,,ChIJzYwQhKf_1EAR5PjP6COXiNw,2021-04-14,-36,2,24,-35,-40,9
UA,Ukraine,,,Kiev Metropolitan Area,,,ChIJzYwQhKf_1EAR5PjP6COXiNw,2021-04-15,-36,2,6,-34,-39,8
UA,Ukraine,,,Kiev Metropolitan Area,,,ChIJzYwQhKf_1EAR5PjP6COXiNw,2021-04-16,-41,-2,-28,-38,-39,9
UA,Ukraine,,,Kiev Metropolitan Area,,,ChIJzYwQhKf_1EAR5PjP6COXiNw,2021-04-17,-44,-2,-18,-37,-22,2
UA,Ukraine,,,Kiev Metropolitan Area,,,ChIJzYwQhKf_1EAR5PjP6COXiNw,2021-04-18,-43,-1,4,-32,-17,-1
UA,Ukraine,,,Kiev Metropolitan Area,,,ChIJzYwQhKf_1EAR5PjP6COXiNw,2021-04-19,-34,2,13,-32,-37,8
UA,Ukraine,,,Kiev Metropolitan Area,,,ChIJzYwQhKf_1EAR5PjP6COXiNw,2021-04-20,-35,2,-3,-33,-37,9
UA,Ukraine,,,Kiev Metropolitan Area,,,ChIJzYwQhKf_1EAR5PjP6COXiNw,2021-04-21,-34,5,19,-31,-37,8
UA,Ukraine,,,Kiev Metropolitan Area,,,ChIJzYwQhKf_1EAR5PjP6COXiNw,2021-04-22,-35,3,4,-31,-37,7
UA,Ukraine,,,Kiev Metropolitan Area,,,ChIJzYwQhKf_1EAR5PjP6COXiNw,2021-04-23,-35,5,5,-32,-37,7
UA,Ukraine,,,Kiev Metropolitan Area,,,ChIJzYwQhKf_1EAR5PjP6COXiNw,2021-04-24,-40,1,5,-30,-19,-1
UA,Ukraine,,,Kiev Metropolitan Area,,,ChIJzYwQhKf_1EAR5PjP6COXiNw,2021-04-25,-40,1,5,-28,-16,-2
UA,Ukraine,,,Kiev Metropolitan Area,,,ChIJzYwQhKf_1EAR5PjP6COXiNw,2021-04-26,-35,1,-2,-34,-36,9
UA,Ukraine,,,Kiev Metropolitan Area,,,ChIJzYwQhKf_1EAR5PjP6COXiNw,2021-04-27,-34,1,-5,-32,-36,8
UA,Ukraine,,,Kiev Metropolitan Area,,,ChIJzYwQhKf_1EAR5PjP6COXiNw,2021-04-28,-29,9,35,-26,-36,5
UA,Ukraine,,,Kiev Metropolitan Area,,,ChIJzYwQhKf_1EAR5PjP6COXiNw,2021-04-29,-30,9,23,-25,-36,5
UA,Ukraine,,,Kiev Metropolitan Area,,,ChIJzYwQhKf_1EAR5PjP6COXiNw,2021-04-30,-30,12,6,-25,-37,5
UA,Ukraine,,,Kiev Metropolitan Area,,,ChIJzYwQhKf_1EAR5PjP6COXiNw,2021-05-01,-31,2,23,-20,-28,-6
UA,Ukraine,,,Kiev Metropolitan Area,,,ChIJzYwQhKf_1EAR5PjP6COXiNw,2021-05-02,-55,-33,17,-38,-40,-4
UA,Ukraine,,,Kiev Metropolitan Area,,,ChIJzYwQhKf_1EAR5PjP6COXiNw,2021-05-03,-27,-19,23,-45,-81,9
UA,Ukraine,,,Kiev Metropolitan Area,,,ChIJzYwQhKf_1EAR5PjP6COXiNw,2021-05-04,-22,-8,1,-36,-70,7
UA,Ukraine,,,Kiev Metropolitan Area,,,ChIJzYwQhKf_1EAR5PjP6COXiNw,2021-05-05,-16,4,35,-15,-27,0
UA,Ukraine,,,Kiev Metropolitan Area,,,ChIJzYwQhKf_1EAR5PjP6COXiNw,2021-05-06,-16,4,13,-16,-27,1
UA,Ukraine,,,Kiev Metropolitan Area,,,ChIJzYwQhKf_1EAR5PjP6COXiNw,2021-05-07,-18,4,-2,-17,-27,0
UA,Ukraine,,,Kiev Metropolitan Area,,,ChIJzYwQhKf_1EAR5PjP6COXiNw,2021-05-08,-26,-4,-18,-22,-17,-4
UA,Ukraine,,,Kiev Metropolitan Area,,,ChIJzYwQhKf_1EAR5PjP6COXiNw,2021-05-09,-18,-1,51,-6,-12,-10
UA,Ukraine,,,Kiev Metropolitan Area,,,ChIJzYwQhKf_1EAR5PjP6COXiNw,2021-05-10,-4,7,92,-23,-71,4
UA,Ukraine,,,Kiev Metropolitan Area,,,ChIJzYwQhKf_1EAR5PjP6COXiNw,2021-05-11,-11,9,32,-7,-19,-1
UA,Ukraine,,,Kiev Metropolitan Area,,,ChIJzYwQhKf_1EAR5PjP6COXiNw,2021-05-12,-10,12,30,-5,-20,-1
UA,Ukraine,,,Kiev Metropolitan Area,,,ChIJzYwQhKf_1EAR5PjP6COXiNw,2021-05-13,-9,10,17,-6,-19,0
UA,Ukraine,,,Kiev Metropolitan Area,,,ChIJzYwQhKf_1EAR5PjP6COXiNw,2021-05-14,-6,14,38,-5,-18,-2
UA,Ukraine,,,Kiev Metropolitan Area,,,ChIJzYwQhKf_1EAR5PjP6COXiNw,2021-05-15,-5,11,51,3,-9,-7
UA,Ukraine,,,Kiev Metropolitan Area,,,ChIJzYwQhKf_1EAR5PjP6COXiNw,2021-05-16,2,15,77,12,-2,-10
UA,Ukraine,,,Kiev Metropolitan Area,,,ChIJzYwQhKf_1EAR5PjP6COXiNw,2021-05-17,-10,10,6,-7,-18,1
UA,Ukraine,,,Kiev Metropolitan Area,,,ChIJzYwQhKf_1EAR5PjP6COXiNw,2021-05-18,-10,10,-2,-7,-18,1
UA,Ukraine,,,Kiev Metropolitan Area,,,ChIJzYwQhKf_1EAR5PjP6COXiNw,2021-05-19,-8,13,12,-6,-18,0
UA,Ukraine,,,Kiev Metropolitan Area,,,ChIJzYwQhKf_1EAR5PjP6COXiNw,2021-05-20,-4,16,27,-6,-18,-1
UA,Ukraine,,,Kiev Metropolitan Area,,,ChIJzYwQhKf_1EAR5PjP6COXiNw,2021-05-21,-2,18,50,-2,-17,-3
UA,Ukraine,,,Kiev Metropolitan Area,,,ChIJzYwQhKf_1EAR5PjP6COXiNw,2021-05-22,-2,15,80,7,-6,-9
UA,Ukraine,,,Kiev Metropolitan Area,,,ChIJzYwQhKf_1EAR5PjP6COXiNw,2021-05-23,-4,13,59,4,-1,-9
UA,Ukraine,,,Kiev Metropolitan Area,,,ChIJzYwQhKf_1EAR5PjP6COXiNw,2021-05-24,-8,14,22,-8,-19,1
UA,Ukraine,,,Kiev Metropolitan Area,,,ChIJzYwQhKf_1EAR5PjP6COXiNw,2021-05-25,-3,15,35,-3,-19,-1
UA,Ukraine,,,Kiev Metropolitan Area,,,ChIJzYwQhKf_1EAR5PjP6COXiNw,2021-05-26,-6,15,32,-4,-18,0
UA,Ukraine,,,Kiev Metropolitan Area,,,ChIJzYwQhKf_1EAR5PjP6COXiNw,2021-05-27,-3,13,21,-3,-18,0
UA,Ukraine,,,Kiev Metropolitan Area,,,ChIJzYwQhKf_1EAR5PjP6COXiNw,2021-05-28,-2,13,27,-4,-20,-1
UA,Ukraine,,,Kiev Metropolitan Area,,,ChIJzYwQhKf_1EAR5PjP6COXiNw,2021-05-29,-5,11,43,0,-5,-6
UA,Ukraine,,,Kiev Metropolitan Area,,,ChIJzYwQhKf_1EAR5PjP6COXiNw,2021-05-30,-5,7,30,0,-1,-7
UA,Ukraine,,,Kiev Metropolitan Area,,,ChIJzYwQhKf_1EAR5PjP6COXiNw,2021-05-31,-2,15,25,-5,-20,1
UA,Ukraine,,,Kiev Metropolitan Area,,,ChIJzYwQhKf_1EAR5PjP6COXiNw,2021-06-01,-1,14,22,-4,-22,0
UA,Ukraine,,,Kiev Metropolitan Area,,,ChIJzYwQhKf_1EAR5PjP6COXiNw,2021-06-02,-4,15,29,-5,-23,1
UA,Ukraine,,,Kiev Metropolitan Area,,,ChIJzYwQhKf_1EAR5PjP6COXiNw,2021-06-03,0,16,38,-2,-22,-1
UA,Ukraine,,,Kiev Metropolitan Area,,,ChIJzYwQhKf_1EAR5PjP6COXiNw,2021-06-04,0,17,53,-1,-22,-3
UA,Ukraine,,,Kiev Metropolitan Area,,,ChIJzYwQhKf_1EAR5PjP6COXiNw,2021-06-05,-6,10,68,4,-8,-10
UA,Ukraine,,,Kiev Metropolitan Area,,,ChIJzYwQhKf_1EAR5PjP6COXiNw,2021-06-06,-6,9,35,1,-3,-10
UA,Ukraine,,,Kiev Metropolitan Area,,,ChIJzYwQhKf_1EAR5PjP6COXiNw,2021-06-07,-1,17,33,-4,-22,0
UA,Ukraine,,,Kiev Metropolitan Area,,,ChIJzYwQhKf_1EAR5PjP6COXiNw,2021-06-08,-1,15,20,-3,-22,0
UA,Ukraine,,,Kiev Metropolitan Area,,,ChIJzYwQhKf_1EAR5PjP6COXiNw,2021-06-09,1,18,48,-1,-22,-1
UA,Ukraine,,,Kiev Metropolitan Area,,,ChIJzYwQhKf_1EAR5PjP6COXiNw,2021-06-10,0,16,31,-1,-23,-2
UA,Ukraine,,,Kiev Metropolitan Area,,,ChIJzYwQhKf_1EAR5PjP6COXiNw,2021-06-11,-1,15,45,-2,-22,-3
UA,Ukraine,,,Kiev Metropolitan Area,,,ChIJzYwQhKf_1EAR5PjP6COXiNw,2021-06-12,-6,8,61,3,-8,-10
UA,Ukraine,,,Kiev Metropolitan Area,,,ChIJzYwQhKf_1EAR5PjP6COXiNw,2021-06-13,-7,8,28,2,-2,-10
UA,Ukraine,,,Kiev Metropolitan Area,,,ChIJzYwQhKf_1EAR5PjP6COXiNw,2021-06-14,-1,15,40,-3,-23,-1
UA,Ukraine,,,Kiev Metropolitan Area,,,ChIJzYwQhKf_1EAR5PjP6COXiNw,2021-06-15,-1,15,32,-2,-23,-1
UA,Ukraine,,,Kiev Metropolitan Area,,,ChIJzYwQhKf_1EAR5PjP6COXiNw,2021-06-16,2,17,55,1,-24,-3
UA,Ukraine,,,Kiev Metropolitan Area,,,ChIJzYwQhKf_1EAR5PjP6COXiNw,2021-06-17,1,14,45,-1,-25,-3
UA,Ukraine,,,Kiev Metropolitan Area,,,ChIJzYwQhKf_1EAR5PjP6COXiNw,2021-06-18,-2,14,46,-1,-26,-5
UA,Ukraine,,,Kiev Metropolitan Area,,,ChIJzYwQhKf_1EAR5PjP6COXiNw,2021-06-19,-16,2,46,-2,-13,-12
UA,Ukraine,,,Kiev Metropolitan Area,,,ChIJzYwQhKf_1EAR5PjP6COXiNw,2021-06-20,-16,-2,60,-5,-15,-12
UA,Ukraine,,,Kiev Metropolitan Area,,,ChIJzYwQhKf_1EAR5PjP6COXiNw,2021-06-21,-8,3,67,-26,-74,2
UA,Ukraine,,,Kiev Metropolitan Area,,,ChIJzYwQhKf_1EAR5PjP6COXiNw,2021-06-22,-8,8,25,-8,-26,-3
UA,Ukraine,,,Kiev Metropolitan Area,,,ChIJzYwQhKf_1EAR5PjP6COXiNw,2021-06-23,-5,12,51,-5,-27,-3
UA,Ukraine,,,Kiev Metropolitan Area,,,ChIJzYwQhKf_1EAR5PjP6COXiNw,2021-06-24,-4,11,41,-4,-27,-4
UA,Ukraine,,,Kiev Metropolitan Area,,,ChIJzYwQhKf_1EAR5PjP6COXiNw,2021-06-25,-7,10,41,-6,-28,-5
UA,Ukraine,,,Kiev Metropolitan Area,,,ChIJzYwQhKf_1EAR5PjP6COXiNw,2021-06-26,-20,-2,33,-7,-12,-11
UA,Ukraine,,,Kiev Metropolitan Area,,,ChIJzYwQhKf_1EAR5PjP6COXiNw,2021-06-27,-16,-1,47,-6,-6,-11
UA,Ukraine,,,Kiev Metropolitan Area,,,ChIJzYwQhKf_1EAR5PjP6COXiNw,2021-06-28,-8,3,63,-25,-72,3
UA,Ukraine,,,Kiev Metropolitan Area,,,ChIJzYwQhKf_1EAR5PjP6COXiNw,2021-06-29,-11,4,4,-10,-26,-3
UA,Ukraine,,,Kiev Metropolitan Area,,,ChIJzYwQhKf_1EAR5PjP6COXiNw,2021-06-30,-4,12,52,-3,-26,-5
UA,Ukraine,,,Kiev Metropolitan Area,,,ChIJzYwQhKf_1EAR5PjP6COXiNw,2021-07-01,-4,11,34,-3,-26,-3
UA,Ukraine,,,Kiev Metropolitan Area,,,ChIJzYwQhKf_1EAR5PjP6COXiNw,2021-07-02,-5,11,40,-5,-26,-4
UA,Ukraine,,,Kiev Metropolitan Area,,,ChIJzYwQhKf_1EAR5PjP6COXiNw,2021-07-03,-11,6,41,-3,-8,-9
UA,Ukraine,,,Kiev Metropolitan Area,,,ChIJzYwQhKf_1EAR5PjP6COXiNw,2021-07-04,-14,3,34,-1,-4,-10
UA,Ukraine,,,Kiev Metropolitan Area,,,ChIJzYwQhKf_1EAR5PjP6COXiNw,2021-07-05,-4,12,35,-3,-27,-2
UA,Ukraine,,,Kiev Metropolitan Area,,,ChIJzYwQhKf_1EAR5PjP6COXiNw,2021-07-06,-5,9,27,-3,-27,-2
UA,Ukraine,,,Kiev Metropolitan Area,,,ChIJzYwQhKf_1EAR5PjP6COXiNw,2021-07-07,-1,15,55,-2,-28,-3
UA,Ukraine,,,Kiev Metropolitan Area,,,ChIJzYwQhKf_1EAR5PjP6COXiNw,2021-07-08,-2,12,46,-3,-28,-4
UA,Ukraine,,,Kiev Metropolitan Area,,,ChIJzYwQhKf_1EAR5PjP6COXiNw,2021-07-09,-5,11,45,-4,-28,-5
UA,Ukraine,,,Kiev Metropolitan Area,,,ChIJzYwQhKf_1EAR5PjP6COXiNw,2021-07-10,-14,4,61,-1,-11,-11
UA,Ukraine,,,Kiev Metropolitan Area,,,ChIJzYwQhKf_1EAR5PjP6COXiNw,2021-07-11,-14,6,52,1,-4,-13
UA,Ukraine,,,Kiev Metropolitan Area,,,ChIJzYwQhKf_1EAR5PjP6COXiNw,2021-07-12,-5,12,33,-6,-29,-2
UA,Ukraine,,,Kiev Metropolitan Area,,,ChIJzYwQhKf_1EAR5PjP6COXiNw,2021-07-13,-6,9,26,-8,-28,-2
UA,Ukraine,,,Kiev Metropolitan Area,,,ChIJzYwQhKf_1EAR5PjP6COXiNw,2021-07-14,-4,12,49,-5,-29,-3
UA,Ukraine,,,Kiev Metropolitan Area,,,ChIJzYwQhKf_1EAR5PjP6COXiNw,2021-07-15,-4,12,39,-4,-29,-4
UA,Ukraine,,,Kiev Metropolitan Area,,,ChIJzYwQhKf_1EAR5PjP6COXiNw,2021-07-16,-6,11,40,-6,-29,-5
UA,Ukraine,,,Kiev Metropolitan Area,,,ChIJzYwQhKf_1EAR5PjP6COXiNw,2021-07-17,-17,3,40,-5,-12,-10
UA,Ukraine,,,Kiev Metropolitan Area,,,ChIJzYwQhKf_1EAR5PjP6COXiNw,2021-07-18,-15,4,40,-2,-5,-12
UA,Ukraine,,,Kiev Metropolitan Area,,,ChIJzYwQhKf_1EAR5PjP6COXiNw,2021-07-19,-10,9,19,-9,-30,-1
UA,Ukraine,,,Kiev Metropolitan Area,,,ChIJzYwQhKf_1EAR5PjP6COXiNw,2021-07-20,-10,3,-3,-10,-29,-1
UA,Ukraine,,,Kiev Metropolitan Area,,,ChIJzYwQhKf_1EAR5PjP6COXiNw,2021-07-21,-5,13,31,-8,-30,-2
UA,Ukraine,,,Kiev Metropolitan Area,,,ChIJzYwQhKf_1EAR5PjP6COXiNw,2021-07-22,-3,11,35,-4,-29,-3
UA,Ukraine,,,Kiev Metropolitan Area,,,ChIJzYwQhKf_1EAR5PjP6COXiNw,2021-07-23,-7,9,37,-7,-29,-4
UA,Ukraine,,,Kiev Metropolitan Area,,,ChIJzYwQhKf_1EAR5PjP6COXiNw,2021-07-24,-15,3,49,-4,-11,-10
UA,Ukraine,,,Kiev Metropolitan Area,,,ChIJzYwQhKf_1EAR5PjP6COXiNw,2021-07-25,-14,4,46,-1,-4,-12
UA,Ukraine,,,Kiev Metropolitan Area,,,ChIJzYwQhKf_1EAR5PjP6COXiNw,2021-07-26,-6,11,36,-7,-29,-2
UA,Ukraine,,,Kiev Metropolitan Area,,,ChIJzYwQhKf_1EAR5PjP6COXiNw,2021-07-27,-8,8,28,-7,-29,-2
UA,Ukraine,,,Kiev Metropolitan Area,,,ChIJzYwQhKf_1EAR5PjP6COXiNw,2021-07-28,-6,11,47,-7,-29,-2
UA,Ukraine,,,Kiev Metropolitan Area,,,ChIJzYwQhKf_1EAR5PjP6COXiNw,2021-07-29,-8,7,23,-6,-29,-2
UA,Ukraine,,,Kiev Metropolitan Area,,,ChIJzYwQhKf_1EAR5PjP6COXiNw,2021-07-30,-7,11,44,-6,-28,-4
UA,Ukraine,,,Kiev Metropolitan Area,,,ChIJzYwQhKf_1EAR5PjP6COXiNw,2021-07-31,-15,4,52,-2,-10,-10
UA,Ukraine,,,Kiev Metropolitan Area,,,ChIJzYwQhKf_1EAR5PjP6COXiNw,2021-08-01,-13,5,36,-1,-5,-11
UA,Ukraine,,,Kiev Metropolitan Area,,,ChIJzYwQhKf_1EAR5PjP6COXiNw,2021-08-02,-6,12,33,-6,-29,-1
UA,Ukraine,,,Kiev Metropolitan Area,,,ChIJzYwQhKf_1EAR5PjP6COXiNw,2021-08-03,-7,9,22,-7,-29,-1
UA,Ukraine,,,Kiev Metropolitan Area,,,ChIJzYwQhKf_1EAR5PjP6COXiNw,2021-08-04,-8,8,30,-7,-29,-1
UA,Ukraine,,,Kiev Metropolitan Area,,,ChIJzYwQhKf_1EAR5PjP6COXiNw,2021-08-05,-5,11,34,-6,-29,-2
UA,Ukraine,,,Kiev Metropolitan Area,,,ChIJzYwQhKf_1EAR5PjP6COXiNw,2021-08-06,-8,9,17,-9,-30,-3
UA,Ukraine,,,Kiev Metropolitan Area,,,ChIJzYwQhKf_1EAR5PjP6COXiNw,2021-08-07,-11,4,41,-4,-11,-10
UA,Ukraine,,,Kiev Metropolitan Area,,,ChIJzYwQhKf_1EAR5PjP6COXiNw,2021-08-08,-10,6,44,0,-5,-12
UA,Ukraine,,,Kiev Metropolitan Area,,,ChIJzYwQhKf_1EAR5PjP6COXiNw,2021-08-09,-4,11,38,-7,-30,-2
UA,Ukraine,,,Kiev Metropolitan Area,,,ChIJzYwQhKf_1EAR5PjP6COXiNw,2021-08-10,-5,9,25,-8,-29,-1
UA,Ukraine,,,Kiev Metropolitan Area,,,ChIJzYwQhKf_1EAR5PjP6COXiNw,2021-08-11,-4,11,46,-6,-30,-2
UA,Ukraine,,,Kiev Metropolitan Area,,,ChIJzYwQhKf_1EAR5PjP6COXiNw,2021-08-12,-4,9,36,-5,-30,-3
UA,Ukraine,,,Kiev Metropolitan Area,,,ChIJzYwQhKf_1EAR5PjP6COXiNw,2021-08-13,-6,9,37,-8,-29,-3
UA,Ukraine,,,Kiev Metropolitan Area,,,ChIJzYwQhKf_1EAR5PjP6COXiNw,2021-08-14,-11,5,53,-1,-12,-10
UA,Ukraine,,,Kiev Metropolitan Area,,,ChIJzYwQhKf_1EAR5PjP6COXiNw,2021-08-15,-12,4,41,0,-5,-11
UA,Ukraine,,,Kiev Metropolitan Area,,,ChIJzYwQhKf_1EAR5PjP6COXiNw,2021-08-16,-5,11,35,-6,-29,-2
UA,Ukraine,,,Kiev Metropolitan Area,,,ChIJzYwQhKf_1EAR5PjP6COXiNw,2021-08-17,-6,9,23,-7,-30,-1
UA,Ukraine,,,Kiev Metropolitan Area,,,ChIJzYwQhKf_1EAR5PjP6COXiNw,2021-08-18,-8,8,19,-6,-29,-1
UA,Ukraine,,,Kiev Metropolitan Area,,,ChIJzYwQhKf_1EAR5PjP6COXiNw,2021-08-19,-1,12,31,-3,-29,-3
UA,Ukraine,,,Kiev Metropolitan Area,,,ChIJzYwQhKf_1EAR5PjP6COXiNw,2021-08-20,-5,10,28,-4,-30,-4
UA,Ukraine,,,Kiev Metropolitan Area,,,ChIJzYwQhKf_1EAR5PjP6COXiNw,2021-08-21,-16,0,36,-4,-12,-12
UA,Ukraine,,,Kiev Metropolitan Area,,,ChIJzYwQhKf_1EAR5PjP6COXiNw,2021-08-22,-15,-5,37,-3,-6,-11
UA,Ukraine,,,Kiev Metropolitan Area,,,ChIJzYwQhKf_1EAR5PjP6COXiNw,2021-08-23,-8,-1,60,-25,-70,4
UA,Ukraine,,,Kiev Metropolitan Area,,,ChIJzYwQhKf_1EAR5PjP6COXiNw,2021-08-24,2,-2,86,-16,-75,5
UA,Ukraine,,,Kiev Metropolitan Area,,,ChIJzYwQhKf_1EAR5PjP6COXiNw,2021-08-25,-7,9,21,-6,-30,-2
UA,Ukraine,,,Kiev Metropolitan Area,,,ChIJzYwQhKf_1EAR5PjP6COXiNw,2021-08-26,-8,6,-10,-7,-30,0
UA,Ukraine,,,Kiev Metropolitan Area,,,ChIJzYwQhKf_1EAR5PjP6COXiNw,2021-08-27,-3,10,27,-7,-27,-1
UA,Ukraine,,,Kiev Metropolitan Area,,,ChIJzYwQhKf_1EAR5PjP6COXiNw,2021-08-28,-1,12,38,10,63,-11
UA,Ukraine,,,Kiev Metropolitan Area,,,ChIJzYwQhKf_1EAR5PjP6COXiNw,2021-08-29,-1,9,13,2,-1,-7
UA,Ukraine,,,Kiev Metropolitan Area,,,ChIJzYwQhKf_1EAR5PjP6COXiNw,2021-08-30,6,16,19,0,-26,0
UA,Ukraine,,,Kiev Metropolitan Area,,,ChIJzYwQhKf_1EAR5PjP6COXiNw,2021-08-31,12,23,25,3,-25,-1
UA,Ukraine,,,Kiev Metropolitan Area,,,ChIJzYwQhKf_1EAR5PjP6COXiNw,2021-09-01,11,22,47,1,-28,-2
UA,Ukraine,,,Kiev Metropolitan Area,,,ChIJzYwQhKf_1EAR5PjP6COXiNw,2021-09-02,-1,14,4,-2,-25,-2
UA,Ukraine,,,Kiev Metropolitan Area,,,ChIJzYwQhKf_1EAR5PjP6COXiNw,2021-09-03,0,15,25,-1,-24,-3
UA,Ukraine,,,Kiev Metropolitan Area,,,ChIJzYwQhKf_1EAR5PjP6COXiNw,2021-09-04,2,10,31,2,-9,-7
UA,Ukraine,,,Kiev Metropolitan Area,,,ChIJzYwQhKf_1EAR5PjP6COXiNw,2021-09-05,2,12,18,3,-3,-8
UA,Ukraine,,,Kiev Metropolitan Area,,,ChIJzYwQhKf_1EAR5PjP6COXiNw,2021-09-06,1,16,15,0,-24,-1
UA,Ukraine,,,Kiev Metropolitan Area,,,ChIJzYwQhKf_1EAR5PjP6COXiNw,2021-09-07,1,17,13,-1,-24,-1
UA,Ukraine,,,Kiev Metropolitan Area,,,ChIJzYwQhKf_1EAR5PjP6COXiNw,2021-09-08,2,19,38,2,-24,-2
UA,Ukraine,,,Kiev Metropolitan Area,,,ChIJzYwQhKf_1EAR5PjP6COXiNw,2021-09-09,1,17,32,3,-23,-3
UA,Ukraine,,,Kiev Metropolitan Area,,,ChIJzYwQhKf_1EAR5PjP6COXiNw,2021-09-10,-1,16,39,2,-23,-4
UA,Ukraine,,,Kiev Metropolitan Area,,,ChIJzYwQhKf_1EAR5PjP6COXiNw,2021-09-11,-2,13,63,7,-10,-9
UA,Ukraine,,,Kiev Metropolitan Area,,,ChIJzYwQhKf_1EAR5PjP6COXiNw,2021-09-12,-2,13,53,7,-3,-9
UA,Ukraine,,,Kiev Metropolitan Area,,,ChIJzYwQhKf_1EAR5PjP6COXiNw,2021-09-13,-3,16,23,2,-22,-1
UA,Ukraine,,,Kiev Metropolitan Area,,,ChIJzYwQhKf_1EAR5PjP6COXiNw,2021-09-14,-2,15,15,1,-23,-1
UA,Ukraine,,,Kiev Metropolitan Area,,,ChIJzYwQhKf_1EAR5PjP6COXiNw,2021-09-15,-1,18,36,3,-23,-2
UA,Ukraine,,,Kiev Metropolitan Area,,,ChIJzYwQhKf_1EAR5PjP6COXiNw,2021-09-16,0,17,31,4,-23,-2
UA,Ukraine,,,Kiev Metropolitan Area,,,ChIJzYwQhKf_1EAR5PjP6COXiNw,2021-09-17,-3,15,20,0,-23,-2
UA,Ukraine,,,Kiev Metropolitan Area,,,ChIJzYwQhKf_1EAR5PjP6COXiNw,2021-09-18,-3,11,27,-1,-11,-5
UA,Ukraine,,,Kiev Metropolitan Area,,,ChIJzYwQhKf_1EAR5PjP6COXiNw,2021-09-19,-5,8,-9,-3,-7,-5
UA,Ukraine,,,Kiev Metropolitan Area,,,ChIJzYwQhKf_1EAR5PjP6COXiNw,2021-09-20,-5,13,-8,-4,-20,1
UA,Ukraine,,,Kiev Metropolitan Area,,,ChIJzYwQhKf_1EAR5PjP6COXiNw,2021-09-21,-5,11,-20,-7,-19,1
UA,Ukraine,,,Kiev Metropolitan Area,,,ChIJzYwQhKf_1EAR5PjP6COXiNw,2021-09-22,-2,13,0,-4,-18,0
UA,Ukraine,,,Kiev Metropolitan Area,,,ChIJzYwQhKf_1EAR5PjP6COXiNw,2021-09-23,-4,11,-7,-5,-19,1
UA,Ukraine,,,Kiev Metropolitan Area,,,ChIJzYwQhKf_1EAR5PjP6COXiNw,2021-09-24,-8,9,-10,-9,-20,1
UA,Ukraine,,,Kiev Metropolitan Area,,,ChIJzYwQhKf_1EAR5PjP6COXiNw,2021-09-25,-5,9,15,-2,-8,-5
UA,Ukraine,,,Kiev Metropolitan Area,,,ChIJzYwQhKf_1EAR5PjP6COXiNw,2021-09-26,-1,11,37,4,-2,-6
UA,Ukraine,,,Kiev Metropolitan Area,,,ChIJzYwQhKf_1EAR5PjP6COXiNw,2021-09-27,-5,11,6,-3,-17,1
UA,Ukraine,,,Kiev Metropolitan Area,,,ChIJzYwQhKf_1EAR5PjP6COXiNw,2021-09-28,-6,9,-6,-6,-17,1
UA,Ukraine,,,Kiev Metropolitan Area,,,ChIJzYwQhKf_1EAR5PjP6COXiNw,2021-09-29,-5,12,9,-5,-18,0
UA,Ukraine,,,Kiev Metropolitan Area,,,ChIJzYwQhKf_1EAR5PjP6COXiNw,2021-09-30,-1,15,11,-1,-17,-1
UA,Ukraine,,,Kiev Metropolitan Area,,,ChIJzYwQhKf_1EAR5PjP6COXiNw,2021-10-01,-2,15,22,-2,-17,-1
UA,Ukraine,,,Kiev Metropolitan Area,,,ChIJzYwQhKf_1EAR5PjP6COXiNw,2021-10-02,-3,11,41,2,-8,-6
UA,Ukraine,,,Kiev Metropolitan Area,,,ChIJzYwQhKf_1EAR5PjP6COXiNw,2021-10-03,0,12,38,6,-4,-7
UA,Ukraine,,,Kiev Metropolitan Area,,,ChIJzYwQhKf_1EAR5PjP6COXiNw,2021-10-04,-5,14,12,-4,-16,1
UA,Ukraine,,,Kiev Metropolitan Area,,,ChIJzYwQhKf_1EAR5PjP6COXiNw,2021-10-05,-6,12,3,-5,-16,1
UA,Ukraine,,,Kiev Metropolitan Area,,,ChIJzYwQhKf_1EAR5PjP6COXiNw,2021-10-06,-3,15,15,-3,-17,0
UA,Ukraine,,,Kiev Metropolitan Area,,,ChIJzYwQhKf_1EAR5PjP6COXiNw,2021-10-07,-2,15,7,-2,-17,0
UA,Ukraine,,,Kiev Metropolitan Area,,,ChIJzYwQhKf_1EAR5PjP6COXiNw,2021-10-08,-2,15,9,-4,-17,0
UA,Ukraine,,,Kiev Metropolitan Area,,,ChIJzYwQhKf_1EAR5PjP6COXiNw,2021-10-09,0,12,25,1,-7,-5
UA,Ukraine,,,Kiev Metropolitan Area,,,ChIJzYwQhKf_1EAR5PjP6COXiNw,2021-10-10,-1,12,24,1,-4,-5
UA,Ukraine,,,Kiev Metropolitan Area,,,ChIJzYwQhKf_1EAR5PjP6COXiNw,2021-10-11,-4,13,11,-4,-15,2
UA,Ukraine,,,Kiev Metropolitan Area,,,ChIJzYwQhKf_1EAR5PjP6COXiNw,2021-10-12,-5,12,-1,-5,-16,1
UA,Ukraine,,,Kiev Metropolitan Area,,,ChIJzYwQhKf_1EAR5PjP6COXiNw,2021-10-13,-1,17,2,0,-18,-1
UA,Ukraine,,,Kiev Metropolitan Area,,,ChIJzYwQhKf_1EAR5PjP6COXiNw,2021-10-14,4,11,33,-21,-69,9
UA,Ukraine,,,Kiev Metropolitan Area,,,ChIJzYwQhKf_1EAR5PjP6COXiNw,2021-10-15,-12,-2,22,-27,-63,10
UA,Ukraine,,,Kiev Metropolitan Area,,,ChIJzYwQhKf_1EAR5PjP6COXiNw,2021-10-16,-16,-3,20,-13,-17,-3
UA,Ukraine,,,Kiev Metropolitan Area,,,ChIJzYwQhKf_1EAR5PjP6COXiNw,2021-10-17,-12,3,9,-4,-6,-6
UA,Ukraine,,,Kiev Metropolitan Area,,,ChIJzYwQhKf_1EAR5PjP6COXiNw,2021-10-18,-7,10,-2,-5,-17,2
UA,Ukraine,,,Kiev Metropolitan Area,,,ChIJzYwQhKf_1EAR5PjP6COXiNw,2021-10-19,-4,11,-4,-6,-17,2
UA,Ukraine,,,Kiev Metropolitan Area,,,ChIJzYwQhKf_1EAR5PjP6COXiNw,2021-10-20,-5,13,12,-4,-18,2
UA,Ukraine,,,Kiev Metropolitan Area,,,ChIJzYwQhKf_1EAR5PjP6COXiNw,2021-10-21,-4,13,19,-4,-18,1
UA,Ukraine,,,Kiev Metropolitan Area,,,ChIJzYwQhKf_1EAR5PjP6COXiNw,2021-10-22,-5,12,19,-7,-17,1
UA,Ukraine,,,Kiev Metropolitan Area,,,ChIJzYwQhKf_1EAR5PjP6COXiNw,2021-10-23,-6,12,13,3,67,-7
UA,Ukraine,,,Kiev Metropolitan Area,,,ChIJzYwQhKf_1EAR5PjP6COXiNw,2021-10-24,-7,9,-9,-8,-5,-2
UA,Ukraine,,,Kiev Metropolitan Area,,,ChIJzYwQhKf_1EAR5PjP6COXiNw,2021-10-25,-7,10,2,-10,-23,4
UA,Ukraine,,,Kiev Metropolitan Area,,,ChIJzYwQhKf_1EAR5PjP6COXiNw,2021-10-26,-8,8,-8,-11,-23,4
UA,Ukraine,,,Kiev Metropolitan Area,,,ChIJzYwQhKf_1EAR5PjP6COXiNw,2021-10-27,-8,9,7,-10,-24,4
UA,Ukraine,,,Kiev Metropolitan Area,,,ChIJzYwQhKf_1EAR5PjP6COXiNw,2021-10-28,-6,10,6,-8,-24,3
UA,Ukraine,,,Kiev Metropolitan Area,,,ChIJzYwQhKf_1EAR5PjP6COXiNw,2021-10-29,-3,13,15,-7,-22,2
UA,Ukraine,,,Kiev Metropolitan Area,,,ChIJzYwQhKf_1EAR5PjP6COXiNw,2021-10-30,-8,10,5,-7,-8,-3
UA,Ukraine,,,Kiev Metropolitan Area,,,ChIJzYwQhKf_1EAR5PjP6COXiNw,2021-10-31,0,14,29,1,-1,-5
UA,Ukraine,,,Kiev Metropolitan Area,,,ChIJzYwQhKf_1EAR5PjP6COXiNw,2021-11-01,-19,8,3,-18,-26,6
UA,Ukraine,,,Kiev Metropolitan Area,,,ChIJzYwQhKf_1EAR5PjP6COXiNw,2021-11-02,-23,2,-28,-22,-27,8
UA,Ukraine,,,Kiev Metropolitan Area,,,ChIJzYwQhKf_1EAR5PjP6COXiNw,2021-11-03,-19,10,6,-17,-27,6
UA,Ukraine,,,Kiev Metropolitan Area,,,ChIJzYwQhKf_1EAR5PjP6COXiNw,2021-11-04,-18,8,0,-17,-27,6
UA,Ukraine,,,Kiev Metropolitan Area,,,ChIJzYwQhKf_1EAR5PjP6COXiNw,2021-11-05,-17,12,9,-17,-26,5
UA,Ukraine,,,Kiev Metropolitan Area,,,ChIJzYwQhKf_1EAR5PjP6COXiNw,2021-11-06,-16,12,15,-14,-10,-1
UA,Ukraine,,,Kiev Metropolitan Area,,,ChIJzYwQhKf_1EAR5PjP6COXiNw,2021-11-07,-19,8,7,-15,-7,-2
UA,Ukraine,,,Kiev Metropolitan Area,,,ChIJzYwQhKf_1EAR5PjP6COXiNw,2021-11-08,-18,9,-7,-17,-24,6
UA,Ukraine,,,Kiev Metropolitan Area,,,ChIJzYwQhKf_1EAR5PjP6COXiNw,2021-11-09,-19,5,-24,-21,-25,7
UA,Ukraine,,,Kiev Metropolitan Area,,,ChIJzYwQhKf_1EAR5PjP6COXiNw,2021-11-10,-17,9,-4,-17,-25,6
UA,Ukraine,,,Kiev Metropolitan Area,,,ChIJzYwQhKf_1EAR5PjP6COXiNw,2021-11-11,-17,8,-7,-17,-25,5
UA,Ukraine,,,Kiev Metropolitan Area,,,ChIJzYwQhKf_1EAR5PjP6COXiNw,2021-11-12,-17,8,-4,-17,-24,5
UA,Ukraine,,,Kiev Metropolitan Area,,,ChIJzYwQhKf_1EAR5PjP6COXiNw,2021-11-13,-17,8,7,-16,-10,-1
UA,Ukraine,,,Kiev Metropolitan Area,,,ChIJzYwQhKf_1EAR5PjP6COXiNw,2021-11-14,-19,6,-8,-17,-7,-2
UA,Ukraine,,,Kiev Metropolitan Area,,,ChIJzYwQhKf_1EAR5PjP6COXiNw,2021-11-15,-18,6,-16,-19,-23,6
UA,Ukraine,,,Kiev Metropolitan Area,,,ChIJzYwQhKf_1EAR5PjP6COXiNw,2021-11-16,-17,7,-20,-19,-23,6
UA,Ukraine,,,Kiev Metropolitan Area,,,ChIJzYwQhKf_1EAR5PjP6COXiNw,2021-11-17,-16,8,-6,-15,-23,5
UA,Ukraine,,,Kiev Metropolitan Area,,,ChIJzYwQhKf_1EAR5PjP6COXiNw,2021-11-18,-16,7,-12,-16,-23,5
UA,Ukraine,,,Kiev Metropolitan Area,,,ChIJzYwQhKf_1EAR5PjP6COXiNw,2021-11-19,-18,6,-21,-19,-23,6
UA,Ukraine,,,Kiev Metropolitan Area,,,ChIJzYwQhKf_1EAR5PjP6COXiNw,2021-11-20,-14,9,-5,-13,-8,-1
UA,Ukraine,,,Kiev Metropolitan Area,,,ChIJzYwQhKf_1EAR5PjP6COXiNw,2021-11-21,-15,8,-6,-13,-6,-1
UA,Ukraine,,,Kiev Metropolitan Area,,,ChIJzYwQhKf_1EAR5PjP6COXiNw,2021-11-22,-14,8,-5,-12,-15,4
UA,Ukraine,,,Kiev Metropolitan Area,,,ChIJzYwQhKf_1EAR5PjP6COXiNw,2021-11-23,-12,8,-14,-12,-15,3
UA,Ukraine,,,Kiev Metropolitan Area,,,ChIJzYwQhKf_1EAR5PjP6COXiNw,2021-11-24,-13,9,-4,-11,-16,3
UA,Ukraine,,,Kiev Metropolitan Area,,,ChIJzYwQhKf_1EAR5PjP6COXiNw,2021-11-25,-12,8,-12,-12,-16,3
UA,Ukraine,,,Kiev Metropolitan Area,,,ChIJzYwQhKf_1EAR5PjP6COXiNw,2021-11-26,-8,11,-6,-12,-15,2
UA,Ukraine,,,Kiev Metropolitan Area,,,ChIJzYwQhKf_1EAR5PjP6COXiNw,2021-11-27,-9,10,6,-11,-5,-1
UA,Ukraine,,,Kiev Metropolitan Area,,,ChIJzYwQhKf_1EAR5PjP6COXiNw,2021-11-28,-11,7,-10,-12,-3,-1
UA,Ukraine,,,Kiev Metropolitan Area,,,ChIJzYwQhKf_1EAR5PjP6COXiNw,2021-11-29,-16,6,-16,-12,-14,4
UA,Ukraine,,,Kiev Metropolitan Area,,,ChIJzYwQhKf_1EAR5PjP6COXiNw,2021-11-30,-15,7,-26,-14,-14,4
UA,Ukraine,,,Kiev Metropolitan Area,,,ChIJzYwQhKf_1EAR5PjP6COXiNw,2021-12-01,-13,9,-9,-11,-15,3
UA,Ukraine,,,Kiev Metropolitan Area,,,ChIJzYwQhKf_1EAR5PjP6COXiNw,2021-12-02,-13,8,-14,-11,-15,3
UA,Ukraine,,,Kiev Metropolitan Area,,,ChIJzYwQhKf_1EAR5PjP6COXiNw,2021-12-03,-15,8,-18,-14,-14,3
UA,Ukraine,,,Kiev Metropolitan Area,,,ChIJzYwQhKf_1EAR5PjP6COXiNw,2021-12-04,-8,11,-4,-11,-7,0
UA,Ukraine,,,Kiev Metropolitan Area,,,ChIJzYwQhKf_1EAR5PjP6COXiNw,2021-12-05,-11,7,-16,-14,-4,0
UA,Ukraine,,,Kiev Metropolitan Area,,,ChIJzYwQhKf_1EAR5PjP6COXiNw,2021-12-06,-15,6,-20,-12,-14,4
UA,Ukraine,,,Kiev Metropolitan Area,,,ChIJzYwQhKf_1EAR5PjP6COXiNw,2021-12-07,-16,5,-33,-15,-13,4
UA,Ukraine,,,Kiev Metropolitan Area,,,ChIJzYwQhKf_1EAR5PjP6COXiNw,2021-12-08,-17,5,-23,-13,-14,4
UA,Ukraine,,,Kiev Metropolitan Area,,,ChIJzYwQhKf_1EAR5PjP6COXiNw,2021-12-09,-12,9,-21,-11,-13,3
UA,Ukraine,,,Kiev Metropolitan Area,,,ChIJzYwQhKf_1EAR5PjP6COXiNw,2021-12-10,-10,10,-18,-12,-11,3
UA,Ukraine,,,Kiev Metropolitan Area,,,ChIJzYwQhKf_1EAR5PjP6COXiNw,2021-12-11,-13,5,-32,-17,-2,1
UA,Ukraine,,,Kiev Metropolitan Area,,,ChIJzYwQhKf_1EAR5PjP6COXiNw,2021-12-12,-8,10,-24,-13,1,0
UA,Ukraine,,,Kiev Metropolitan Area,,,ChIJzYwQhKf_1EAR5PjP6COXiNw,2021-12-13,-11,8,-24,-11,-11,4
UA,Ukraine,,,Kiev Metropolitan Area,,,ChIJzYwQhKf_1EAR5PjP6COXiNw,2021-12-14,-11,7,-25,-11,-11,3
UA,Ukraine,,,Kiev Metropolitan Area,,,ChIJzYwQhKf_1EAR5PjP6COXiNw,2021-12-15,-6,12,-9,-8,-11,2
UA,Ukraine,,,Kiev Metropolitan Area,,,ChIJzYwQhKf_1EAR5PjP6COXiNw,2021-12-16,-6,10,-17,-8,-11,2
UA,Ukraine,,,Kiev Metropolitan Area,,,ChIJzYwQhKf_1EAR5PjP6COXiNw,2021-12-17,-4,12,-14,-9,-10,1
UA,Ukraine,,,Kiev Metropolitan Area,,,ChIJzYwQhKf_1EAR5PjP6COXiNw,2021-12-18,2,16,-2,-5,2,-2
UA,Ukraine,,,Kiev Metropolitan Area,,,ChIJzYwQhKf_1EAR5PjP6COXiNw,2021-12-19,-4,7,-17,-13,-1,-1
UA,Ukraine,,,Kiev Metropolitan Area,,,ChIJzYwQhKf_1EAR5PjP6COXiNw,2021-12-20,-5,10,-3,-7,-10,2
UA,Ukraine,,,Kiev Metropolitan Area,,,ChIJzYwQhKf_1EAR5PjP6COXiNw,2021-12-21,-8,5,-24,-10,-12,3
UA,Ukraine,,,Kiev Metropolitan Area,,,ChIJzYwQhKf_1EAR5PjP6COXiNw,2021-12-22,-6,8,-14,-9,-13,3
UA,Ukraine,,,Kiev Metropolitan Area,,,ChIJzYwQhKf_1EAR5PjP6COXiNw,2021-12-23,-4,8,-19,-8,-13,2
UA,Ukraine,,,Kiev Metropolitan Area,,,ChIJzYwQhKf_1EAR5PjP6COXiNw,2021-12-24,-3,10,-12,-9,-14,3
UA,Ukraine,,,Kiev Metropolitan Area,,,ChIJzYwQhKf_1EAR5PjP6COXiNw,2021-12-25,-5,9,2,-8,-8,-1
UA,Ukraine,,,Kiev Metropolitan Area,,,ChIJzYwQhKf_1EAR5PjP6COXiNw,2021-12-26,0,7,1,-9,2,-1
UA,Ukraine,,,Kiev Metropolitan Area,,,ChIJzYwQhKf_1EAR5PjP6COXiNw,2021-12-27,3,9,-6,-28,-62,14
UA,Ukraine,,,Kiev Metropolitan Area,,,ChIJzYwQhKf_1EAR5PjP6COXiNw,2021-12-28,-1,9,-25,-13,-19,4
UA,Ukraine,,,Kiev Metropolitan Area,,,ChIJzYwQhKf_1EAR5PjP6COXiNw,2021-12-29,6,19,-6,-7,-22,3
UA,Ukraine,,,Kiev Metropolitan Area,,,ChIJzYwQhKf_1EAR5PjP6COXiNw,2021-12-30,12,31,-11,-6,-28,3
