country_region_code,country_region,sub_region_1,sub_region_2,metro_area,iso_3166_2_code,census_fips_code,place_id,date,retail_and_recreation_percent_change_from_baseline,grocery_and_pharmacy_percent_change_from_baseline,parks_percent_change_from_baseline,transit_stations_percent_change_from_baseline,workplaces_percent_change_from_baseline,residential_percent_change_from_baseline
MK,North Macedonia,,,,,,ChIJCUi8cJ8VVBMRscUfyNZa8uA,2021-01-01,-53,-53,35,-59,-75,17
MK,North Macedonia,,,,,,ChIJCUi8cJ8VVBMRscUfyNZa8uA,2021-01-02,-25,-6,42,-37,-32,4
MK,North Macedonia,,,,,,ChIJCUi8cJ8VVBMRscUfyNZa8uA,2021-01-03,-18,-2,27,-34,-15,3
MK,North Macedonia,,,,,,ChIJCUi8cJ8VVBMRscUfyNZa8uA,2021-01-04,-18,5,14,-28,-30,8
MK,North Macedonia,,,,,,ChIJCUi8cJ8VVBMRscUfyNZa8uA,2021-01-05,-8,27,46,-22,-39,5
MK,North Macedonia,,,,,,ChIJCUi8cJ8VVBMRscUfyNZa8uA,2021-01-06,-38,-5,14,-48,-68,16
MK,North Macedonia,,,,,,ChIJCUi8cJ8VVBMRscUfyNZa8uA,2021-01-07,-53,-44,3,-56,-75,17
MK,North Macedonia,,,,,,ChIJCUi8cJ8VVBMRscUfyNZa8uA,2021-01-08,-23,-4,-1,-33,-35,9
MK,North Macedonia,,,,,,ChIJCUi8cJ8VVBMRscUfyNZa8uA,2021-01-09,-29,-8,-13,-35,-18,4
MK,North Macedonia,,,,,,ChIJCUi8cJ8VVBMRscUfyNZa8uA,2021-01-10,-35,-18,-32,-44,-18,5
MK,North Macedonia,,,,,,ChIJCUi8cJ8VVBMRscUfyNZa8uA,2021-01-11,-20,-2,-1,-29,-19,4
MK,North Macedonia,,,,,,ChIJCUi8cJ8VVBMRscUfyNZa8uA,2021-01-12,-20,0,6,-30,-30,4
MK,North Macedonia,,,,,,ChIJCUi8cJ8VVBMRscUfyNZa8uA,2021-01-13,-23,-1,4,-30,-29,2
MK,North Macedonia,,,,,,ChIJCUi8cJ8VVBMRscUfyNZa8uA,2021-01-14,-31,-10,-4,-34,-31,2
MK,North Macedonia,,,,,,ChIJCUi8cJ8VVBMRscUfyNZa8uA,2021-01-15,-29,-10,-17,-36,-22,5
MK,North Macedonia,,,,,,ChIJCUi8cJ8VVBMRscUfyNZa8uA,2021-01-16,-33,-10,-23,-39,-17,3
MK,North Macedonia,,,,,,ChIJCUi8cJ8VVBMRscUfyNZa8uA,2021-01-17,-29,-11,-17,-41,-20,3
MK,North Macedonia,,,,,,ChIJCUi8cJ8VVBMRscUfyNZa8uA,2021-01-18,-22,-4,-5,-32,-22,4
MK,North Macedonia,,,,,,ChIJCUi8cJ8VVBMRscUfyNZa8uA,2021-01-19,-34,-18,7,-50,-64,12
MK,North Macedonia,,,,,,ChIJCUi8cJ8VVBMRscUfyNZa8uA,2021-01-20,-25,-5,-2,-32,-31,3
MK,North Macedonia,,,,,,ChIJCUi8cJ8VVBMRscUfyNZa8uA,2021-01-21,-26,-9,-9,-34,-29,4
MK,North Macedonia,,,,,,ChIJCUi8cJ8VVBMRscUfyNZa8uA,2021-01-22,-26,-10,-15,-34,-17,5
MK,North Macedonia,,,,,,ChIJCUi8cJ8VVBMRscUfyNZa8uA,2021-01-23,-27,-9,-16,-36,-13,2
MK,North Macedonia,,,,,,ChIJCUi8cJ8VVBMRscUfyNZa8uA,2021-01-24,-26,-10,-14,-41,-15,3
MK,North Macedonia,,,,,,ChIJCUi8cJ8VVBMRscUfyNZa8uA,2021-01-25,-18,-5,6,-31,-15,2
MK,North Macedonia,,,,,,ChIJCUi8cJ8VVBMRscUfyNZa8uA,2021-01-26,-29,-12,-21,-40,-29,5
MK,North Macedonia,,,,,,ChIJCUi8cJ8VVBMRscUfyNZa8uA,2021-01-27,-26,-9,-14,-34,-29,4
MK,North Macedonia,,,,,,ChIJCUi8cJ8VVBMRscUfyNZa8uA,2021-01-28,-24,-7,-8,-31,-28,3
MK,North Macedonia,,,,,,ChIJCUi8cJ8VVBMRscUfyNZa8uA,2021-01-29,-22,-7,-10,-29,-16,2
MK,North Macedonia,,,,,,ChIJCUi8cJ8VVBMRscUfyNZa8uA,2021-01-30,-19,0,13,-31,-11,-2
MK,North Macedonia,,,,,,ChIJCUi8cJ8VVBMRscUfyNZa8uA,2021-01-31,-26,-6,-13,-41,-14,0
MK,North Macedonia,,,,,,ChIJCUi8cJ8VVBMRscUfyNZa8uA,2021-02-01,-19,-1,1,-29,-15,0
MK,North Macedonia,,,,,,ChIJCUi8cJ8VVBMRscUfyNZa8uA,2021-02-02,-18,0,10,-31,-27,0
MK,North Macedonia,,,,,,ChIJCUi8cJ8VVBMRscUfyNZa8uA,2021-02-03,-18,-2,17,-28,-27,0
MK,North Macedonia,,,,,,ChIJCUi8cJ8VVBMRscUfyNZa8uA,2021-02-04,-20,-2,19,-29,-27,0
MK,North Macedonia,,,,,,ChIJCUi8cJ8VVBMRscUfyNZa8uA,2021-02-05,-18,-2,7,-29,-16,0
MK,North Macedonia,,,,,,ChIJCUi8cJ8VVBMRscUfyNZa8uA,2021-02-06,-17,-1,37,-33,-11,-3
MK,North Macedonia,,,,,,ChIJCUi8cJ8VVBMRscUfyNZa8uA,2021-02-07,-20,-5,13,-40,-15,-2
MK,North Macedonia,,,,,,ChIJCUi8cJ8VVBMRscUfyNZa8uA,2021-02-08,-22,-6,-8,-33,-15,1
MK,North Macedonia,,,,,,ChIJCUi8cJ8VVBMRscUfyNZa8uA,2021-02-09,-20,-2,-3,-33,-27,2
MK,North Macedonia,,,,,,ChIJCUi8cJ8VVBMRscUfyNZa8uA,2021-02-10,-18,0,12,-29,-26,0
MK,North Macedonia,,,,,,ChIJCUi8cJ8VVBMRscUfyNZa8uA,2021-02-11,-28,-9,-21,-34,-28,1
MK,North Macedonia,,,,,,ChIJCUi8cJ8VVBMRscUfyNZa8uA,2021-02-12,-20,-4,-18,-30,-16,0
MK,North Macedonia,,,,,,ChIJCUi8cJ8VVBMRscUfyNZa8uA,2021-02-13,-30,-6,-28,-42,-16,0
MK,North Macedonia,,,,,,ChIJCUi8cJ8VVBMRscUfyNZa8uA,2021-02-14,-34,-14,-30,-49,-20,4
MK,North Macedonia,,,,,,ChIJCUi8cJ8VVBMRscUfyNZa8uA,2021-02-15,-24,-4,-19,-35,-18,2
MK,North Macedonia,,,,,,ChIJCUi8cJ8VVBMRscUfyNZa8uA,2021-02-16,-22,-1,-13,-35,-28,2
MK,North Macedonia,,,,,,ChIJCUi8cJ8VVBMRscUfyNZa8uA,2021-02-17,-22,0,-13,-32,-27,1
MK,North Macedonia,,,,,,ChIJCUi8cJ8VVBMRscUfyNZa8uA,2021-02-18,-21,1,-12,-30,-27,0
MK,North Macedonia,,,,,,ChIJCUi8cJ8VVBMRscUfyNZa8uA,2021-02-19,-18,-1,-12,-28,-15,0
MK,North Macedonia,,,,,,ChIJCUi8cJ8VVBMRscUfyNZa8uA,2021-02-20,-19,3,-4,-33,-10,-3
MK,North Macedonia,,,,,,ChIJCUi8cJ8VVBMRscUfyNZa8uA,2021-02-21,-13,2,20,-33,-11,-3
MK,North Macedonia,,,,,,ChIJCUi8cJ8VVBMRscUfyNZa8uA,2021-02-22,-15,1,12,-28,-13,-2
MK,North Macedonia,,,,,,ChIJCUi8cJ8VVBMRscUfyNZa8uA,2021-02-23,-14,2,21,-29,-26,-2
MK,North Macedonia,,,,,,ChIJCUi8cJ8VVBMRscUfyNZa8uA,2021-02-24,-16,2,19,-27,-26,-2
MK,North Macedonia,,,,,,ChIJCUi8cJ8VVBMRscUfyNZa8uA,2021-02-25,-17,3,17,-24,-26,-3
MK,North Macedonia,,,,,,ChIJCUi8cJ8VVBMRscUfyNZa8uA,2021-02-26,-15,3,13,-24,-15,-3
MK,North Macedonia,,,,,,ChIJCUi8cJ8VVBMRscUfyNZa8uA,2021-02-27,-12,7,37,-27,-10,-6
MK,North Macedonia,,,,,,ChIJCUi8cJ8VVBMRscUfyNZa8uA,2021-02-28,-13,4,25,-30,-13,-5
MK,North Macedonia,,,,,,ChIJCUi8cJ8VVBMRscUfyNZa8uA,2021-03-01,-14,6,10,-25,-14,-2
MK,North Macedonia,,,,,,ChIJCUi8cJ8VVBMRscUfyNZa8uA,2021-03-02,-15,7,12,-26,-26,-2
MK,North Macedonia,,,,,,ChIJCUi8cJ8VVBMRscUfyNZa8uA,2021-03-03,-14,7,17,-25,-27,-3
MK,North Macedonia,,,,,,ChIJCUi8cJ8VVBMRscUfyNZa8uA,2021-03-04,-15,8,17,-22,-26,-3
MK,North Macedonia,,,,,,ChIJCUi8cJ8VVBMRscUfyNZa8uA,2021-03-05,-11,10,12,-22,-16,-3
MK,North Macedonia,,,,,,ChIJCUi8cJ8VVBMRscUfyNZa8uA,2021-03-06,-17,10,-7,-29,-13,-4
MK,North Macedonia,,,,,,ChIJCUi8cJ8VVBMRscUfyNZa8uA,2021-03-07,-9,12,19,-27,-10,-4
MK,North Macedonia,,,,,,ChIJCUi8cJ8VVBMRscUfyNZa8uA,2021-03-08,-6,15,12,-22,-14,-3
MK,North Macedonia,,,,,,ChIJCUi8cJ8VVBMRscUfyNZa8uA,2021-03-09,-20,2,-4,-31,-27,0
MK,North Macedonia,,,,,,ChIJCUi8cJ8VVBMRscUfyNZa8uA,2021-03-10,-30,-6,-26,-36,-29,1
MK,North Macedonia,,,,,,ChIJCUi8cJ8VVBMRscUfyNZa8uA,2021-03-11,-23,1,-10,-31,-28,0
MK,North Macedonia,,,,,,ChIJCUi8cJ8VVBMRscUfyNZa8uA,2021-03-12,-19,4,-7,-28,-16,0
MK,North Macedonia,,,,,,ChIJCUi8cJ8VVBMRscUfyNZa8uA,2021-03-13,-19,10,11,-33,-13,-3
MK,North Macedonia,,,,,,ChIJCUi8cJ8VVBMRscUfyNZa8uA,2021-03-14,-19,7,29,-34,-11,-4
MK,North Macedonia,,,,,,ChIJCUi8cJ8VVBMRscUfyNZa8uA,2021-03-15,-25,-2,-17,-35,-17,1
MK,North Macedonia,,,,,,ChIJCUi8cJ8VVBMRscUfyNZa8uA,2021-03-16,-25,0,-14,-37,-29,2
MK,North Macedonia,,,,,,ChIJCUi8cJ8VVBMRscUfyNZa8uA,2021-03-17,-25,0,-13,-34,-28,1
MK,North Macedonia,,,,,,ChIJCUi8cJ8VVBMRscUfyNZa8uA,2021-03-18,-25,1,-8,-31,-28,1
MK,North Macedonia,,,,,,ChIJCUi8cJ8VVBMRscUfyNZa8uA,2021-03-19,-22,2,-9,-32,-18,1
MK,North Macedonia,,,,,,ChIJCUi8cJ8VVBMRscUfyNZa8uA,2021-03-20,-32,-3,-33,-43,-16,1
MK,North Macedonia,,,,,,ChIJCUi8cJ8VVBMRscUfyNZa8uA,2021-03-21,-39,-11,-45,-52,-21,4
MK,North Macedonia,,,,,,ChIJCUi8cJ8VVBMRscUfyNZa8uA,2021-03-22,-31,-8,-27,-41,-20,3
MK,North Macedonia,,,,,,ChIJCUi8cJ8VVBMRscUfyNZa8uA,2021-03-23,-28,-4,-19,-40,-30,3
MK,North Macedonia,,,,,,ChIJCUi8cJ8VVBMRscUfyNZa8uA,2021-03-24,-29,-4,-19,-38,-30,2
MK,North Macedonia,,,,,,ChIJCUi8cJ8VVBMRscUfyNZa8uA,2021-03-25,-27,0,-7,-33,-29,2
MK,North Macedonia,,,,,,ChIJCUi8cJ8VVBMRscUfyNZa8uA,2021-03-26,-23,1,-4,-32,-19,2
MK,North Macedonia,,,,,,ChIJCUi8cJ8VVBMRscUfyNZa8uA,2021-03-27,-22,5,28,-35,-14,-3
MK,North Macedonia,,,,,,ChIJCUi8cJ8VVBMRscUfyNZa8uA,2021-03-28,-22,1,24,-39,-18,-2
MK,North Macedonia,,,,,,ChIJCUi8cJ8VVBMRscUfyNZa8uA,2021-03-29,-18,8,19,-31,-18,0
MK,North Macedonia,,,,,,ChIJCUi8cJ8VVBMRscUfyNZa8uA,2021-03-30,-18,7,24,-32,-30,0
MK,North Macedonia,,,,,,ChIJCUi8cJ8VVBMRscUfyNZa8uA,2021-03-31,-18,8,29,-29,-30,-1
MK,North Macedonia,,,,,,ChIJCUi8cJ8VVBMRscUfyNZa8uA,2021-04-01,-19,9,31,-26,-30,-1
MK,North Macedonia,,,,,,ChIJCUi8cJ8VVBMRscUfyNZa8uA,2021-04-02,-18,9,12,-28,-19,0
MK,North Macedonia,,,,,,ChIJCUi8cJ8VVBMRscUfyNZa8uA,2021-04-03,-19,12,21,-33,-14,-3
MK,North Macedonia,,,,,,ChIJCUi8cJ8VVBMRscUfyNZa8uA,2021-04-04,-32,-1,-35,-44,-20,2
MK,North Macedonia,,,,,,ChIJCUi8cJ8VVBMRscUfyNZa8uA,2021-04-05,-12,14,29,-26,-18,-1
MK,North Macedonia,,,,,,ChIJCUi8cJ8VVBMRscUfyNZa8uA,2021-04-06,-19,6,28,-34,-31,1
MK,North Macedonia,,,,,,ChIJCUi8cJ8VVBMRscUfyNZa8uA,2021-04-07,-41,2,-12,-38,-36,4
MK,North Macedonia,,,,,,ChIJCUi8cJ8VVBMRscUfyNZa8uA,2021-04-08,-39,3,4,-33,-35,3
MK,North Macedonia,,,,,,ChIJCUi8cJ8VVBMRscUfyNZa8uA,2021-04-09,-35,5,17,-29,-24,3
MK,North Macedonia,,,,,,ChIJCUi8cJ8VVBMRscUfyNZa8uA,2021-04-10,-34,12,43,-31,-24,-2
MK,North Macedonia,,,,,,ChIJCUi8cJ8VVBMRscUfyNZa8uA,2021-04-11,-36,10,47,-34,-30,-3
MK,North Macedonia,,,,,,ChIJCUi8cJ8VVBMRscUfyNZa8uA,2021-04-12,-29,9,40,-29,-22,0
MK,North Macedonia,,,,,,ChIJCUi8cJ8VVBMRscUfyNZa8uA,2021-04-13,-36,7,11,-36,-35,3
MK,North Macedonia,,,,,,ChIJCUi8cJ8VVBMRscUfyNZa8uA,2021-04-14,-36,6,11,-34,-35,3
MK,North Macedonia,,,,,,ChIJCUi8cJ8VVBMRscUfyNZa8uA,2021-04-15,-38,6,10,-33,-33,3
MK,North Macedonia,,,,,,ChIJCUi8cJ8VVBMRscUfyNZa8uA,2021-04-16,-36,5,5,-32,-23,3
MK,North Macedonia,,,,,,ChIJCUi8cJ8VVBMRscUfyNZa8uA,2021-04-17,-45,5,-27,-44,-26,3
MK,North Macedonia,,,,,,ChIJCUi8cJ8VVBMRscUfyNZa8uA,2021-04-18,-42,9,7,-41,-29,2
MK,North Macedonia,,,,,,ChIJCUi8cJ8VVBMRscUfyNZa8uA,2021-04-19,-37,0,-11,-37,-22,4
MK,North Macedonia,,,,,,ChIJCUi8cJ8VVBMRscUfyNZa8uA,2021-04-20,-33,7,19,-34,-32,3
MK,North Macedonia,,,,,,ChIJCUi8cJ8VVBMRscUfyNZa8uA,2021-04-21,-32,9,44,-31,-32,1
MK,North Macedonia,,,,,,ChIJCUi8cJ8VVBMRscUfyNZa8uA,2021-04-22,-37,5,12,-32,-32,2
MK,North Macedonia,,,,,,ChIJCUi8cJ8VVBMRscUfyNZa8uA,2021-04-23,-40,3,-22,-37,-23,4
MK,North Macedonia,,,,,,ChIJCUi8cJ8VVBMRscUfyNZa8uA,2021-04-24,-35,14,13,-36,-21,0
MK,North Macedonia,,,,,,ChIJCUi8cJ8VVBMRscUfyNZa8uA,2021-04-25,-31,18,79,-31,-26,-3
MK,North Macedonia,,,,,,ChIJCUi8cJ8VVBMRscUfyNZa8uA,2021-04-26,-27,11,44,-29,-19,0
MK,North Macedonia,,,,,,ChIJCUi8cJ8VVBMRscUfyNZa8uA,2021-04-27,-26,15,44,-31,-30,0
MK,North Macedonia,,,,,,ChIJCUi8cJ8VVBMRscUfyNZa8uA,2021-04-28,-17,22,27,-25,-29,-2
MK,North Macedonia,,,,,,ChIJCUi8cJ8VVBMRscUfyNZa8uA,2021-04-29,-13,29,48,-22,-30,-3
MK,North Macedonia,,,,,,ChIJCUi8cJ8VVBMRscUfyNZa8uA,2021-04-30,-23,22,65,-37,-61,4
MK,North Macedonia,,,,,,ChIJCUi8cJ8VVBMRscUfyNZa8uA,2021-05-01,-30,14,81,-41,-45,-6
MK,North Macedonia,,,,,,ChIJCUi8cJ8VVBMRscUfyNZa8uA,2021-05-02,-37,-23,52,-49,-30,-5
MK,North Macedonia,,,,,,ChIJCUi8cJ8VVBMRscUfyNZa8uA,2021-05-03,-34,-15,82,-50,-70,0
MK,North Macedonia,,,,,,ChIJCUi8cJ8VVBMRscUfyNZa8uA,2021-05-04,-11,16,51,-27,-28,-2
MK,North Macedonia,,,,,,ChIJCUi8cJ8VVBMRscUfyNZa8uA,2021-05-05,-8,19,58,-22,-27,-4
MK,North Macedonia,,,,,,ChIJCUi8cJ8VVBMRscUfyNZa8uA,2021-05-06,-7,19,59,-18,-27,-4
MK,North Macedonia,,,,,,ChIJCUi8cJ8VVBMRscUfyNZa8uA,2021-05-07,-8,16,38,-20,-16,-3
MK,North Macedonia,,,,,,ChIJCUi8cJ8VVBMRscUfyNZa8uA,2021-05-08,-10,19,45,-21,-10,-6
MK,North Macedonia,,,,,,ChIJCUi8cJ8VVBMRscUfyNZa8uA,2021-05-09,-8,18,59,-24,-12,-6
MK,North Macedonia,,,,,,ChIJCUi8cJ8VVBMRscUfyNZa8uA,2021-05-10,-2,21,58,-18,-14,-4
MK,North Macedonia,,,,,,ChIJCUi8cJ8VVBMRscUfyNZa8uA,2021-05-11,-2,23,62,-20,-25,-4
MK,North Macedonia,,,,,,ChIJCUi8cJ8VVBMRscUfyNZa8uA,2021-05-12,2,31,61,-11,-27,-6
MK,North Macedonia,,,,,,ChIJCUi8cJ8VVBMRscUfyNZa8uA,2021-05-13,-20,5,84,-30,-66,1
MK,North Macedonia,,,,,,ChIJCUi8cJ8VVBMRscUfyNZa8uA,2021-05-14,-2,21,44,-17,-22,-4
MK,North Macedonia,,,,,,ChIJCUi8cJ8VVBMRscUfyNZa8uA,2021-05-15,-9,21,24,-21,-13,-6
MK,North Macedonia,,,,,,ChIJCUi8cJ8VVBMRscUfyNZa8uA,2021-05-16,-4,18,57,-21,-10,-7
MK,North Macedonia,,,,,,ChIJCUi8cJ8VVBMRscUfyNZa8uA,2021-05-17,-1,22,52,-17,-12,-5
MK,North Macedonia,,,,,,ChIJCUi8cJ8VVBMRscUfyNZa8uA,2021-05-18,-1,21,58,-18,-24,-5
MK,North Macedonia,,,,,,ChIJCUi8cJ8VVBMRscUfyNZa8uA,2021-05-19,-3,20,58,-16,-24,-6
MK,North Macedonia,,,,,,ChIJCUi8cJ8VVBMRscUfyNZa8uA,2021-05-20,-13,12,12,-26,-24,-3
MK,North Macedonia,,,,,,ChIJCUi8cJ8VVBMRscUfyNZa8uA,2021-05-21,-2,21,40,-14,-13,-4
MK,North Macedonia,,,,,,ChIJCUi8cJ8VVBMRscUfyNZa8uA,2021-05-22,-4,21,65,-19,-10,-9
MK,North Macedonia,,,,,,ChIJCUi8cJ8VVBMRscUfyNZa8uA,2021-05-23,0,17,79,-22,-10,-9
MK,North Macedonia,,,,,,ChIJCUi8cJ8VVBMRscUfyNZa8uA,2021-05-24,-18,-2,94,-37,-62,-2
MK,North Macedonia,,,,,,ChIJCUi8cJ8VVBMRscUfyNZa8uA,2021-05-25,-1,20,65,-19,-23,-5
MK,North Macedonia,,,,,,ChIJCUi8cJ8VVBMRscUfyNZa8uA,2021-05-26,-1,23,69,-14,-24,-6
MK,North Macedonia,,,,,,ChIJCUi8cJ8VVBMRscUfyNZa8uA,2021-05-27,-11,14,31,-21,-24,-4
MK,North Macedonia,,,,,,ChIJCUi8cJ8VVBMRscUfyNZa8uA,2021-05-28,-1,21,37,-13,-12,-5
MK,North Macedonia,,,,,,ChIJCUi8cJ8VVBMRscUfyNZa8uA,2021-05-29,-1,24,69,-16,-5,-9
MK,North Macedonia,,,,,,ChIJCUi8cJ8VVBMRscUfyNZa8uA,2021-05-30,-14,13,9,-27,-8,-5
MK,North Macedonia,,,,,,ChIJCUi8cJ8VVBMRscUfyNZa8uA,2021-05-31,0,23,51,-13,-10,-5
MK,North Macedonia,,,,,,ChIJCUi8cJ8VVBMRscUfyNZa8uA,2021-06-01,-2,22,39,-16,-22,-4
MK,North Macedonia,,,,,,ChIJCUi8cJ8VVBMRscUfyNZa8uA,2021-06-02,3,27,79,-10,-22,-6
MK,North Macedonia,,,,,,ChIJCUi8cJ8VVBMRscUfyNZa8uA,2021-06-03,0,26,71,-10,-21,-7
MK,North Macedonia,,,,,,ChIJCUi8cJ8VVBMRscUfyNZa8uA,2021-06-04,4,24,57,-10,-11,-6
MK,North Macedonia,,,,,,ChIJCUi8cJ8VVBMRscUfyNZa8uA,2021-06-05,3,26,75,-12,-7,-10
MK,North Macedonia,,,,,,ChIJCUi8cJ8VVBMRscUfyNZa8uA,2021-06-06,0,21,55,-19,-7,-8
MK,North Macedonia,,,,,,ChIJCUi8cJ8VVBMRscUfyNZa8uA,2021-06-07,-1,22,38,-15,-10,-5
MK,North Macedonia,,,,,,ChIJCUi8cJ8VVBMRscUfyNZa8uA,2021-06-08,4,25,57,-12,-21,-6
MK,North Macedonia,,,,,,ChIJCUi8cJ8VVBMRscUfyNZa8uA,2021-06-09,2,26,60,-10,-22,-7
MK,North Macedonia,,,,,,ChIJCUi8cJ8VVBMRscUfyNZa8uA,2021-06-10,2,26,62,-8,-22,-7
MK,North Macedonia,,,,,,ChIJCUi8cJ8VVBMRscUfyNZa8uA,2021-06-11,-1,20,32,-11,-13,-6
MK,North Macedonia,,,,,,ChIJCUi8cJ8VVBMRscUfyNZa8uA,2021-06-12,-2,21,48,-17,-6,-9
MK,North Macedonia,,,,,,ChIJCUi8cJ8VVBMRscUfyNZa8uA,2021-06-13,-6,17,33,-21,-7,-7
MK,North Macedonia,,,,,,ChIJCUi8cJ8VVBMRscUfyNZa8uA,2021-06-14,0,21,54,-13,-14,-7
MK,North Macedonia,,,,,,ChIJCUi8cJ8VVBMRscUfyNZa8uA,2021-06-15,5,25,72,-12,-24,-8
MK,North Macedonia,,,,,,ChIJCUi8cJ8VVBMRscUfyNZa8uA,2021-06-16,4,24,82,-9,-26,-9
MK,North Macedonia,,,,,,ChIJCUi8cJ8VVBMRscUfyNZa8uA,2021-06-17,-3,21,55,-8,-28,-10
MK,North Macedonia,,,,,,ChIJCUi8cJ8VVBMRscUfyNZa8uA,2021-06-18,-13,11,55,-28,-56,-2
MK,North Macedonia,,,,,,ChIJCUi8cJ8VVBMRscUfyNZa8uA,2021-06-19,-11,10,47,-26,-20,-9
MK,North Macedonia,,,,,,ChIJCUi8cJ8VVBMRscUfyNZa8uA,2021-06-20,-3,11,68,-16,-11,-12
MK,North Macedonia,,,,,,ChIJCUi8cJ8VVBMRscUfyNZa8uA,2021-06-21,-4,12,53,-14,-19,-8
MK,North Macedonia,,,,,,ChIJCUi8cJ8VVBMRscUfyNZa8uA,2021-06-22,1,17,79,-14,-28,-8
MK,North Macedonia,,,,,,ChIJCUi8cJ8VVBMRscUfyNZa8uA,2021-06-23,-3,14,79,-16,-29,-9
MK,North Macedonia,,,,,,ChIJCUi8cJ8VVBMRscUfyNZa8uA,2021-06-24,-5,14,73,-13,-28,-8
MK,North Macedonia,,,,,,ChIJCUi8cJ8VVBMRscUfyNZa8uA,2021-06-25,-4,11,59,-17,-20,-8
MK,North Macedonia,,,,,,ChIJCUi8cJ8VVBMRscUfyNZa8uA,2021-06-26,-9,10,66,-20,-14,-11
MK,North Macedonia,,,,,,ChIJCUi8cJ8VVBMRscUfyNZa8uA,2021-06-27,-3,11,67,-17,-9,-11
MK,North Macedonia,,,,,,ChIJCUi8cJ8VVBMRscUfyNZa8uA,2021-06-28,1,17,82,-12,-16,-9
MK,North Macedonia,,,,,,ChIJCUi8cJ8VVBMRscUfyNZa8uA,2021-06-29,0,17,80,-15,-28,-9
MK,North Macedonia,,,,,,ChIJCUi8cJ8VVBMRscUfyNZa8uA,2021-06-30,1,18,84,-13,-27,-10
MK,North Macedonia,,,,,,ChIJCUi8cJ8VVBMRscUfyNZa8uA,2021-07-01,1,21,79,-7,-24,-10
MK,North Macedonia,,,,,,ChIJCUi8cJ8VVBMRscUfyNZa8uA,2021-07-02,1,19,52,-8,-13,-9
MK,North Macedonia,,,,,,ChIJCUi8cJ8VVBMRscUfyNZa8uA,2021-07-03,3,23,81,-13,-10,-11
MK,North Macedonia,,,,,,ChIJCUi8cJ8VVBMRscUfyNZa8uA,2021-07-04,7,23,87,-8,-7,-11
MK,North Macedonia,,,,,,ChIJCUi8cJ8VVBMRscUfyNZa8uA,2021-07-05,12,30,102,-4,-11,-10
MK,North Macedonia,,,,,,ChIJCUi8cJ8VVBMRscUfyNZa8uA,2021-07-06,9,26,96,-9,-23,-9
MK,North Macedonia,,,,,,ChIJCUi8cJ8VVBMRscUfyNZa8uA,2021-07-07,7,25,100,-5,-25,-10
MK,North Macedonia,,,,,,ChIJCUi8cJ8VVBMRscUfyNZa8uA,2021-07-08,4,22,98,-7,-24,-10
MK,North Macedonia,,,,,,ChIJCUi8cJ8VVBMRscUfyNZa8uA,2021-07-09,3,20,71,-9,-14,-9
MK,North Macedonia,,,,,,ChIJCUi8cJ8VVBMRscUfyNZa8uA,2021-07-10,-1,21,61,-15,-12,-10
MK,North Macedonia,,,,,,ChIJCUi8cJ8VVBMRscUfyNZa8uA,2021-07-11,8,27,74,-8,-6,-11
MK,North Macedonia,,,,,,ChIJCUi8cJ8VVBMRscUfyNZa8uA,2021-07-12,14,32,120,-4,-14,-11
MK,North Macedonia,,,,,,ChIJCUi8cJ8VVBMRscUfyNZa8uA,2021-07-13,12,27,121,-6,-25,-10
MK,North Macedonia,,,,,,ChIJCUi8cJ8VVBMRscUfyNZa8uA,2021-07-14,9,26,118,-6,-26,-10
MK,North Macedonia,,,,,,ChIJCUi8cJ8VVBMRscUfyNZa8uA,2021-07-15,7,27,109,-3,-25,-10
MK,North Macedonia,,,,,,ChIJCUi8cJ8VVBMRscUfyNZa8uA,2021-07-16,7,25,77,-8,-16,-9
MK,North Macedonia,,,,,,ChIJCUi8cJ8VVBMRscUfyNZa8uA,2021-07-17,7,30,82,-8,-12,-11
MK,North Macedonia,,,,,,ChIJCUi8cJ8VVBMRscUfyNZa8uA,2021-07-18,10,32,55,-8,-7,-9
MK,North Macedonia,,,,,,ChIJCUi8cJ8VVBMRscUfyNZa8uA,2021-07-19,25,47,129,-1,-18,-9
MK,North Macedonia,,,,,,ChIJCUi8cJ8VVBMRscUfyNZa8uA,2021-07-20,14,31,165,-4,-36,-8
MK,North Macedonia,,,,,,ChIJCUi8cJ8VVBMRscUfyNZa8uA,2021-07-21,20,36,154,-1,-30,-10
MK,North Macedonia,,,,,,ChIJCUi8cJ8VVBMRscUfyNZa8uA,2021-07-22,16,35,138,1,-27,-10
MK,North Macedonia,,,,,,ChIJCUi8cJ8VVBMRscUfyNZa8uA,2021-07-23,15,30,108,-5,-18,-9
MK,North Macedonia,,,,,,ChIJCUi8cJ8VVBMRscUfyNZa8uA,2021-07-24,12,31,125,-5,-12,-12
MK,North Macedonia,,,,,,ChIJCUi8cJ8VVBMRscUfyNZa8uA,2021-07-25,20,32,128,0,-8,-13
MK,North Macedonia,,,,,,ChIJCUi8cJ8VVBMRscUfyNZa8uA,2021-07-26,23,38,175,0,-20,-10
MK,North Macedonia,,,,,,ChIJCUi8cJ8VVBMRscUfyNZa8uA,2021-07-27,21,37,158,-4,-31,-9
MK,North Macedonia,,,,,,ChIJCUi8cJ8VVBMRscUfyNZa8uA,2021-07-28,20,37,155,2,-31,-10
MK,North Macedonia,,,,,,ChIJCUi8cJ8VVBMRscUfyNZa8uA,2021-07-29,17,37,152,2,-31,-9
MK,North Macedonia,,,,,,ChIJCUi8cJ8VVBMRscUfyNZa8uA,2021-07-30,17,37,125,-1,-24,-9
MK,North Macedonia,,,,,,ChIJCUi8cJ8VVBMRscUfyNZa8uA,2021-07-31,11,36,137,-2,-21,-13
MK,North Macedonia,,,,,,ChIJCUi8cJ8VVBMRscUfyNZa8uA,2021-08-01,23,39,152,0,-14,-12
MK,North Macedonia,,,,,,ChIJCUi8cJ8VVBMRscUfyNZa8uA,2021-08-02,-2,11,196,-24,-71,-6
MK,North Macedonia,,,,,,ChIJCUi8cJ8VVBMRscUfyNZa8uA,2021-08-03,27,47,189,5,-37,-10
MK,North Macedonia,,,,,,ChIJCUi8cJ8VVBMRscUfyNZa8uA,2021-08-04,24,44,184,4,-37,-9
MK,North Macedonia,,,,,,ChIJCUi8cJ8VVBMRscUfyNZa8uA,2021-08-05,19,43,156,5,-36,-9
MK,North Macedonia,,,,,,ChIJCUi8cJ8VVBMRscUfyNZa8uA,2021-08-06,21,40,129,2,-27,-8
MK,North Macedonia,,,,,,ChIJCUi8cJ8VVBMRscUfyNZa8uA,2021-08-07,16,37,130,3,-18,-11
MK,North Macedonia,,,,,,ChIJCUi8cJ8VVBMRscUfyNZa8uA,2021-08-08,26,40,134,9,-9,-12
MK,North Macedonia,,,,,,ChIJCUi8cJ8VVBMRscUfyNZa8uA,2021-08-09,25,41,170,3,-25,-9
MK,North Macedonia,,,,,,ChIJCUi8cJ8VVBMRscUfyNZa8uA,2021-08-10,22,39,166,2,-35,-8
MK,North Macedonia,,,,,,ChIJCUi8cJ8VVBMRscUfyNZa8uA,2021-08-11,17,37,142,3,-35,-8
MK,North Macedonia,,,,,,ChIJCUi8cJ8VVBMRscUfyNZa8uA,2021-08-12,18,41,153,9,-33,-8
MK,North Macedonia,,,,,,ChIJCUi8cJ8VVBMRscUfyNZa8uA,2021-08-13,16,36,116,2,-25,-8
MK,North Macedonia,,,,,,ChIJCUi8cJ8VVBMRscUfyNZa8uA,2021-08-14,10,33,117,3,-17,-11
MK,North Macedonia,,,,,,ChIJCUi8cJ8VVBMRscUfyNZa8uA,2021-08-15,20,34,121,5,-9,-11
MK,North Macedonia,,,,,,ChIJCUi8cJ8VVBMRscUfyNZa8uA,2021-08-16,13,40,153,2,-23,-8
MK,North Macedonia,,,,,,ChIJCUi8cJ8VVBMRscUfyNZa8uA,2021-08-17,7,34,128,-3,-33,-6
MK,North Macedonia,,,,,,ChIJCUi8cJ8VVBMRscUfyNZa8uA,2021-08-18,5,39,140,1,-32,-7
MK,North Macedonia,,,,,,ChIJCUi8cJ8VVBMRscUfyNZa8uA,2021-08-19,2,38,136,2,-31,-7
MK,North Macedonia,,,,,,ChIJCUi8cJ8VVBMRscUfyNZa8uA,2021-08-20,-2,29,100,-5,-22,-6
MK,North Macedonia,,,,,,ChIJCUi8cJ8VVBMRscUfyNZa8uA,2021-08-21,-9,27,89,-7,-17,-7
MK,North Macedonia,,,,,,ChIJCUi8cJ8VVBMRscUfyNZa8uA,2021-08-22,-5,27,100,-8,-12,-8
MK,North Macedonia,,,,,,ChIJCUi8cJ8VVBMRscUfyNZa8uA,2021-08-23,2,31,121,-2,-20,-7
MK,North Macedonia,,,,,,ChIJCUi8cJ8VVBMRscUfyNZa8uA,2021-08-24,0,29,118,-7,-31,-6
MK,North Macedonia,,,,,,ChIJCUi8cJ8VVBMRscUfyNZa8uA,2021-08-25,-3,28,109,-5,-31,-7
MK,North Macedonia,,,,,,ChIJCUi8cJ8VVBMRscUfyNZa8uA,2021-08-26,-7,26,79,-7,-31,-6
MK,North Macedonia,,,,,,ChIJCUi8cJ8VVBMRscUfyNZa8uA,2021-08-27,-3,27,80,-8,-22,-6
MK,North Macedonia,,,,,,ChIJCUi8cJ8VVBMRscUfyNZa8uA,2021-08-28,-14,19,104,-15,-36,-8
MK,North Macedonia,,,,,,ChIJCUi8cJ8VVBMRscUfyNZa8uA,2021-08-29,-8,21,77,-12,-12,-9
MK,North Macedonia,,,,,,ChIJCUi8cJ8VVBMRscUfyNZa8uA,2021-08-30,5,31,104,-1,-17,-7
MK,North Macedonia,,,,,,ChIJCUi8cJ8VVBMRscUfyNZa8uA,2021-08-31,7,36,100,-2,-27,-7
MK,North Macedonia,,,,,,ChIJCUi8cJ8VVBMRscUfyNZa8uA,2021-09-01,5,40,87,2,-28,-8
MK,North Macedonia,,,,,,ChIJCUi8cJ8VVBMRscUfyNZa8uA,2021-09-02,-1,34,77,0,-26,-8
MK,North Macedonia,,,,,,ChIJCUi8cJ8VVBMRscUfyNZa8uA,2021-09-03,-1,30,61,-2,-15,-7
MK,North Macedonia,,,,,,ChIJCUi8cJ8VVBMRscUfyNZa8uA,2021-09-04,-5,29,79,-11,-11,-8
MK,North Macedonia,,,,,,ChIJCUi8cJ8VVBMRscUfyNZa8uA,2021-09-05,-9,27,52,-11,-9,-6
MK,North Macedonia,,,,,,ChIJCUi8cJ8VVBMRscUfyNZa8uA,2021-09-06,3,34,75,0,-14,-8
MK,North Macedonia,,,,,,ChIJCUi8cJ8VVBMRscUfyNZa8uA,2021-09-07,6,36,93,0,-25,-9
MK,North Macedonia,,,,,,ChIJCUi8cJ8VVBMRscUfyNZa8uA,2021-09-08,-20,7,79,-28,-67,3
MK,North Macedonia,,,,,,ChIJCUi8cJ8VVBMRscUfyNZa8uA,2021-09-09,-5,30,62,-3,-24,-7
MK,North Macedonia,,,,,,ChIJCUi8cJ8VVBMRscUfyNZa8uA,2021-09-10,-2,27,63,-2,-13,-7
MK,North Macedonia,,,,,,ChIJCUi8cJ8VVBMRscUfyNZa8uA,2021-09-11,-6,27,79,-13,-11,-7
MK,North Macedonia,,,,,,ChIJCUi8cJ8VVBMRscUfyNZa8uA,2021-09-12,-7,24,65,-15,-7,-7
MK,North Macedonia,,,,,,ChIJCUi8cJ8VVBMRscUfyNZa8uA,2021-09-13,1,30,75,-3,-10,-8
MK,North Macedonia,,,,,,ChIJCUi8cJ8VVBMRscUfyNZa8uA,2021-09-14,0,29,76,-3,-22,-7
MK,North Macedonia,,,,,,ChIJCUi8cJ8VVBMRscUfyNZa8uA,2021-09-15,-1,29,73,-5,-22,-8
MK,North Macedonia,,,,,,ChIJCUi8cJ8VVBMRscUfyNZa8uA,2021-09-16,-4,28,66,-4,-21,-8
MK,North Macedonia,,,,,,ChIJCUi8cJ8VVBMRscUfyNZa8uA,2021-09-17,-2,26,53,-2,-11,-8
MK,North Macedonia,,,,,,ChIJCUi8cJ8VVBMRscUfyNZa8uA,2021-09-18,-10,22,41,-14,-12,-6
MK,North Macedonia,,,,,,ChIJCUi8cJ8VVBMRscUfyNZa8uA,2021-09-19,-6,25,55,-11,-9,-6
MK,North Macedonia,,,,,,ChIJCUi8cJ8VVBMRscUfyNZa8uA,2021-09-20,0,28,67,-2,-5,-8
MK,North Macedonia,,,,,,ChIJCUi8cJ8VVBMRscUfyNZa8uA,2021-09-21,0,29,71,-5,-17,-7
MK,North Macedonia,,,,,,ChIJCUi8cJ8VVBMRscUfyNZa8uA,2021-09-22,-8,21,38,-7,-15,-6
MK,North Macedonia,,,,,,ChIJCUi8cJ8VVBMRscUfyNZa8uA,2021-09-23,-6,24,51,-4,-14,-7
MK,North Macedonia,,,,,,ChIJCUi8cJ8VVBMRscUfyNZa8uA,2021-09-24,-3,24,44,-1,-3,-7
MK,North Macedonia,,,,,,ChIJCUi8cJ8VVBMRscUfyNZa8uA,2021-09-25,-5,23,74,-7,-10,-9
MK,North Macedonia,,,,,,ChIJCUi8cJ8VVBMRscUfyNZa8uA,2021-09-26,-5,23,70,-11,-8,-8
MK,North Macedonia,,,,,,ChIJCUi8cJ8VVBMRscUfyNZa8uA,2021-09-27,0,26,70,-3,1,-8
MK,North Macedonia,,,,,,ChIJCUi8cJ8VVBMRscUfyNZa8uA,2021-09-28,-5,23,40,-5,-13,-6
MK,North Macedonia,,,,,,ChIJCUi8cJ8VVBMRscUfyNZa8uA,2021-09-29,-4,27,50,-5,-13,-7
MK,North Macedonia,,,,,,ChIJCUi8cJ8VVBMRscUfyNZa8uA,2021-09-30,-10,21,19,-3,-12,-6
MK,North Macedonia,,,,,,ChIJCUi8cJ8VVBMRscUfyNZa8uA,2021-10-01,0,29,30,0,0,-7
MK,North Macedonia,,,,,,ChIJCUi8cJ8VVBMRscUfyNZa8uA,2021-10-02,1,31,66,-4,-9,-8
MK,North Macedonia,,,,,,ChIJCUi8cJ8VVBMRscUfyNZa8uA,2021-10-03,1,29,61,-7,-11,-7
MK,North Macedonia,,,,,,ChIJCUi8cJ8VVBMRscUfyNZa8uA,2021-10-04,3,31,60,2,1,-9
MK,North Macedonia,,,,,,ChIJCUi8cJ8VVBMRscUfyNZa8uA,2021-10-05,2,30,67,0,-13,-8
MK,North Macedonia,,,,,,ChIJCUi8cJ8VVBMRscUfyNZa8uA,2021-10-06,-2,27,50,0,-13,-8
MK,North Macedonia,,,,,,ChIJCUi8cJ8VVBMRscUfyNZa8uA,2021-10-07,-13,16,2,-8,-13,-5
MK,North Macedonia,,,,,,ChIJCUi8cJ8VVBMRscUfyNZa8uA,2021-10-08,-7,20,1,-5,-2,-5
MK,North Macedonia,,,,,,ChIJCUi8cJ8VVBMRscUfyNZa8uA,2021-10-09,-11,21,1,-15,-16,-4
MK,North Macedonia,,,,,,ChIJCUi8cJ8VVBMRscUfyNZa8uA,2021-10-10,-12,18,-3,-19,-15,-1
MK,North Macedonia,,,,,,ChIJCUi8cJ8VVBMRscUfyNZa8uA,2021-10-11,-23,-3,18,-33,-66,6
MK,North Macedonia,,,,,,ChIJCUi8cJ8VVBMRscUfyNZa8uA,2021-10-12,1,30,35,5,-12,-6
MK,North Macedonia,,,,,,ChIJCUi8cJ8VVBMRscUfyNZa8uA,2021-10-13,-2,26,33,0,-12,-7
MK,North Macedonia,,,,,,ChIJCUi8cJ8VVBMRscUfyNZa8uA,2021-10-14,-12,16,0,-8,-12,-5
MK,North Macedonia,,,,,,ChIJCUi8cJ8VVBMRscUfyNZa8uA,2021-10-15,-6,18,-2,-4,1,-4
MK,North Macedonia,,,,,,ChIJCUi8cJ8VVBMRscUfyNZa8uA,2021-10-16,-1,31,22,-8,-8,-4
MK,North Macedonia,,,,,,ChIJCUi8cJ8VVBMRscUfyNZa8uA,2021-10-17,3,39,37,-5,-5,-6
MK,North Macedonia,,,,,,ChIJCUi8cJ8VVBMRscUfyNZa8uA,2021-10-18,2,27,51,-1,2,-6
MK,North Macedonia,,,,,,ChIJCUi8cJ8VVBMRscUfyNZa8uA,2021-10-19,2,28,53,1,-10,-6
MK,North Macedonia,,,,,,ChIJCUi8cJ8VVBMRscUfyNZa8uA,2021-10-20,0,26,54,-2,-11,-7
MK,North Macedonia,,,,,,ChIJCUi8cJ8VVBMRscUfyNZa8uA,2021-10-21,-3,23,46,-3,-10,-7
MK,North Macedonia,,,,,,ChIJCUi8cJ8VVBMRscUfyNZa8uA,2021-10-22,1,22,33,-1,1,-7
MK,North Macedonia,,,,,,ChIJCUi8cJ8VVBMRscUfyNZa8uA,2021-10-23,-9,17,30,-13,-25,-5
MK,North Macedonia,,,,,,ChIJCUi8cJ8VVBMRscUfyNZa8uA,2021-10-24,-7,23,24,-14,-14,-3
MK,North Macedonia,,,,,,ChIJCUi8cJ8VVBMRscUfyNZa8uA,2021-10-25,0,24,41,-1,3,-6
MK,North Macedonia,,,,,,ChIJCUi8cJ8VVBMRscUfyNZa8uA,2021-10-26,1,26,45,0,-10,-6
MK,North Macedonia,,,,,,ChIJCUi8cJ8VVBMRscUfyNZa8uA,2021-10-27,-1,25,48,3,-11,-7
MK,North Macedonia,,,,,,ChIJCUi8cJ8VVBMRscUfyNZa8uA,2021-10-28,-4,21,43,3,-10,-6
MK,North Macedonia,,,,,,ChIJCUi8cJ8VVBMRscUfyNZa8uA,2021-10-29,2,22,31,12,2,-7
MK,North Macedonia,,,,,,ChIJCUi8cJ8VVBMRscUfyNZa8uA,2021-10-30,2,25,55,5,-12,-7
MK,North Macedonia,,,,,,ChIJCUi8cJ8VVBMRscUfyNZa8uA,2021-10-31,5,36,57,5,-9,-7
MK,North Macedonia,,,,,,ChIJCUi8cJ8VVBMRscUfyNZa8uA,2021-11-01,0,26,38,6,3,-6
MK,North Macedonia,,,,,,ChIJCUi8cJ8VVBMRscUfyNZa8uA,2021-11-02,-3,24,18,1,-10,-4
MK,North Macedonia,,,,,,ChIJCUi8cJ8VVBMRscUfyNZa8uA,2021-11-03,-2,26,38,5,-10,-6
MK,North Macedonia,,,,,,ChIJCUi8cJ8VVBMRscUfyNZa8uA,2021-11-04,-3,27,39,7,-9,-6
MK,North Macedonia,,,,,,ChIJCUi8cJ8VVBMRscUfyNZa8uA,2021-11-05,2,28,31,9,2,-6
MK,North Macedonia,,,,,,ChIJCUi8cJ8VVBMRscUfyNZa8uA,2021-11-06,2,29,51,6,-15,-7
MK,North Macedonia,,,,,,ChIJCUi8cJ8VVBMRscUfyNZa8uA,2021-11-07,0,26,55,4,-15,-5
MK,North Macedonia,,,,,,ChIJCUi8cJ8VVBMRscUfyNZa8uA,2021-11-08,-2,26,43,2,4,-6
MK,North Macedonia,,,,,,ChIJCUi8cJ8VVBMRscUfyNZa8uA,2021-11-09,-4,21,31,0,-10,-5
MK,North Macedonia,,,,,,ChIJCUi8cJ8VVBMRscUfyNZa8uA,2021-11-10,-4,22,38,5,-10,-6
MK,North Macedonia,,,,,,ChIJCUi8cJ8VVBMRscUfyNZa8uA,2021-11-11,-5,21,30,7,-9,-5
MK,North Macedonia,,,,,,ChIJCUi8cJ8VVBMRscUfyNZa8uA,2021-11-12,-2,21,17,9,1,-5
MK,North Macedonia,,,,,,ChIJCUi8cJ8VVBMRscUfyNZa8uA,2021-11-13,-1,25,45,8,-13,-5
MK,North Macedonia,,,,,,ChIJCUi8cJ8VVBMRscUfyNZa8uA,2021-11-14,0,22,36,8,-16,-4
MK,North Macedonia,,,,,,ChIJCUi8cJ8VVBMRscUfyNZa8uA,2021-11-15,-3,25,26,6,4,-5
MK,North Macedonia,,,,,,ChIJCUi8cJ8VVBMRscUfyNZa8uA,2021-11-16,-3,24,24,6,-10,-4
MK,North Macedonia,,,,,,ChIJCUi8cJ8VVBMRscUfyNZa8uA,2021-11-17,-4,23,28,4,-11,-5
MK,North Macedonia,,,,,,ChIJCUi8cJ8VVBMRscUfyNZa8uA,2021-11-18,-8,21,20,4,-10,-5
MK,North Macedonia,,,,,,ChIJCUi8cJ8VVBMRscUfyNZa8uA,2021-11-19,-3,21,15,8,2,-4
MK,North Macedonia,,,,,,ChIJCUi8cJ8VVBMRscUfyNZa8uA,2021-11-20,-2,26,41,3,-14,-5
MK,North Macedonia,,,,,,ChIJCUi8cJ8VVBMRscUfyNZa8uA,2021-11-21,-2,27,46,1,-16,-4
MK,North Macedonia,,,,,,ChIJCUi8cJ8VVBMRscUfyNZa8uA,2021-11-22,-7,18,17,2,-2,-4
MK,North Macedonia,,,,,,ChIJCUi8cJ8VVBMRscUfyNZa8uA,2021-11-23,-8,17,12,-1,-10,-3
MK,North Macedonia,,,,,,ChIJCUi8cJ8VVBMRscUfyNZa8uA,2021-11-24,-7,19,20,0,-10,-4
MK,North Macedonia,,,,,,ChIJCUi8cJ8VVBMRscUfyNZa8uA,2021-11-25,-8,18,16,4,-10,-4
MK,North Macedonia,,,,,,ChIJCUi8cJ8VVBMRscUfyNZa8uA,2021-11-26,-2,18,-3,11,2,-4
MK,North Macedonia,,,,,,ChIJCUi8cJ8VVBMRscUfyNZa8uA,2021-11-27,0,27,19,8,-12,-4
MK,North Macedonia,,,,,,ChIJCUi8cJ8VVBMRscUfyNZa8uA,2021-11-28,-10,18,7,-1,-16,-1
MK,North Macedonia,,,,,,ChIJCUi8cJ8VVBMRscUfyNZa8uA,2021-11-29,-5,20,13,2,5,-4
MK,North Macedonia,,,,,,ChIJCUi8cJ8VVBMRscUfyNZa8uA,2021-11-30,-7,19,8,0,-9,-4
MK,North Macedonia,,,,,,ChIJCUi8cJ8VVBMRscUfyNZa8uA,2021-12-01,-4,24,21,4,-9,-5
MK,North Macedonia,,,,,,ChIJCUi8cJ8VVBMRscUfyNZa8uA,2021-12-02,-5,24,16,5,-7,-5
MK,North Macedonia,,,,,,ChIJCUi8cJ8VVBMRscUfyNZa8uA,2021-12-03,-4,22,5,5,4,-4
MK,North Macedonia,,,,,,ChIJCUi8cJ8VVBMRscUfyNZa8uA,2021-12-04,-1,29,26,2,-12,-4
MK,North Macedonia,,,,,,ChIJCUi8cJ8VVBMRscUfyNZa8uA,2021-12-05,-8,20,8,-5,-14,-1
MK,North Macedonia,,,,,,ChIJCUi8cJ8VVBMRscUfyNZa8uA,2021-12-06,-6,20,6,4,6,-4
MK,North Macedonia,,,,,,ChIJCUi8cJ8VVBMRscUfyNZa8uA,2021-12-07,1,24,14,8,-7,-4
MK,North Macedonia,,,,,,ChIJCUi8cJ8VVBMRscUfyNZa8uA,2021-12-08,-10,15,45,-16,-62,6
MK,North Macedonia,,,,,,ChIJCUi8cJ8VVBMRscUfyNZa8uA,2021-12-09,-8,22,6,1,-4,-4
MK,North Macedonia,,,,,,ChIJCUi8cJ8VVBMRscUfyNZa8uA,2021-12-10,-1,23,-1,1,9,-4
MK,North Macedonia,,,,,,ChIJCUi8cJ8VVBMRscUfyNZa8uA,2021-12-11,-14,13,-23,-16,-9,-1
MK,North Macedonia,,,,,,ChIJCUi8cJ8VVBMRscUfyNZa8uA,2021-12-12,-11,17,-20,-15,-10,0
MK,North Macedonia,,,,,,ChIJCUi8cJ8VVBMRscUfyNZa8uA,2021-12-13,-5,21,5,-2,11,-4
MK,North Macedonia,,,,,,ChIJCUi8cJ8VVBMRscUfyNZa8uA,2021-12-14,-4,23,4,-5,-4,-3
MK,North Macedonia,,,,,,ChIJCUi8cJ8VVBMRscUfyNZa8uA,2021-12-15,-3,26,13,-1,-5,-4
MK,North Macedonia,,,,,,ChIJCUi8cJ8VVBMRscUfyNZa8uA,2021-12-16,-4,26,8,4,-4,-4
MK,North Macedonia,,,,,,ChIJCUi8cJ8VVBMRscUfyNZa8uA,2021-12-17,1,25,0,2,8,-4
MK,North Macedonia,,,,,,ChIJCUi8cJ8VVBMRscUfyNZa8uA,2021-12-18,-3,30,5,-2,-8,-3
MK,North Macedonia,,,,,,ChIJCUi8cJ8VVBMRscUfyNZa8uA,2021-12-19,-6,29,7,-3,-11,-1
MK,North Macedonia,,,,,,ChIJCUi8cJ8VVBMRscUfyNZa8uA,2021-12-20,2,26,28,2,10,-4
MK,North Macedonia,,,,,,ChIJCUi8cJ8VVBMRscUfyNZa8uA,2021-12-21,5,27,25,3,-5,-4
MK,North Macedonia,,,,,,ChIJCUi8cJ8VVBMRscUfyNZa8uA,2021-12-22,3,27,28,3,-5,-4
MK,North Macedonia,,,,,,ChIJCUi8cJ8VVBMRscUfyNZa8uA,2021-12-23,3,28,26,9,-4,-4
MK,North Macedonia,,,,,,ChIJCUi8cJ8VVBMRscUfyNZa8uA,2021-12-24,12,31,25,9,8,-4
MK,North Macedonia,,,,,,ChIJCUi8cJ8VVBMRscUfyNZa8uA,2021-12-25,16,40,47,7,-4,-5
MK,North Macedonia,,,,,,ChIJCUi8cJ8VVBMRscUfyNZa8uA,2021-12-26,14,38,36,6,-4,-2
MK,North Macedonia,,,,,,ChIJCUi8cJ8VVBMRscUfyNZa8uA,2021-12-27,22,45,61,17,9,-5
MK,North Macedonia,,,,,,ChIJCUi8cJ8VVBMRscUfyNZa8uA,2021-12-28,27,50,67,20,-6,-5
MK,North Macedonia,,,,,,ChIJCUi8cJ8VVBMRscUfyNZa8uA,2021-12-29,26,55,62,24,-8,-6
MK,North Macedonia,,,,,,ChIJCUi8cJ8VVBMRscUfyNZa8uA,2021-12-30,30,72,74,30,-11,-7
