country_region_code,country_region,sub_region_1,sub_region_2,metro_area,iso_3166_2_code,census_fips_code,place_id,date,retail_and_recreation_percent_change_from_baseline,grocery_and_pharmacy_percent_change_from_baseline,parks_percent_change_from_baseline,transit_stations_percent_change_from_baseline,workplaces_percent_change_from_baseline,residential_percent_change_from_baseline
MT,Malta,,,,,,ChIJxUeGHShFDhMROUK-NmHYgvU,2021-01-01,-55,-60,-7,-41,-77,22
MT,Malta,,,,,,ChIJxUeGHShFDhMROUK-NmHYgvU,2021-01-02,-29,-13,0,-25,-28,10
MT,Malta,,,,,,ChIJxUeGHShFDhMROUK-NmHYgvU,2021-01-03,-24,-16,-2,-18,-10,6
MT,Malta,,,,,,ChIJxUeGHShFDhMROUK-NmHYgvU,2021-01-04,-17,-6,-9,-21,-30,11
MT,Malta,,,,,,ChIJxUeGHShFDhMROUK-NmHYgvU,2021-01-05,-18,-8,-21,-22,-28,11
MT,Malta,,,,,,ChIJxUeGHShFDhMROUK-NmHYgvU,2021-01-06,-18,-8,-5,-19,-27,11
MT,Malta,,,,,,ChIJxUeGHShFDhMROUK-NmHYgvU,2021-01-07,-24,-16,-20,-26,-27,13
MT,Malta,,,,,,ChIJxUeGHShFDhMROUK-NmHYgvU,2021-01-08,-27,-10,-27,-24,-25,13
MT,Malta,,,,,,ChIJxUeGHShFDhMROUK-NmHYgvU,2021-01-09,-26,-8,-27,-24,-7,7
MT,Malta,,,,,,ChIJxUeGHShFDhMROUK-NmHYgvU,2021-01-10,-30,-13,-29,-25,-8,8
MT,Malta,,,,,,ChIJxUeGHShFDhMROUK-NmHYgvU,2021-01-11,-25,-8,-23,-22,-21,10
MT,Malta,,,,,,ChIJxUeGHShFDhMROUK-NmHYgvU,2021-01-12,-27,-15,-39,-25,-21,11
MT,Malta,,,,,,ChIJxUeGHShFDhMROUK-NmHYgvU,2021-01-13,-28,-15,-34,-24,-22,10
MT,Malta,,,,,,ChIJxUeGHShFDhMROUK-NmHYgvU,2021-01-14,-30,-19,-43,-29,-24,11
MT,Malta,,,,,,ChIJxUeGHShFDhMROUK-NmHYgvU,2021-01-15,-31,-11,-38,-27,-24,10
MT,Malta,,,,,,ChIJxUeGHShFDhMROUK-NmHYgvU,2021-01-16,-29,-12,-36,-29,-11,7
MT,Malta,,,,,,ChIJxUeGHShFDhMROUK-NmHYgvU,2021-01-17,-34,-16,-39,-32,-13,7
MT,Malta,,,,,,ChIJxUeGHShFDhMROUK-NmHYgvU,2021-01-18,-30,-15,-35,-28,-24,10
MT,Malta,,,,,,ChIJxUeGHShFDhMROUK-NmHYgvU,2021-01-19,-22,-15,-25,-23,-23,9
MT,Malta,,,,,,ChIJxUeGHShFDhMROUK-NmHYgvU,2021-01-20,-25,-15,-24,-22,-23,9
MT,Malta,,,,,,ChIJxUeGHShFDhMROUK-NmHYgvU,2021-01-21,-25,-14,-26,-26,-23,10
MT,Malta,,,,,,ChIJxUeGHShFDhMROUK-NmHYgvU,2021-01-22,-25,-11,-20,-21,-22,10
MT,Malta,,,,,,ChIJxUeGHShFDhMROUK-NmHYgvU,2021-01-23,-25,-10,-22,-23,-9,6
MT,Malta,,,,,,ChIJxUeGHShFDhMROUK-NmHYgvU,2021-01-24,-32,-15,-31,-29,-12,7
MT,Malta,,,,,,ChIJxUeGHShFDhMROUK-NmHYgvU,2021-01-25,-25,-12,-21,-25,-24,9
MT,Malta,,,,,,ChIJxUeGHShFDhMROUK-NmHYgvU,2021-01-26,-29,-19,-46,-30,-23,11
MT,Malta,,,,,,ChIJxUeGHShFDhMROUK-NmHYgvU,2021-01-27,-24,-13,-25,-23,-23,10
MT,Malta,,,,,,ChIJxUeGHShFDhMROUK-NmHYgvU,2021-01-28,-23,-13,-23,-25,-23,10
MT,Malta,,,,,,ChIJxUeGHShFDhMROUK-NmHYgvU,2021-01-29,-21,-5,-20,-20,-22,9
MT,Malta,,,,,,ChIJxUeGHShFDhMROUK-NmHYgvU,2021-01-30,-18,-3,0,-16,-10,4
MT,Malta,,,,,,ChIJxUeGHShFDhMROUK-NmHYgvU,2021-01-31,-30,-8,-34,-27,-11,6
MT,Malta,,,,,,ChIJxUeGHShFDhMROUK-NmHYgvU,2021-02-01,-23,-7,-17,-23,-23,9
MT,Malta,,,,,,ChIJxUeGHShFDhMROUK-NmHYgvU,2021-02-02,-22,-10,-31,-22,-21,9
MT,Malta,,,,,,ChIJxUeGHShFDhMROUK-NmHYgvU,2021-02-03,-20,-11,-9,-20,-21,8
MT,Malta,,,,,,ChIJxUeGHShFDhMROUK-NmHYgvU,2021-02-04,-20,-13,-11,-24,-22,8
MT,Malta,,,,,,ChIJxUeGHShFDhMROUK-NmHYgvU,2021-02-05,-20,-4,-8,-21,-21,8
MT,Malta,,,,,,ChIJxUeGHShFDhMROUK-NmHYgvU,2021-02-06,-17,-4,8,-18,-9,3
MT,Malta,,,,,,ChIJxUeGHShFDhMROUK-NmHYgvU,2021-02-07,-27,-8,-21,-28,-11,5
MT,Malta,,,,,,ChIJxUeGHShFDhMROUK-NmHYgvU,2021-02-08,-22,-7,-20,-24,-23,8
MT,Malta,,,,,,ChIJxUeGHShFDhMROUK-NmHYgvU,2021-02-09,-8,-3,-19,-18,-21,6
MT,Malta,,,,,,ChIJxUeGHShFDhMROUK-NmHYgvU,2021-02-10,-10,-16,83,-21,-69,16
MT,Malta,,,,,,ChIJxUeGHShFDhMROUK-NmHYgvU,2021-02-11,-18,-5,-26,-26,-22,9
MT,Malta,,,,,,ChIJxUeGHShFDhMROUK-NmHYgvU,2021-02-12,-18,0,-8,-22,-22,8
MT,Malta,,,,,,ChIJxUeGHShFDhMROUK-NmHYgvU,2021-02-13,-20,0,-13,-28,-9,4
MT,Malta,,,,,,ChIJxUeGHShFDhMROUK-NmHYgvU,2021-02-14,-22,-9,-20,-32,-8,5
MT,Malta,,,,,,ChIJxUeGHShFDhMROUK-NmHYgvU,2021-02-15,-18,-7,-14,-28,-31,9
MT,Malta,,,,,,ChIJxUeGHShFDhMROUK-NmHYgvU,2021-02-16,-12,-4,-9,-24,-27,9
MT,Malta,,,,,,ChIJxUeGHShFDhMROUK-NmHYgvU,2021-02-17,-17,-3,-2,-22,-24,9
MT,Malta,,,,,,ChIJxUeGHShFDhMROUK-NmHYgvU,2021-02-18,-18,-4,-6,-23,-19,9
MT,Malta,,,,,,ChIJxUeGHShFDhMROUK-NmHYgvU,2021-02-19,-20,2,-14,-21,-18,8
MT,Malta,,,,,,ChIJxUeGHShFDhMROUK-NmHYgvU,2021-02-20,-16,3,7,-22,-6,3
MT,Malta,,,,,,ChIJxUeGHShFDhMROUK-NmHYgvU,2021-02-21,-20,0,6,-20,-6,3
MT,Malta,,,,,,ChIJxUeGHShFDhMROUK-NmHYgvU,2021-02-22,-19,-2,-11,-23,-20,8
MT,Malta,,,,,,ChIJxUeGHShFDhMROUK-NmHYgvU,2021-02-23,-17,-4,-21,-23,-17,8
MT,Malta,,,,,,ChIJxUeGHShFDhMROUK-NmHYgvU,2021-02-24,-16,-3,-6,-20,-19,8
MT,Malta,,,,,,ChIJxUeGHShFDhMROUK-NmHYgvU,2021-02-25,-15,-4,-10,-23,-19,8
MT,Malta,,,,,,ChIJxUeGHShFDhMROUK-NmHYgvU,2021-02-26,-17,6,-14,-21,-20,8
MT,Malta,,,,,,ChIJxUeGHShFDhMROUK-NmHYgvU,2021-02-27,-13,6,7,-20,-7,2
MT,Malta,,,,,,ChIJxUeGHShFDhMROUK-NmHYgvU,2021-02-28,-17,6,11,-20,-7,2
MT,Malta,,,,,,ChIJxUeGHShFDhMROUK-NmHYgvU,2021-03-01,-19,1,-12,-23,-20,8
MT,Malta,,,,,,ChIJxUeGHShFDhMROUK-NmHYgvU,2021-03-02,-16,-3,-26,-22,-19,8
MT,Malta,,,,,,ChIJxUeGHShFDhMROUK-NmHYgvU,2021-03-03,-19,-1,-18,-22,-20,9
MT,Malta,,,,,,ChIJxUeGHShFDhMROUK-NmHYgvU,2021-03-04,-17,-5,-13,-23,-21,9
MT,Malta,,,,,,ChIJxUeGHShFDhMROUK-NmHYgvU,2021-03-05,-35,6,-20,-23,-23,11
MT,Malta,,,,,,ChIJxUeGHShFDhMROUK-NmHYgvU,2021-03-06,-34,8,-1,-23,-13,6
MT,Malta,,,,,,ChIJxUeGHShFDhMROUK-NmHYgvU,2021-03-07,-44,4,-10,-25,-15,7
MT,Malta,,,,,,ChIJxUeGHShFDhMROUK-NmHYgvU,2021-03-08,-35,-3,-29,-30,-26,11
MT,Malta,,,,,,ChIJxUeGHShFDhMROUK-NmHYgvU,2021-03-09,-32,-4,-29,-26,-24,11
MT,Malta,,,,,,ChIJxUeGHShFDhMROUK-NmHYgvU,2021-03-10,-33,-2,-18,-25,-25,11
MT,Malta,,,,,,ChIJxUeGHShFDhMROUK-NmHYgvU,2021-03-11,-42,-4,-13,-29,-30,14
MT,Malta,,,,,,ChIJxUeGHShFDhMROUK-NmHYgvU,2021-03-12,-46,3,-15,-27,-30,15
MT,Malta,,,,,,ChIJxUeGHShFDhMROUK-NmHYgvU,2021-03-13,-49,2,-15,-33,-22,10
MT,Malta,,,,,,ChIJxUeGHShFDhMROUK-NmHYgvU,2021-03-14,-52,-3,-13,-33,-23,10
MT,Malta,,,,,,ChIJxUeGHShFDhMROUK-NmHYgvU,2021-03-15,-43,-6,-20,-34,-38,16
MT,Malta,,,,,,ChIJxUeGHShFDhMROUK-NmHYgvU,2021-03-16,-48,-14,-46,-39,-38,18
MT,Malta,,,,,,ChIJxUeGHShFDhMROUK-NmHYgvU,2021-03-17,-41,-3,-4,-28,-36,15
MT,Malta,,,,,,ChIJxUeGHShFDhMROUK-NmHYgvU,2021-03-18,-41,-2,-25,-32,-39,16
MT,Malta,,,,,,ChIJxUeGHShFDhMROUK-NmHYgvU,2021-03-19,-48,-4,37,-29,-71,24
MT,Malta,,,,,,ChIJxUeGHShFDhMROUK-NmHYgvU,2021-03-20,-47,6,-13,-32,-23,11
MT,Malta,,,,,,ChIJxUeGHShFDhMROUK-NmHYgvU,2021-03-21,-57,-10,-38,-40,-21,12
MT,Malta,,,,,,ChIJxUeGHShFDhMROUK-NmHYgvU,2021-03-22,-41,-4,-24,-32,-37,15
MT,Malta,,,,,,ChIJxUeGHShFDhMROUK-NmHYgvU,2021-03-23,-45,-11,-44,-36,-35,16
MT,Malta,,,,,,ChIJxUeGHShFDhMROUK-NmHYgvU,2021-03-24,-39,-2,-10,-28,-35,15
MT,Malta,,,,,,ChIJxUeGHShFDhMROUK-NmHYgvU,2021-03-25,-38,-2,-9,-28,-35,15
MT,Malta,,,,,,ChIJxUeGHShFDhMROUK-NmHYgvU,2021-03-26,-42,6,-6,-26,-34,16
MT,Malta,,,,,,ChIJxUeGHShFDhMROUK-NmHYgvU,2021-03-27,-40,9,7,-23,-17,7
MT,Malta,,,,,,ChIJxUeGHShFDhMROUK-NmHYgvU,2021-03-28,-42,-2,8,-23,-18,7
MT,Malta,,,,,,ChIJxUeGHShFDhMROUK-NmHYgvU,2021-03-29,-32,2,6,-25,-34,13
MT,Malta,,,,,,ChIJxUeGHShFDhMROUK-NmHYgvU,2021-03-30,-26,7,4,-21,-33,11
MT,Malta,,,,,,ChIJxUeGHShFDhMROUK-NmHYgvU,2021-03-31,-36,-5,73,-22,-70,19
MT,Malta,,,,,,ChIJxUeGHShFDhMROUK-NmHYgvU,2021-04-01,-22,28,21,-20,-47,13
MT,Malta,,,,,,ChIJxUeGHShFDhMROUK-NmHYgvU,2021-04-02,-55,-31,52,-31,-75,24
MT,Malta,,,,,,ChIJxUeGHShFDhMROUK-NmHYgvU,2021-04-03,-41,25,-1,-27,-24,8
MT,Malta,,,,,,ChIJxUeGHShFDhMROUK-NmHYgvU,2021-04-04,-58,-27,-27,-34,-20,9
MT,Malta,,,,,,ChIJxUeGHShFDhMROUK-NmHYgvU,2021-04-05,-39,-2,-29,-32,-38,15
MT,Malta,,,,,,ChIJxUeGHShFDhMROUK-NmHYgvU,2021-04-06,-32,1,-6,-25,-32,12
MT,Malta,,,,,,ChIJxUeGHShFDhMROUK-NmHYgvU,2021-04-07,-34,0,12,-20,-33,12
MT,Malta,,,,,,ChIJxUeGHShFDhMROUK-NmHYgvU,2021-04-08,-35,0,-3,-23,-33,13
MT,Malta,,,,,,ChIJxUeGHShFDhMROUK-NmHYgvU,2021-04-09,-38,7,4,-21,-32,14
MT,Malta,,,,,,ChIJxUeGHShFDhMROUK-NmHYgvU,2021-04-10,-42,7,2,-24,-16,7
MT,Malta,,,,,,ChIJxUeGHShFDhMROUK-NmHYgvU,2021-04-11,-46,-1,-11,-28,-17,8
MT,Malta,,,,,,ChIJxUeGHShFDhMROUK-NmHYgvU,2021-04-12,-37,2,-19,-27,-27,12
MT,Malta,,,,,,ChIJxUeGHShFDhMROUK-NmHYgvU,2021-04-13,-35,1,-20,-24,-25,12
MT,Malta,,,,,,ChIJxUeGHShFDhMROUK-NmHYgvU,2021-04-14,-33,2,6,-18,-25,10
MT,Malta,,,,,,ChIJxUeGHShFDhMROUK-NmHYgvU,2021-04-15,-38,0,-19,-24,-25,12
MT,Malta,,,,,,ChIJxUeGHShFDhMROUK-NmHYgvU,2021-04-16,-46,5,-34,-28,-24,14
MT,Malta,,,,,,ChIJxUeGHShFDhMROUK-NmHYgvU,2021-04-17,-41,10,-4,-24,-14,8
MT,Malta,,,,,,ChIJxUeGHShFDhMROUK-NmHYgvU,2021-04-18,-41,4,6,-21,-12,7
MT,Malta,,,,,,ChIJxUeGHShFDhMROUK-NmHYgvU,2021-04-19,-36,4,-12,-23,-22,11
MT,Malta,,,,,,ChIJxUeGHShFDhMROUK-NmHYgvU,2021-04-20,-31,4,-9,-19,-20,10
MT,Malta,,,,,,ChIJxUeGHShFDhMROUK-NmHYgvU,2021-04-21,-35,4,-4,-19,-21,10
MT,Malta,,,,,,ChIJxUeGHShFDhMROUK-NmHYgvU,2021-04-22,-37,2,-21,-24,-22,12
MT,Malta,,,,,,ChIJxUeGHShFDhMROUK-NmHYgvU,2021-04-23,-40,11,-22,-22,-21,12
MT,Malta,,,,,,ChIJxUeGHShFDhMROUK-NmHYgvU,2021-04-24,-38,10,8,-19,-11,6
MT,Malta,,,,,,ChIJxUeGHShFDhMROUK-NmHYgvU,2021-04-25,-37,7,19,-16,-10,5
MT,Malta,,,,,,ChIJxUeGHShFDhMROUK-NmHYgvU,2021-04-26,-15,8,2,-15,-18,8
MT,Malta,,,,,,ChIJxUeGHShFDhMROUK-NmHYgvU,2021-04-27,-14,6,-5,-16,-17,8
MT,Malta,,,,,,ChIJxUeGHShFDhMROUK-NmHYgvU,2021-04-28,-16,8,11,-13,-18,8
MT,Malta,,,,,,ChIJxUeGHShFDhMROUK-NmHYgvU,2021-04-29,-17,8,4,-15,-19,9
MT,Malta,,,,,,ChIJxUeGHShFDhMROUK-NmHYgvU,2021-04-30,-19,24,5,-9,-19,8
MT,Malta,,,,,,ChIJxUeGHShFDhMROUK-NmHYgvU,2021-05-01,-29,8,18,-14,-26,6
MT,Malta,,,,,,ChIJxUeGHShFDhMROUK-NmHYgvU,2021-05-02,-31,11,-3,-18,-9,5
MT,Malta,,,,,,ChIJxUeGHShFDhMROUK-NmHYgvU,2021-05-03,-17,13,1,-15,-19,8
MT,Malta,,,,,,ChIJxUeGHShFDhMROUK-NmHYgvU,2021-05-04,-13,11,3,-11,-16,7
MT,Malta,,,,,,ChIJxUeGHShFDhMROUK-NmHYgvU,2021-05-05,-17,10,5,-12,-17,8
MT,Malta,,,,,,ChIJxUeGHShFDhMROUK-NmHYgvU,2021-05-06,-17,8,3,-14,-17,9
MT,Malta,,,,,,ChIJxUeGHShFDhMROUK-NmHYgvU,2021-05-07,-19,20,14,-9,-17,8
MT,Malta,,,,,,ChIJxUeGHShFDhMROUK-NmHYgvU,2021-05-08,-17,24,29,-6,-6,2
MT,Malta,,,,,,ChIJxUeGHShFDhMROUK-NmHYgvU,2021-05-09,-28,13,16,-10,-4,3
MT,Malta,,,,,,ChIJxUeGHShFDhMROUK-NmHYgvU,2021-05-10,-10,8,22,-12,-17,7
MT,Malta,,,,,,ChIJxUeGHShFDhMROUK-NmHYgvU,2021-05-11,-8,8,4,-13,-15,7
MT,Malta,,,,,,ChIJxUeGHShFDhMROUK-NmHYgvU,2021-05-12,-8,12,10,-9,-16,7
MT,Malta,,,,,,ChIJxUeGHShFDhMROUK-NmHYgvU,2021-05-13,-7,11,15,-9,-17,8
MT,Malta,,,,,,ChIJxUeGHShFDhMROUK-NmHYgvU,2021-05-14,-12,20,18,-5,-17,7
MT,Malta,,,,,,ChIJxUeGHShFDhMROUK-NmHYgvU,2021-05-15,-12,17,16,-6,-5,3
MT,Malta,,,,,,ChIJxUeGHShFDhMROUK-NmHYgvU,2021-05-16,-8,10,18,-6,-1,2
MT,Malta,,,,,,ChIJxUeGHShFDhMROUK-NmHYgvU,2021-05-17,-8,13,23,-7,-15,7
MT,Malta,,,,,,ChIJxUeGHShFDhMROUK-NmHYgvU,2021-05-18,-7,12,6,-10,-12,7
MT,Malta,,,,,,ChIJxUeGHShFDhMROUK-NmHYgvU,2021-05-19,-7,12,21,-8,-14,6
MT,Malta,,,,,,ChIJxUeGHShFDhMROUK-NmHYgvU,2021-05-20,-7,16,9,-13,-14,8
MT,Malta,,,,,,ChIJxUeGHShFDhMROUK-NmHYgvU,2021-05-21,-10,23,21,-3,-14,7
MT,Malta,,,,,,ChIJxUeGHShFDhMROUK-NmHYgvU,2021-05-22,-13,23,14,-5,-2,2
MT,Malta,,,,,,ChIJxUeGHShFDhMROUK-NmHYgvU,2021-05-23,-11,6,9,-7,-1,3
MT,Malta,,,,,,ChIJxUeGHShFDhMROUK-NmHYgvU,2021-05-24,-2,14,23,-5,-14,6
MT,Malta,,,,,,ChIJxUeGHShFDhMROUK-NmHYgvU,2021-05-25,1,11,8,-7,-11,6
MT,Malta,,,,,,ChIJxUeGHShFDhMROUK-NmHYgvU,2021-05-26,1,14,23,-3,-13,6
MT,Malta,,,,,,ChIJxUeGHShFDhMROUK-NmHYgvU,2021-05-27,1,13,22,-7,-13,6
MT,Malta,,,,,,ChIJxUeGHShFDhMROUK-NmHYgvU,2021-05-28,0,24,19,-1,-13,5
MT,Malta,,,,,,ChIJxUeGHShFDhMROUK-NmHYgvU,2021-05-29,-1,20,15,-1,-1,1
MT,Malta,,,,,,ChIJxUeGHShFDhMROUK-NmHYgvU,2021-05-30,0,11,13,-3,0,1
MT,Malta,,,,,,ChIJxUeGHShFDhMROUK-NmHYgvU,2021-05-31,3,20,30,-2,-13,5
MT,Malta,,,,,,ChIJxUeGHShFDhMROUK-NmHYgvU,2021-06-01,6,18,10,-2,-10,5
MT,Malta,,,,,,ChIJxUeGHShFDhMROUK-NmHYgvU,2021-06-02,5,19,19,2,-12,5
MT,Malta,,,,,,ChIJxUeGHShFDhMROUK-NmHYgvU,2021-06-03,8,17,32,0,-11,5
MT,Malta,,,,,,ChIJxUeGHShFDhMROUK-NmHYgvU,2021-06-04,5,25,39,5,-13,4
MT,Malta,,,,,,ChIJxUeGHShFDhMROUK-NmHYgvU,2021-06-05,2,20,37,6,-1,-1
MT,Malta,,,,,,ChIJxUeGHShFDhMROUK-NmHYgvU,2021-06-06,5,10,23,3,-1,0
MT,Malta,,,,,,ChIJxUeGHShFDhMROUK-NmHYgvU,2021-06-07,14,2,102,1,-69,12
MT,Malta,,,,,,ChIJxUeGHShFDhMROUK-NmHYgvU,2021-06-08,13,23,20,1,-11,4
MT,Malta,,,,,,ChIJxUeGHShFDhMROUK-NmHYgvU,2021-06-09,12,22,37,6,-11,4
MT,Malta,,,,,,ChIJxUeGHShFDhMROUK-NmHYgvU,2021-06-10,13,18,38,3,-10,4
MT,Malta,,,,,,ChIJxUeGHShFDhMROUK-NmHYgvU,2021-06-11,9,23,39,5,-10,2
MT,Malta,,,,,,ChIJxUeGHShFDhMROUK-NmHYgvU,2021-06-12,5,17,34,4,2,-2
MT,Malta,,,,,,ChIJxUeGHShFDhMROUK-NmHYgvU,2021-06-13,2,7,15,1,-1,0
MT,Malta,,,,,,ChIJxUeGHShFDhMROUK-NmHYgvU,2021-06-14,9,18,45,3,-12,4
MT,Malta,,,,,,ChIJxUeGHShFDhMROUK-NmHYgvU,2021-06-15,14,16,28,1,-8,4
MT,Malta,,,,,,ChIJxUeGHShFDhMROUK-NmHYgvU,2021-06-16,14,17,46,6,-11,3
MT,Malta,,,,,,ChIJxUeGHShFDhMROUK-NmHYgvU,2021-06-17,13,16,44,3,-12,3
MT,Malta,,,,,,ChIJxUeGHShFDhMROUK-NmHYgvU,2021-06-18,10,24,44,6,-13,1
MT,Malta,,,,,,ChIJxUeGHShFDhMROUK-NmHYgvU,2021-06-19,6,18,40,4,-1,-3
MT,Malta,,,,,,ChIJxUeGHShFDhMROUK-NmHYgvU,2021-06-20,2,6,13,1,-1,-2
MT,Malta,,,,,,ChIJxUeGHShFDhMROUK-NmHYgvU,2021-06-21,8,17,44,2,-14,3
MT,Malta,,,,,,ChIJxUeGHShFDhMROUK-NmHYgvU,2021-06-22,15,15,32,1,-10,3
MT,Malta,,,,,,ChIJxUeGHShFDhMROUK-NmHYgvU,2021-06-23,14,17,47,6,-11,2
MT,Malta,,,,,,ChIJxUeGHShFDhMROUK-NmHYgvU,2021-06-24,16,17,48,4,-11,3
MT,Malta,,,,,,ChIJxUeGHShFDhMROUK-NmHYgvU,2021-06-25,12,24,50,8,-13,1
MT,Malta,,,,,,ChIJxUeGHShFDhMROUK-NmHYgvU,2021-06-26,5,17,37,7,-1,-3
MT,Malta,,,,,,ChIJxUeGHShFDhMROUK-NmHYgvU,2021-06-27,2,7,20,2,-1,-2
MT,Malta,,,,,,ChIJxUeGHShFDhMROUK-NmHYgvU,2021-06-28,34,27,86,11,-33,0
MT,Malta,,,,,,ChIJxUeGHShFDhMROUK-NmHYgvU,2021-06-29,8,-10,77,-5,-69,9
MT,Malta,,,,,,ChIJxUeGHShFDhMROUK-NmHYgvU,2021-06-30,17,21,51,9,-15,0
MT,Malta,,,,,,ChIJxUeGHShFDhMROUK-NmHYgvU,2021-07-01,20,19,56,8,-14,2
MT,Malta,,,,,,ChIJxUeGHShFDhMROUK-NmHYgvU,2021-07-02,14,24,50,9,-14,1
MT,Malta,,,,,,ChIJxUeGHShFDhMROUK-NmHYgvU,2021-07-03,9,19,44,11,2,-3
MT,Malta,,,,,,ChIJxUeGHShFDhMROUK-NmHYgvU,2021-07-04,9,10,30,9,3,-2
MT,Malta,,,,,,ChIJxUeGHShFDhMROUK-NmHYgvU,2021-07-05,24,25,69,13,-14,2
MT,Malta,,,,,,ChIJxUeGHShFDhMROUK-NmHYgvU,2021-07-06,29,21,48,11,-9,1
MT,Malta,,,,,,ChIJxUeGHShFDhMROUK-NmHYgvU,2021-07-07,26,22,69,17,-15,1
MT,Malta,,,,,,ChIJxUeGHShFDhMROUK-NmHYgvU,2021-07-08,26,21,74,13,-15,1
MT,Malta,,,,,,ChIJxUeGHShFDhMROUK-NmHYgvU,2021-07-09,19,27,68,16,-16,1
MT,Malta,,,,,,ChIJxUeGHShFDhMROUK-NmHYgvU,2021-07-10,12,21,58,17,3,-4
MT,Malta,,,,,,ChIJxUeGHShFDhMROUK-NmHYgvU,2021-07-11,9,17,23,11,5,-3
MT,Malta,,,,,,ChIJxUeGHShFDhMROUK-NmHYgvU,2021-07-12,21,21,77,16,-18,2
MT,Malta,,,,,,ChIJxUeGHShFDhMROUK-NmHYgvU,2021-07-13,26,21,61,14,-14,2
MT,Malta,,,,,,ChIJxUeGHShFDhMROUK-NmHYgvU,2021-07-14,27,22,78,15,-15,1
MT,Malta,,,,,,ChIJxUeGHShFDhMROUK-NmHYgvU,2021-07-15,28,22,75,10,-15,2
MT,Malta,,,,,,ChIJxUeGHShFDhMROUK-NmHYgvU,2021-07-16,19,27,63,13,-17,1
MT,Malta,,,,,,ChIJxUeGHShFDhMROUK-NmHYgvU,2021-07-17,13,20,42,9,3,-2
MT,Malta,,,,,,ChIJxUeGHShFDhMROUK-NmHYgvU,2021-07-18,10,12,12,3,5,0
MT,Malta,,,,,,ChIJxUeGHShFDhMROUK-NmHYgvU,2021-07-19,20,23,69,9,-18,2
MT,Malta,,,,,,ChIJxUeGHShFDhMROUK-NmHYgvU,2021-07-20,23,19,50,6,-15,3
MT,Malta,,,,,,ChIJxUeGHShFDhMROUK-NmHYgvU,2021-07-21,21,18,72,10,-16,2
MT,Malta,,,,,,ChIJxUeGHShFDhMROUK-NmHYgvU,2021-07-22,21,17,71,6,-15,2
MT,Malta,,,,,,ChIJxUeGHShFDhMROUK-NmHYgvU,2021-07-23,15,24,60,9,-17,2
MT,Malta,,,,,,ChIJxUeGHShFDhMROUK-NmHYgvU,2021-07-24,7,15,53,7,2,-3
MT,Malta,,,,,,ChIJxUeGHShFDhMROUK-NmHYgvU,2021-07-25,6,9,32,6,3,-3
MT,Malta,,,,,,ChIJxUeGHShFDhMROUK-NmHYgvU,2021-07-26,18,21,71,6,-18,2
MT,Malta,,,,,,ChIJxUeGHShFDhMROUK-NmHYgvU,2021-07-27,22,18,52,6,-13,2
MT,Malta,,,,,,ChIJxUeGHShFDhMROUK-NmHYgvU,2021-07-28,22,19,75,13,-15,1
MT,Malta,,,,,,ChIJxUeGHShFDhMROUK-NmHYgvU,2021-07-29,23,18,65,8,-14,2
MT,Malta,,,,,,ChIJxUeGHShFDhMROUK-NmHYgvU,2021-07-30,17,26,62,11,-16,1
MT,Malta,,,,,,ChIJxUeGHShFDhMROUK-NmHYgvU,2021-07-31,8,18,46,8,3,-3
MT,Malta,,,,,,ChIJxUeGHShFDhMROUK-NmHYgvU,2021-08-01,4,11,22,3,5,-2
MT,Malta,,,,,,ChIJxUeGHShFDhMROUK-NmHYgvU,2021-08-02,19,22,66,9,-17,3
MT,Malta,,,,,,ChIJxUeGHShFDhMROUK-NmHYgvU,2021-08-03,25,21,50,8,-13,2
MT,Malta,,,,,,ChIJxUeGHShFDhMROUK-NmHYgvU,2021-08-04,25,21,71,11,-14,2
MT,Malta,,,,,,ChIJxUeGHShFDhMROUK-NmHYgvU,2021-08-05,26,18,67,10,-14,2
MT,Malta,,,,,,ChIJxUeGHShFDhMROUK-NmHYgvU,2021-08-06,20,27,65,13,-16,1
MT,Malta,,,,,,ChIJxUeGHShFDhMROUK-NmHYgvU,2021-08-07,11,18,52,13,4,-3
MT,Malta,,,,,,ChIJxUeGHShFDhMROUK-NmHYgvU,2021-08-08,8,10,28,9,7,-2
MT,Malta,,,,,,ChIJxUeGHShFDhMROUK-NmHYgvU,2021-08-09,24,22,79,13,-20,2
MT,Malta,,,,,,ChIJxUeGHShFDhMROUK-NmHYgvU,2021-08-10,30,20,66,13,-16,2
MT,Malta,,,,,,ChIJxUeGHShFDhMROUK-NmHYgvU,2021-08-11,26,22,83,14,-19,3
MT,Malta,,,,,,ChIJxUeGHShFDhMROUK-NmHYgvU,2021-08-12,28,21,80,13,-19,3
MT,Malta,,,,,,ChIJxUeGHShFDhMROUK-NmHYgvU,2021-08-13,20,28,77,15,-23,3
MT,Malta,,,,,,ChIJxUeGHShFDhMROUK-NmHYgvU,2021-08-14,8,18,55,13,-4,-2
MT,Malta,,,,,,ChIJxUeGHShFDhMROUK-NmHYgvU,2021-08-15,4,9,33,10,4,-1
MT,Malta,,,,,,ChIJxUeGHShFDhMROUK-NmHYgvU,2021-08-16,26,24,101,15,-32,4
MT,Malta,,,,,,ChIJxUeGHShFDhMROUK-NmHYgvU,2021-08-17,28,21,69,13,-25,4
MT,Malta,,,,,,ChIJxUeGHShFDhMROUK-NmHYgvU,2021-08-18,31,22,95,14,-22,3
MT,Malta,,,,,,ChIJxUeGHShFDhMROUK-NmHYgvU,2021-08-19,29,19,87,12,-22,4
MT,Malta,,,,,,ChIJxUeGHShFDhMROUK-NmHYgvU,2021-08-20,20,26,86,14,-24,3
MT,Malta,,,,,,ChIJxUeGHShFDhMROUK-NmHYgvU,2021-08-21,9,15,63,14,-3,-2
MT,Malta,,,,,,ChIJxUeGHShFDhMROUK-NmHYgvU,2021-08-22,8,10,32,13,8,-2
MT,Malta,,,,,,ChIJxUeGHShFDhMROUK-NmHYgvU,2021-08-23,25,24,89,14,-16,3
MT,Malta,,,,,,ChIJxUeGHShFDhMROUK-NmHYgvU,2021-08-24,28,20,66,13,-11,2
MT,Malta,,,,,,ChIJxUeGHShFDhMROUK-NmHYgvU,2021-08-25,27,22,95,16,-13,2
MT,Malta,,,,,,ChIJxUeGHShFDhMROUK-NmHYgvU,2021-08-26,27,20,71,13,-13,3
MT,Malta,,,,,,ChIJxUeGHShFDhMROUK-NmHYgvU,2021-08-27,21,26,68,15,-14,1
MT,Malta,,,,,,ChIJxUeGHShFDhMROUK-NmHYgvU,2021-08-28,12,20,51,14,6,-3
MT,Malta,,,,,,ChIJxUeGHShFDhMROUK-NmHYgvU,2021-08-29,10,14,24,12,10,-1
MT,Malta,,,,,,ChIJxUeGHShFDhMROUK-NmHYgvU,2021-08-30,26,26,79,15,-15,2
MT,Malta,,,,,,ChIJxUeGHShFDhMROUK-NmHYgvU,2021-08-31,29,22,55,14,-10,2
MT,Malta,,,,,,ChIJxUeGHShFDhMROUK-NmHYgvU,2021-09-01,28,24,79,17,-12,1
MT,Malta,,,,,,ChIJxUeGHShFDhMROUK-NmHYgvU,2021-09-02,28,20,69,13,-11,2
MT,Malta,,,,,,ChIJxUeGHShFDhMROUK-NmHYgvU,2021-09-03,21,28,64,16,-12,1
MT,Malta,,,,,,ChIJxUeGHShFDhMROUK-NmHYgvU,2021-09-04,12,18,47,13,6,-2
MT,Malta,,,,,,ChIJxUeGHShFDhMROUK-NmHYgvU,2021-09-05,13,14,24,12,10,-1
MT,Malta,,,,,,ChIJxUeGHShFDhMROUK-NmHYgvU,2021-09-06,28,25,75,15,-16,2
MT,Malta,,,,,,ChIJxUeGHShFDhMROUK-NmHYgvU,2021-09-07,45,26,70,17,-13,0
MT,Malta,,,,,,ChIJxUeGHShFDhMROUK-NmHYgvU,2021-09-08,32,4,140,14,-65,10
MT,Malta,,,,,,ChIJxUeGHShFDhMROUK-NmHYgvU,2021-09-09,30,28,71,18,-15,2
MT,Malta,,,,,,ChIJxUeGHShFDhMROUK-NmHYgvU,2021-09-10,23,28,59,16,-15,2
MT,Malta,,,,,,ChIJxUeGHShFDhMROUK-NmHYgvU,2021-09-11,17,19,45,13,6,-2
MT,Malta,,,,,,ChIJxUeGHShFDhMROUK-NmHYgvU,2021-09-12,18,17,25,16,11,0
MT,Malta,,,,,,ChIJxUeGHShFDhMROUK-NmHYgvU,2021-09-13,29,27,82,18,-14,2
MT,Malta,,,,,,ChIJxUeGHShFDhMROUK-NmHYgvU,2021-09-14,32,23,59,13,-11,2
MT,Malta,,,,,,ChIJxUeGHShFDhMROUK-NmHYgvU,2021-09-15,29,24,89,18,-13,1
MT,Malta,,,,,,ChIJxUeGHShFDhMROUK-NmHYgvU,2021-09-16,26,19,69,13,-14,1
MT,Malta,,,,,,ChIJxUeGHShFDhMROUK-NmHYgvU,2021-09-17,19,25,68,18,-16,1
MT,Malta,,,,,,ChIJxUeGHShFDhMROUK-NmHYgvU,2021-09-18,12,18,47,16,3,-3
MT,Malta,,,,,,ChIJxUeGHShFDhMROUK-NmHYgvU,2021-09-19,11,13,25,13,7,-1
MT,Malta,,,,,,ChIJxUeGHShFDhMROUK-NmHYgvU,2021-09-20,42,29,125,20,-30,1
MT,Malta,,,,,,ChIJxUeGHShFDhMROUK-NmHYgvU,2021-09-21,25,2,89,9,-66,12
MT,Malta,,,,,,ChIJxUeGHShFDhMROUK-NmHYgvU,2021-09-22,26,27,78,18,-13,2
MT,Malta,,,,,,ChIJxUeGHShFDhMROUK-NmHYgvU,2021-09-23,27,21,60,13,-11,2
MT,Malta,,,,,,ChIJxUeGHShFDhMROUK-NmHYgvU,2021-09-24,22,25,69,18,-12,1
MT,Malta,,,,,,ChIJxUeGHShFDhMROUK-NmHYgvU,2021-09-25,17,19,44,16,6,-3
MT,Malta,,,,,,ChIJxUeGHShFDhMROUK-NmHYgvU,2021-09-26,19,18,22,15,11,-1
MT,Malta,,,,,,ChIJxUeGHShFDhMROUK-NmHYgvU,2021-09-27,22,25,65,14,-14,2
MT,Malta,,,,,,ChIJxUeGHShFDhMROUK-NmHYgvU,2021-09-28,25,24,49,10,-11,2
MT,Malta,,,,,,ChIJxUeGHShFDhMROUK-NmHYgvU,2021-09-29,20,24,59,10,-13,2
MT,Malta,,,,,,ChIJxUeGHShFDhMROUK-NmHYgvU,2021-09-30,22,23,49,10,-11,1
MT,Malta,,,,,,ChIJxUeGHShFDhMROUK-NmHYgvU,2021-10-01,15,25,45,9,-12,1
MT,Malta,,,,,,ChIJxUeGHShFDhMROUK-NmHYgvU,2021-10-02,11,20,23,3,3,1
MT,Malta,,,,,,ChIJxUeGHShFDhMROUK-NmHYgvU,2021-10-03,16,25,20,7,7,1
MT,Malta,,,,,,ChIJxUeGHShFDhMROUK-NmHYgvU,2021-10-04,18,26,62,12,-13,1
MT,Malta,,,,,,ChIJxUeGHShFDhMROUK-NmHYgvU,2021-10-05,15,18,28,6,-10,2
MT,Malta,,,,,,ChIJxUeGHShFDhMROUK-NmHYgvU,2021-10-06,19,25,63,10,-11,1
MT,Malta,,,,,,ChIJxUeGHShFDhMROUK-NmHYgvU,2021-10-07,18,20,37,6,-10,2
MT,Malta,,,,,,ChIJxUeGHShFDhMROUK-NmHYgvU,2021-10-08,19,26,46,11,-11,0
MT,Malta,,,,,,ChIJxUeGHShFDhMROUK-NmHYgvU,2021-10-09,17,23,46,9,4,-2
MT,Malta,,,,,,ChIJxUeGHShFDhMROUK-NmHYgvU,2021-10-10,10,22,2,1,5,3
MT,Malta,,,,,,ChIJxUeGHShFDhMROUK-NmHYgvU,2021-10-11,17,25,60,11,-10,1
MT,Malta,,,,,,ChIJxUeGHShFDhMROUK-NmHYgvU,2021-10-12,21,22,41,8,-6,1
MT,Malta,,,,,,ChIJxUeGHShFDhMROUK-NmHYgvU,2021-10-13,15,18,50,10,-8,2
MT,Malta,,,,,,ChIJxUeGHShFDhMROUK-NmHYgvU,2021-10-14,4,8,9,-2,-8,4
MT,Malta,,,,,,ChIJxUeGHShFDhMROUK-NmHYgvU,2021-10-15,17,26,40,10,-8,1
MT,Malta,,,,,,ChIJxUeGHShFDhMROUK-NmHYgvU,2021-10-16,17,20,40,10,4,-1
MT,Malta,,,,,,ChIJxUeGHShFDhMROUK-NmHYgvU,2021-10-17,21,22,28,11,6,0
MT,Malta,,,,,,ChIJxUeGHShFDhMROUK-NmHYgvU,2021-10-18,15,23,57,10,-10,2
MT,Malta,,,,,,ChIJxUeGHShFDhMROUK-NmHYgvU,2021-10-19,20,19,37,7,-6,1
MT,Malta,,,,,,ChIJxUeGHShFDhMROUK-NmHYgvU,2021-10-20,19,22,68,13,-7,1
MT,Malta,,,,,,ChIJxUeGHShFDhMROUK-NmHYgvU,2021-10-21,20,18,53,8,-7,2
MT,Malta,,,,,,ChIJxUeGHShFDhMROUK-NmHYgvU,2021-10-22,17,23,40,11,-7,1
MT,Malta,,,,,,ChIJxUeGHShFDhMROUK-NmHYgvU,2021-10-23,15,19,39,9,3,-1
MT,Malta,,,,,,ChIJxUeGHShFDhMROUK-NmHYgvU,2021-10-24,15,19,15,3,6,2
MT,Malta,,,,,,ChIJxUeGHShFDhMROUK-NmHYgvU,2021-10-25,5,17,28,1,-9,3
MT,Malta,,,,,,ChIJxUeGHShFDhMROUK-NmHYgvU,2021-10-26,14,20,19,3,-5,2
MT,Malta,,,,,,ChIJxUeGHShFDhMROUK-NmHYgvU,2021-10-27,8,18,20,-2,-8,4
MT,Malta,,,,,,ChIJxUeGHShFDhMROUK-NmHYgvU,2021-10-28,1,9,-7,-10,-9,6
MT,Malta,,,,,,ChIJxUeGHShFDhMROUK-NmHYgvU,2021-10-29,5,20,-3,-2,-9,4
MT,Malta,,,,,,ChIJxUeGHShFDhMROUK-NmHYgvU,2021-10-30,16,25,24,6,2,-1
MT,Malta,,,,,,ChIJxUeGHShFDhMROUK-NmHYgvU,2021-10-31,17,24,-2,1,5,1
MT,Malta,,,,,,ChIJxUeGHShFDhMROUK-NmHYgvU,2021-11-01,23,22,57,9,-20,3
MT,Malta,,,,,,ChIJxUeGHShFDhMROUK-NmHYgvU,2021-11-02,28,20,50,10,-15,1
MT,Malta,,,,,,ChIJxUeGHShFDhMROUK-NmHYgvU,2021-11-03,24,23,65,14,-15,2
MT,Malta,,,,,,ChIJxUeGHShFDhMROUK-NmHYgvU,2021-11-04,16,19,37,5,-5,2
MT,Malta,,,,,,ChIJxUeGHShFDhMROUK-NmHYgvU,2021-11-05,14,24,34,8,-6,1
MT,Malta,,,,,,ChIJxUeGHShFDhMROUK-NmHYgvU,2021-11-06,14,20,30,4,2,-1
MT,Malta,,,,,,ChIJxUeGHShFDhMROUK-NmHYgvU,2021-11-07,14,22,7,2,4,1
MT,Malta,,,,,,ChIJxUeGHShFDhMROUK-NmHYgvU,2021-11-08,11,22,37,5,-7,2
MT,Malta,,,,,,ChIJxUeGHShFDhMROUK-NmHYgvU,2021-11-09,11,16,14,1,-4,3
MT,Malta,,,,,,ChIJxUeGHShFDhMROUK-NmHYgvU,2021-11-10,14,20,34,5,-5,2
MT,Malta,,,,,,ChIJxUeGHShFDhMROUK-NmHYgvU,2021-11-11,13,16,27,-1,-8,4
MT,Malta,,,,,,ChIJxUeGHShFDhMROUK-NmHYgvU,2021-11-12,17,24,42,10,-7,1
MT,Malta,,,,,,ChIJxUeGHShFDhMROUK-NmHYgvU,2021-11-13,14,20,36,5,1,-1
MT,Malta,,,,,,ChIJxUeGHShFDhMROUK-NmHYgvU,2021-11-14,16,23,9,3,4,1
MT,Malta,,,,,,ChIJxUeGHShFDhMROUK-NmHYgvU,2021-11-15,14,23,36,4,-7,2
MT,Malta,,,,,,ChIJxUeGHShFDhMROUK-NmHYgvU,2021-11-16,22,20,19,2,-5,2
MT,Malta,,,,,,ChIJxUeGHShFDhMROUK-NmHYgvU,2021-11-17,22,22,35,4,-6,2
MT,Malta,,,,,,ChIJxUeGHShFDhMROUK-NmHYgvU,2021-11-18,19,16,33,3,-6,2
MT,Malta,,,,,,ChIJxUeGHShFDhMROUK-NmHYgvU,2021-11-19,14,23,29,6,-6,2
MT,Malta,,,,,,ChIJxUeGHShFDhMROUK-NmHYgvU,2021-11-20,13,19,33,2,2,-1
MT,Malta,,,,,,ChIJxUeGHShFDhMROUK-NmHYgvU,2021-11-21,12,21,10,1,3,1
MT,Malta,,,,,,ChIJxUeGHShFDhMROUK-NmHYgvU,2021-11-22,9,22,22,-2,-10,4
MT,Malta,,,,,,ChIJxUeGHShFDhMROUK-NmHYgvU,2021-11-23,16,18,15,0,-5,3
MT,Malta,,,,,,ChIJxUeGHShFDhMROUK-NmHYgvU,2021-11-24,16,20,30,4,-6,2
MT,Malta,,,,,,ChIJxUeGHShFDhMROUK-NmHYgvU,2021-11-25,-7,3,-9,-14,-13,8
MT,Malta,,,,,,ChIJxUeGHShFDhMROUK-NmHYgvU,2021-11-26,25,31,32,6,-9,1
MT,Malta,,,,,,ChIJxUeGHShFDhMROUK-NmHYgvU,2021-11-27,10,22,12,-5,1,1
MT,Malta,,,,,,ChIJxUeGHShFDhMROUK-NmHYgvU,2021-11-28,-9,11,-44,-22,-2,6
MT,Malta,,,,,,ChIJxUeGHShFDhMROUK-NmHYgvU,2021-11-29,4,20,4,-9,-11,5
MT,Malta,,,,,,ChIJxUeGHShFDhMROUK-NmHYgvU,2021-11-30,14,23,-3,-8,-9,4
MT,Malta,,,,,,ChIJxUeGHShFDhMROUK-NmHYgvU,2021-12-01,15,25,16,-1,-8,3
MT,Malta,,,,,,ChIJxUeGHShFDhMROUK-NmHYgvU,2021-12-02,16,22,18,-4,-8,3
MT,Malta,,,,,,ChIJxUeGHShFDhMROUK-NmHYgvU,2021-12-03,3,14,-10,-8,-11,5
MT,Malta,,,,,,ChIJxUeGHShFDhMROUK-NmHYgvU,2021-12-04,9,25,8,-7,0,1
MT,Malta,,,,,,ChIJxUeGHShFDhMROUK-NmHYgvU,2021-12-05,13,26,3,-7,1,2
MT,Malta,,,,,,ChIJxUeGHShFDhMROUK-NmHYgvU,2021-12-06,1,18,-10,-12,-11,5
MT,Malta,,,,,,ChIJxUeGHShFDhMROUK-NmHYgvU,2021-12-07,25,22,4,-7,-8,2
MT,Malta,,,,,,ChIJxUeGHShFDhMROUK-NmHYgvU,2021-12-08,34,11,77,-6,-66,13
MT,Malta,,,,,,ChIJxUeGHShFDhMROUK-NmHYgvU,2021-12-09,12,21,-1,-9,-9,4
MT,Malta,,,,,,ChIJxUeGHShFDhMROUK-NmHYgvU,2021-12-10,10,26,4,-7,-11,4
MT,Malta,,,,,,ChIJxUeGHShFDhMROUK-NmHYgvU,2021-12-11,-7,13,-26,-22,-1,4
MT,Malta,,,,,,ChIJxUeGHShFDhMROUK-NmHYgvU,2021-12-12,15,22,5,-10,7,1
MT,Malta,,,,,,ChIJxUeGHShFDhMROUK-NmHYgvU,2021-12-13,35,16,102,-4,-66,11
MT,Malta,,,,,,ChIJxUeGHShFDhMROUK-NmHYgvU,2021-12-14,18,29,3,-6,-5,2
MT,Malta,,,,,,ChIJxUeGHShFDhMROUK-NmHYgvU,2021-12-15,18,27,14,-3,-6,2
MT,Malta,,,,,,ChIJxUeGHShFDhMROUK-NmHYgvU,2021-12-16,16,20,9,-7,-6,3
MT,Malta,,,,,,ChIJxUeGHShFDhMROUK-NmHYgvU,2021-12-17,15,25,19,-4,-7,2
MT,Malta,,,,,,ChIJxUeGHShFDhMROUK-NmHYgvU,2021-12-18,8,23,13,-7,2,0
MT,Malta,,,,,,ChIJxUeGHShFDhMROUK-NmHYgvU,2021-12-19,14,27,3,-11,6,1
MT,Malta,,,,,,ChIJxUeGHShFDhMROUK-NmHYgvU,2021-12-20,24,33,24,-5,-14,3
MT,Malta,,,,,,ChIJxUeGHShFDhMROUK-NmHYgvU,2021-12-21,29,33,15,-4,-13,4
MT,Malta,,,,,,ChIJxUeGHShFDhMROUK-NmHYgvU,2021-12-22,27,37,28,1,-20,4
MT,Malta,,,,,,ChIJxUeGHShFDhMROUK-NmHYgvU,2021-12-23,29,42,24,-5,-33,8
MT,Malta,,,,,,ChIJxUeGHShFDhMROUK-NmHYgvU,2021-12-24,9,52,27,-12,-50,13
MT,Malta,,,,,,ChIJxUeGHShFDhMROUK-NmHYgvU,2021-12-25,-53,-47,-20,-37,-52,9
MT,Malta,,,,,,ChIJxUeGHShFDhMROUK-NmHYgvU,2021-12-26,-10,8,3,-13,-8,6
MT,Malta,,,,,,ChIJxUeGHShFDhMROUK-NmHYgvU,2021-12-27,18,23,51,-6,-51,12
MT,Malta,,,,,,ChIJxUeGHShFDhMROUK-NmHYgvU,2021-12-28,12,18,22,-12,-48,14
MT,Malta,,,,,,ChIJxUeGHShFDhMROUK-NmHYgvU,2021-12-29,5,21,26,-12,-50,15
MT,Malta,,,,,,ChIJxUeGHShFDhMROUK-NmHYgvU,2021-12-30,15,26,62,-6,-51,14
