country_region_code,country_region,sub_region_1,sub_region_2,metro_area,iso_3166_2_code,census_fips_code,place_id,date,retail_and_recreation_percent_change_from_baseline,grocery_and_pharmacy_percent_change_from_baseline,parks_percent_change_from_baseline,transit_stations_percent_change_from_baseline,workplaces_percent_change_from_baseline,residential_percent_change_from_baseline
VE,Venezuela,,,,,,ChIJAdjLNstTKIwR003VfFjyoNw,2021-01-01,-73,-62,-39,-68,-72,24
VE,Venezuela,,,,,,ChIJAdjLNstTKIwR003VfFjyoNw,2021-01-02,-49,-25,-30,-36,-32,17
VE,Venezuela,,,,,,ChIJAdjLNstTKIwR003VfFjyoNw,2021-01-03,-34,-11,-11,-11,-9,11
VE,Venezuela,,,,,,ChIJAdjLNstTKIwR003VfFjyoNw,2021-01-04,-50,-17,-33,-43,-42,23
VE,Venezuela,,,,,,ChIJAdjLNstTKIwR003VfFjyoNw,2021-01-05,-45,-8,-33,-42,-41,23
VE,Venezuela,,,,,,ChIJAdjLNstTKIwR003VfFjyoNw,2021-01-06,-42,-6,-30,-38,-38,23
VE,Venezuela,,,,,,ChIJAdjLNstTKIwR003VfFjyoNw,2021-01-07,-43,-8,-34,-39,-37,23
VE,Venezuela,,,,,,ChIJAdjLNstTKIwR003VfFjyoNw,2021-01-08,-44,-9,-35,-41,-32,22
VE,Venezuela,,,,,,ChIJAdjLNstTKIwR003VfFjyoNw,2021-01-09,-39,-2,-34,-33,-9,16
VE,Venezuela,,,,,,ChIJAdjLNstTKIwR003VfFjyoNw,2021-01-10,-41,-9,-33,-34,-5,13
VE,Venezuela,,,,,,ChIJAdjLNstTKIwR003VfFjyoNw,2021-01-11,-23,8,-15,-11,-18,13
VE,Venezuela,,,,,,ChIJAdjLNstTKIwR003VfFjyoNw,2021-01-12,-24,5,-17,-14,-21,13
VE,Venezuela,,,,,,ChIJAdjLNstTKIwR003VfFjyoNw,2021-01-13,-27,0,-20,-19,-23,11
VE,Venezuela,,,,,,ChIJAdjLNstTKIwR003VfFjyoNw,2021-01-14,-33,-8,-28,-29,-30,12
VE,Venezuela,,,,,,ChIJAdjLNstTKIwR003VfFjyoNw,2021-01-15,-33,-8,-30,-46,-28,11
VE,Venezuela,,,,,,ChIJAdjLNstTKIwR003VfFjyoNw,2021-01-16,-32,-6,-29,-40,-12,9
VE,Venezuela,,,,,,ChIJAdjLNstTKIwR003VfFjyoNw,2021-01-17,-33,-9,-24,-37,-12,8
VE,Venezuela,,,,,,ChIJAdjLNstTKIwR003VfFjyoNw,2021-01-18,-46,-20,-37,-57,-34,16
VE,Venezuela,,,,,,ChIJAdjLNstTKIwR003VfFjyoNw,2021-01-19,-43,-16,-38,-57,-35,16
VE,Venezuela,,,,,,ChIJAdjLNstTKIwR003VfFjyoNw,2021-01-20,-40,-13,-32,-55,-33,17
VE,Venezuela,,,,,,ChIJAdjLNstTKIwR003VfFjyoNw,2021-01-21,-40,-12,-34,-55,-33,17
VE,Venezuela,,,,,,ChIJAdjLNstTKIwR003VfFjyoNw,2021-01-22,-40,-12,-34,-55,-27,16
VE,Venezuela,,,,,,ChIJAdjLNstTKIwR003VfFjyoNw,2021-01-23,-37,-7,-37,-51,-11,13
VE,Venezuela,,,,,,ChIJAdjLNstTKIwR003VfFjyoNw,2021-01-24,-40,-12,-34,-48,-12,11
VE,Venezuela,,,,,,ChIJAdjLNstTKIwR003VfFjyoNw,2021-01-25,-26,0,-17,-37,-21,10
VE,Venezuela,,,,,,ChIJAdjLNstTKIwR003VfFjyoNw,2021-01-26,-26,0,-19,-39,-25,11
VE,Venezuela,,,,,,ChIJAdjLNstTKIwR003VfFjyoNw,2021-01-27,-25,0,-17,-39,-23,11
VE,Venezuela,,,,,,ChIJAdjLNstTKIwR003VfFjyoNw,2021-01-28,-26,-1,-18,-38,-23,11
VE,Venezuela,,,,,,ChIJAdjLNstTKIwR003VfFjyoNw,2021-01-29,-23,3,-16,-36,-18,8
VE,Venezuela,,,,,,ChIJAdjLNstTKIwR003VfFjyoNw,2021-01-30,-19,6,-15,-30,-3,6
VE,Venezuela,,,,,,ChIJAdjLNstTKIwR003VfFjyoNw,2021-01-31,-25,0,-16,-29,-6,6
VE,Venezuela,,,,,,ChIJAdjLNstTKIwR003VfFjyoNw,2021-02-01,-37,-8,-27,-52,-28,12
VE,Venezuela,,,,,,ChIJAdjLNstTKIwR003VfFjyoNw,2021-02-02,-33,-4,-26,-51,-30,12
VE,Venezuela,,,,,,ChIJAdjLNstTKIwR003VfFjyoNw,2021-02-03,-34,-7,-26,-50,-29,13
VE,Venezuela,,,,,,ChIJAdjLNstTKIwR003VfFjyoNw,2021-02-04,-35,-8,-29,-51,-29,13
VE,Venezuela,,,,,,ChIJAdjLNstTKIwR003VfFjyoNw,2021-02-05,-35,-8,-29,-50,-24,12
VE,Venezuela,,,,,,ChIJAdjLNstTKIwR003VfFjyoNw,2021-02-06,-31,-3,-29,-45,-6,10
VE,Venezuela,,,,,,ChIJAdjLNstTKIwR003VfFjyoNw,2021-02-07,-36,-10,-26,-45,-10,9
VE,Venezuela,,,,,,ChIJAdjLNstTKIwR003VfFjyoNw,2021-02-08,-21,2,-15,-34,-20,7
VE,Venezuela,,,,,,ChIJAdjLNstTKIwR003VfFjyoNw,2021-02-09,-20,4,-15,-35,-22,7
VE,Venezuela,,,,,,ChIJAdjLNstTKIwR003VfFjyoNw,2021-02-10,-19,5,-13,-33,-20,8
VE,Venezuela,,,,,,ChIJAdjLNstTKIwR003VfFjyoNw,2021-02-11,-19,6,-14,-33,-21,7
VE,Venezuela,,,,,,ChIJAdjLNstTKIwR003VfFjyoNw,2021-02-12,-17,9,-13,-32,-16,5
VE,Venezuela,,,,,,ChIJAdjLNstTKIwR003VfFjyoNw,2021-02-13,-12,17,-11,-25,-2,3
VE,Venezuela,,,,,,ChIJAdjLNstTKIwR003VfFjyoNw,2021-02-14,2,20,8,-22,6,1
VE,Venezuela,,,,,,ChIJAdjLNstTKIwR003VfFjyoNw,2021-02-15,-39,-12,-10,-53,-57,12
VE,Venezuela,,,,,,ChIJAdjLNstTKIwR003VfFjyoNw,2021-02-16,-42,-18,-19,-55,-61,14
VE,Venezuela,,,,,,ChIJAdjLNstTKIwR003VfFjyoNw,2021-02-17,-28,-1,-20,-42,-28,9
VE,Venezuela,,,,,,ChIJAdjLNstTKIwR003VfFjyoNw,2021-02-18,-24,5,-21,-43,-23,10
VE,Venezuela,,,,,,ChIJAdjLNstTKIwR003VfFjyoNw,2021-02-19,-21,8,-17,-41,-17,8
VE,Venezuela,,,,,,ChIJAdjLNstTKIwR003VfFjyoNw,2021-02-20,-17,11,-16,-34,0,5
VE,Venezuela,,,,,,ChIJAdjLNstTKIwR003VfFjyoNw,2021-02-21,-21,5,-12,-32,-3,5
VE,Venezuela,,,,,,ChIJAdjLNstTKIwR003VfFjyoNw,2021-02-22,-31,0,-24,-49,-24,10
VE,Venezuela,,,,,,ChIJAdjLNstTKIwR003VfFjyoNw,2021-02-23,-28,2,-24,-49,-26,10
VE,Venezuela,,,,,,ChIJAdjLNstTKIwR003VfFjyoNw,2021-02-24,-27,2,-23,-47,-24,11
VE,Venezuela,,,,,,ChIJAdjLNstTKIwR003VfFjyoNw,2021-02-25,-28,2,-25,-48,-24,11
VE,Venezuela,,,,,,ChIJAdjLNstTKIwR003VfFjyoNw,2021-02-26,-25,7,-22,-46,-18,10
VE,Venezuela,,,,,,ChIJAdjLNstTKIwR003VfFjyoNw,2021-02-27,-20,14,-22,-40,-1,7
VE,Venezuela,,,,,,ChIJAdjLNstTKIwR003VfFjyoNw,2021-02-28,-24,7,-20,-40,-4,7
VE,Venezuela,,,,,,ChIJAdjLNstTKIwR003VfFjyoNw,2021-03-01,-13,16,-8,-30,-15,5
VE,Venezuela,,,,,,ChIJAdjLNstTKIwR003VfFjyoNw,2021-03-02,-13,17,-9,-33,-18,6
VE,Venezuela,,,,,,ChIJAdjLNstTKIwR003VfFjyoNw,2021-03-03,-12,18,-6,-30,-17,6
VE,Venezuela,,,,,,ChIJAdjLNstTKIwR003VfFjyoNw,2021-03-04,-14,15,-9,-31,-18,7
VE,Venezuela,,,,,,ChIJAdjLNstTKIwR003VfFjyoNw,2021-03-05,-14,15,-9,-31,-13,6
VE,Venezuela,,,,,,ChIJAdjLNstTKIwR003VfFjyoNw,2021-03-06,-12,16,-11,-27,1,5
VE,Venezuela,,,,,,ChIJAdjLNstTKIwR003VfFjyoNw,2021-03-07,-15,13,-8,-23,-1,4
VE,Venezuela,,,,,,ChIJAdjLNstTKIwR003VfFjyoNw,2021-03-08,-35,-2,-29,-51,-26,12
VE,Venezuela,,,,,,ChIJAdjLNstTKIwR003VfFjyoNw,2021-03-09,-32,2,-27,-51,-28,12
VE,Venezuela,,,,,,ChIJAdjLNstTKIwR003VfFjyoNw,2021-03-10,-30,4,-24,-49,-26,13
VE,Venezuela,,,,,,ChIJAdjLNstTKIwR003VfFjyoNw,2021-03-11,-30,3,-26,-49,-26,13
VE,Venezuela,,,,,,ChIJAdjLNstTKIwR003VfFjyoNw,2021-03-12,-29,6,-25,-48,-20,12
VE,Venezuela,,,,,,ChIJAdjLNstTKIwR003VfFjyoNw,2021-03-13,-24,13,-26,-43,-4,9
VE,Venezuela,,,,,,ChIJAdjLNstTKIwR003VfFjyoNw,2021-03-14,-31,4,-26,-45,-8,9
VE,Venezuela,,,,,,ChIJAdjLNstTKIwR003VfFjyoNw,2021-03-15,-19,15,-14,-37,-17,8
VE,Venezuela,,,,,,ChIJAdjLNstTKIwR003VfFjyoNw,2021-03-16,-17,17,-14,-38,-21,9
VE,Venezuela,,,,,,ChIJAdjLNstTKIwR003VfFjyoNw,2021-03-17,-16,18,-11,-36,-19,9
VE,Venezuela,,,,,,ChIJAdjLNstTKIwR003VfFjyoNw,2021-03-18,-16,17,-12,-36,-19,9
VE,Venezuela,,,,,,ChIJAdjLNstTKIwR003VfFjyoNw,2021-03-19,-18,16,-13,-35,-15,9
VE,Venezuela,,,,,,ChIJAdjLNstTKIwR003VfFjyoNw,2021-03-20,-15,18,-15,-32,3,7
VE,Venezuela,,,,,,ChIJAdjLNstTKIwR003VfFjyoNw,2021-03-21,-20,11,-15,-33,-1,6
VE,Venezuela,,,,,,ChIJAdjLNstTKIwR003VfFjyoNw,2021-03-22,-36,0,-28,-51,-27,13
VE,Venezuela,,,,,,ChIJAdjLNstTKIwR003VfFjyoNw,2021-03-23,-35,4,-30,-52,-30,14
VE,Venezuela,,,,,,ChIJAdjLNstTKIwR003VfFjyoNw,2021-03-24,-34,2,-29,-52,-30,15
VE,Venezuela,,,,,,ChIJAdjLNstTKIwR003VfFjyoNw,2021-03-25,-35,3,-30,-51,-29,15
VE,Venezuela,,,,,,ChIJAdjLNstTKIwR003VfFjyoNw,2021-03-26,-33,7,-29,-50,-24,15
VE,Venezuela,,,,,,ChIJAdjLNstTKIwR003VfFjyoNw,2021-03-27,-31,11,-32,-48,-6,12
VE,Venezuela,,,,,,ChIJAdjLNstTKIwR003VfFjyoNw,2021-03-28,-39,-1,-35,-50,-12,12
VE,Venezuela,,,,,,ChIJAdjLNstTKIwR003VfFjyoNw,2021-03-29,-37,4,-30,-54,-33,15
VE,Venezuela,,,,,,ChIJAdjLNstTKIwR003VfFjyoNw,2021-03-30,-34,10,-29,-53,-35,15
VE,Venezuela,,,,,,ChIJAdjLNstTKIwR003VfFjyoNw,2021-03-31,-30,19,-24,-49,-38,15
VE,Venezuela,,,,,,ChIJAdjLNstTKIwR003VfFjyoNw,2021-04-01,-51,-5,-40,-62,-61,22
VE,Venezuela,,,,,,ChIJAdjLNstTKIwR003VfFjyoNw,2021-04-02,-62,-30,-48,-70,-66,26
VE,Venezuela,,,,,,ChIJAdjLNstTKIwR003VfFjyoNw,2021-04-03,-44,-7,-41,-57,-23,16
VE,Venezuela,,,,,,ChIJAdjLNstTKIwR003VfFjyoNw,2021-04-04,-44,-11,-36,-54,-15,12
VE,Venezuela,,,,,,ChIJAdjLNstTKIwR003VfFjyoNw,2021-04-05,-33,5,-27,-50,-27,14
VE,Venezuela,,,,,,ChIJAdjLNstTKIwR003VfFjyoNw,2021-04-06,-32,8,-27,-52,-31,15
VE,Venezuela,,,,,,ChIJAdjLNstTKIwR003VfFjyoNw,2021-04-07,-32,8,-26,-50,-30,15
VE,Venezuela,,,,,,ChIJAdjLNstTKIwR003VfFjyoNw,2021-04-08,-33,7,-29,-51,-29,15
VE,Venezuela,,,,,,ChIJAdjLNstTKIwR003VfFjyoNw,2021-04-09,-34,6,-30,-52,-24,16
VE,Venezuela,,,,,,ChIJAdjLNstTKIwR003VfFjyoNw,2021-04-10,-30,11,-32,-47,-5,13
VE,Venezuela,,,,,,ChIJAdjLNstTKIwR003VfFjyoNw,2021-04-11,-36,3,-31,-48,-9,12
VE,Venezuela,,,,,,ChIJAdjLNstTKIwR003VfFjyoNw,2021-04-12,-18,15,-15,-37,-17,9
VE,Venezuela,,,,,,ChIJAdjLNstTKIwR003VfFjyoNw,2021-04-13,-16,17,-13,-36,-21,9
VE,Venezuela,,,,,,ChIJAdjLNstTKIwR003VfFjyoNw,2021-04-14,-16,17,-13,-34,-21,10
VE,Venezuela,,,,,,ChIJAdjLNstTKIwR003VfFjyoNw,2021-04-15,-14,21,-13,-33,-19,9
VE,Venezuela,,,,,,ChIJAdjLNstTKIwR003VfFjyoNw,2021-04-16,-15,20,-13,-32,-14,9
VE,Venezuela,,,,,,ChIJAdjLNstTKIwR003VfFjyoNw,2021-04-17,-10,26,-14,-28,5,7
VE,Venezuela,,,,,,ChIJAdjLNstTKIwR003VfFjyoNw,2021-04-18,-15,18,-12,-28,2,7
VE,Venezuela,,,,,,ChIJAdjLNstTKIwR003VfFjyoNw,2021-04-19,-39,0,-30,-55,-44,18
VE,Venezuela,,,,,,ChIJAdjLNstTKIwR003VfFjyoNw,2021-04-20,-27,12,-23,-47,-24,13
VE,Venezuela,,,,,,ChIJAdjLNstTKIwR003VfFjyoNw,2021-04-21,-26,12,-22,-45,-24,13
VE,Venezuela,,,,,,ChIJAdjLNstTKIwR003VfFjyoNw,2021-04-22,-27,12,-24,-45,-22,14
VE,Venezuela,,,,,,ChIJAdjLNstTKIwR003VfFjyoNw,2021-04-23,-27,12,-23,-46,-17,13
VE,Venezuela,,,,,,ChIJAdjLNstTKIwR003VfFjyoNw,2021-04-24,-23,17,-25,-41,2,11
VE,Venezuela,,,,,,ChIJAdjLNstTKIwR003VfFjyoNw,2021-04-25,-29,9,-25,-43,-3,10
VE,Venezuela,,,,,,ChIJAdjLNstTKIwR003VfFjyoNw,2021-04-26,-13,20,-9,-33,-13,8
VE,Venezuela,,,,,,ChIJAdjLNstTKIwR003VfFjyoNw,2021-04-27,-14,18,-12,-34,-17,10
VE,Venezuela,,,,,,ChIJAdjLNstTKIwR003VfFjyoNw,2021-04-28,-16,14,-15,-33,-18,10
VE,Venezuela,,,,,,ChIJAdjLNstTKIwR003VfFjyoNw,2021-04-29,-20,11,-22,-38,-20,12
VE,Venezuela,,,,,,ChIJAdjLNstTKIwR003VfFjyoNw,2021-04-30,-10,27,-8,-27,-9,9
VE,Venezuela,,,,,,ChIJAdjLNstTKIwR003VfFjyoNw,2021-05-01,-8,27,-12,-25,4,8
VE,Venezuela,,,,,,ChIJAdjLNstTKIwR003VfFjyoNw,2021-05-02,-13,19,-11,-25,2,7
VE,Venezuela,,,,,,ChIJAdjLNstTKIwR003VfFjyoNw,2021-05-03,-27,11,-22,-45,-21,13
VE,Venezuela,,,,,,ChIJAdjLNstTKIwR003VfFjyoNw,2021-05-04,-23,15,-21,-45,-22,13
VE,Venezuela,,,,,,ChIJAdjLNstTKIwR003VfFjyoNw,2021-05-05,-22,15,-19,-43,-21,13
VE,Venezuela,,,,,,ChIJAdjLNstTKIwR003VfFjyoNw,2021-05-06,-22,17,-19,-42,-20,13
VE,Venezuela,,,,,,ChIJAdjLNstTKIwR003VfFjyoNw,2021-05-07,-20,19,-19,-41,-13,12
VE,Venezuela,,,,,,ChIJAdjLNstTKIwR003VfFjyoNw,2021-05-08,-8,36,-15,-32,8,8
VE,Venezuela,,,,,,ChIJAdjLNstTKIwR003VfFjyoNw,2021-05-09,-3,27,-11,-28,18,5
VE,Venezuela,,,,,,ChIJAdjLNstTKIwR003VfFjyoNw,2021-05-10,-14,18,-9,-32,-14,8
VE,Venezuela,,,,,,ChIJAdjLNstTKIwR003VfFjyoNw,2021-05-11,-9,25,-5,-30,-14,9
VE,Venezuela,,,,,,ChIJAdjLNstTKIwR003VfFjyoNw,2021-05-12,-6,28,-3,-25,-14,9
VE,Venezuela,,,,,,ChIJAdjLNstTKIwR003VfFjyoNw,2021-05-13,-7,29,-4,-26,-13,9
VE,Venezuela,,,,,,ChIJAdjLNstTKIwR003VfFjyoNw,2021-05-14,-6,32,-2,-22,-8,8
VE,Venezuela,,,,,,ChIJAdjLNstTKIwR003VfFjyoNw,2021-05-15,-1,37,-2,-18,9,6
VE,Venezuela,,,,,,ChIJAdjLNstTKIwR003VfFjyoNw,2021-05-16,-6,28,-1,-18,7,6
VE,Venezuela,,,,,,ChIJAdjLNstTKIwR003VfFjyoNw,2021-05-17,-22,18,-14,-41,-17,12
VE,Venezuela,,,,,,ChIJAdjLNstTKIwR003VfFjyoNw,2021-05-18,-21,19,-17,-42,-19,13
VE,Venezuela,,,,,,ChIJAdjLNstTKIwR003VfFjyoNw,2021-05-19,-17,22,-10,-40,-17,13
VE,Venezuela,,,,,,ChIJAdjLNstTKIwR003VfFjyoNw,2021-05-20,-19,22,-11,-41,-16,13
VE,Venezuela,,,,,,ChIJAdjLNstTKIwR003VfFjyoNw,2021-05-21,-17,26,-8,-38,-9,12
VE,Venezuela,,,,,,ChIJAdjLNstTKIwR003VfFjyoNw,2021-05-22,-13,29,-12,-33,10,10
VE,Venezuela,,,,,,ChIJAdjLNstTKIwR003VfFjyoNw,2021-05-23,-21,20,-13,-37,4,10
VE,Venezuela,,,,,,ChIJAdjLNstTKIwR003VfFjyoNw,2021-05-24,-9,29,2,-26,-10,9
VE,Venezuela,,,,,,ChIJAdjLNstTKIwR003VfFjyoNw,2021-05-25,-5,32,7,-25,-11,9
VE,Venezuela,,,,,,ChIJAdjLNstTKIwR003VfFjyoNw,2021-05-26,-2,34,10,-22,-11,9
VE,Venezuela,,,,,,ChIJAdjLNstTKIwR003VfFjyoNw,2021-05-27,-4,35,6,-24,-11,9
VE,Venezuela,,,,,,ChIJAdjLNstTKIwR003VfFjyoNw,2021-05-28,-1,39,10,-20,-5,7
VE,Venezuela,,,,,,ChIJAdjLNstTKIwR003VfFjyoNw,2021-05-29,5,45,10,-12,14,6
VE,Venezuela,,,,,,ChIJAdjLNstTKIwR003VfFjyoNw,2021-05-30,1,36,15,-12,9,6
VE,Venezuela,,,,,,ChIJAdjLNstTKIwR003VfFjyoNw,2021-05-31,-16,28,-2,-35,-13,11
VE,Venezuela,,,,,,ChIJAdjLNstTKIwR003VfFjyoNw,2021-06-01,-14,30,-3,-36,-17,12
VE,Venezuela,,,,,,ChIJAdjLNstTKIwR003VfFjyoNw,2021-06-02,-11,32,2,-34,-15,13
VE,Venezuela,,,,,,ChIJAdjLNstTKIwR003VfFjyoNw,2021-06-03,-13,31,-1,-35,-14,13
VE,Venezuela,,,,,,ChIJAdjLNstTKIwR003VfFjyoNw,2021-06-04,-13,31,-1,-35,-7,12
VE,Venezuela,,,,,,ChIJAdjLNstTKIwR003VfFjyoNw,2021-06-05,-10,33,-8,-30,10,10
VE,Venezuela,,,,,,ChIJAdjLNstTKIwR003VfFjyoNw,2021-06-06,-14,27,-6,-31,4,9
VE,Venezuela,,,,,,ChIJAdjLNstTKIwR003VfFjyoNw,2021-06-07,0,40,16,-19,-6,8
VE,Venezuela,,,,,,ChIJAdjLNstTKIwR003VfFjyoNw,2021-06-08,-2,37,9,-23,-10,9
VE,Venezuela,,,,,,ChIJAdjLNstTKIwR003VfFjyoNw,2021-06-09,3,40,17,-18,-9,8
VE,Venezuela,,,,,,ChIJAdjLNstTKIwR003VfFjyoNw,2021-06-10,-4,31,4,-24,-10,10
VE,Venezuela,,,,,,ChIJAdjLNstTKIwR003VfFjyoNw,2021-06-11,1,41,15,-18,-3,7
VE,Venezuela,,,,,,ChIJAdjLNstTKIwR003VfFjyoNw,2021-06-12,4,40,8,-12,13,6
VE,Venezuela,,,,,,ChIJAdjLNstTKIwR003VfFjyoNw,2021-06-13,0,32,13,-14,8,5
VE,Venezuela,,,,,,ChIJAdjLNstTKIwR003VfFjyoNw,2021-06-14,-17,23,-2,-38,-15,10
VE,Venezuela,,,,,,ChIJAdjLNstTKIwR003VfFjyoNw,2021-06-15,-13,29,-1,-37,-15,11
VE,Venezuela,,,,,,ChIJAdjLNstTKIwR003VfFjyoNw,2021-06-16,-11,29,-1,-36,-16,11
VE,Venezuela,,,,,,ChIJAdjLNstTKIwR003VfFjyoNw,2021-06-17,-15,24,-8,-37,-17,11
VE,Venezuela,,,,,,ChIJAdjLNstTKIwR003VfFjyoNw,2021-06-18,-12,29,-3,-35,-10,10
VE,Venezuela,,,,,,ChIJAdjLNstTKIwR003VfFjyoNw,2021-06-19,-2,41,-4,-26,9,7
VE,Venezuela,,,,,,ChIJAdjLNstTKIwR003VfFjyoNw,2021-06-20,-3,33,0,-25,9,5
VE,Venezuela,,,,,,ChIJAdjLNstTKIwR003VfFjyoNw,2021-06-21,-10,24,3,-29,-14,7
VE,Venezuela,,,,,,ChIJAdjLNstTKIwR003VfFjyoNw,2021-06-22,-7,29,5,-26,-14,8
VE,Venezuela,,,,,,ChIJAdjLNstTKIwR003VfFjyoNw,2021-06-23,-2,31,9,-24,-14,8
VE,Venezuela,,,,,,ChIJAdjLNstTKIwR003VfFjyoNw,2021-06-24,-21,14,-9,-39,-40,15
VE,Venezuela,,,,,,ChIJAdjLNstTKIwR003VfFjyoNw,2021-06-25,-5,31,6,-24,-9,7
VE,Venezuela,,,,,,ChIJAdjLNstTKIwR003VfFjyoNw,2021-06-26,-2,32,2,-19,9,7
VE,Venezuela,,,,,,ChIJAdjLNstTKIwR003VfFjyoNw,2021-06-27,-4,26,4,-17,6,6
VE,Venezuela,,,,,,ChIJAdjLNstTKIwR003VfFjyoNw,2021-06-28,-17,23,-6,-39,-16,9
VE,Venezuela,,,,,,ChIJAdjLNstTKIwR003VfFjyoNw,2021-06-29,-14,24,-4,-39,-18,10
VE,Venezuela,,,,,,ChIJAdjLNstTKIwR003VfFjyoNw,2021-06-30,-9,31,0,-35,-15,11
VE,Venezuela,,,,,,ChIJAdjLNstTKIwR003VfFjyoNw,2021-07-01,-10,32,-3,-37,-15,11
VE,Venezuela,,,,,,ChIJAdjLNstTKIwR003VfFjyoNw,2021-07-02,-11,31,-5,-37,-9,11
VE,Venezuela,,,,,,ChIJAdjLNstTKIwR003VfFjyoNw,2021-07-03,0,44,-3,-27,12,8
VE,Venezuela,,,,,,ChIJAdjLNstTKIwR003VfFjyoNw,2021-07-04,-6,35,-2,-31,3,8
VE,Venezuela,,,,,,ChIJAdjLNstTKIwR003VfFjyoNw,2021-07-05,-15,25,3,-36,-39,14
VE,Venezuela,,,,,,ChIJAdjLNstTKIwR003VfFjyoNw,2021-07-06,4,42,13,-21,-8,7
VE,Venezuela,,,,,,ChIJAdjLNstTKIwR003VfFjyoNw,2021-07-07,6,43,16,-20,-9,7
VE,Venezuela,,,,,,ChIJAdjLNstTKIwR003VfFjyoNw,2021-07-08,-1,36,6,-23,-11,8
VE,Venezuela,,,,,,ChIJAdjLNstTKIwR003VfFjyoNw,2021-07-09,-4,33,1,-26,-7,9
VE,Venezuela,,,,,,ChIJAdjLNstTKIwR003VfFjyoNw,2021-07-10,7,43,6,-16,13,6
VE,Venezuela,,,,,,ChIJAdjLNstTKIwR003VfFjyoNw,2021-07-11,3,34,10,-15,8,6
VE,Venezuela,,,,,,ChIJAdjLNstTKIwR003VfFjyoNw,2021-07-12,-10,32,1,-36,-12,9
VE,Venezuela,,,,,,ChIJAdjLNstTKIwR003VfFjyoNw,2021-07-13,-6,36,2,-36,-14,9
VE,Venezuela,,,,,,ChIJAdjLNstTKIwR003VfFjyoNw,2021-07-14,-3,38,5,-33,-12,10
VE,Venezuela,,,,,,ChIJAdjLNstTKIwR003VfFjyoNw,2021-07-15,-2,41,5,-33,-10,9
VE,Venezuela,,,,,,ChIJAdjLNstTKIwR003VfFjyoNw,2021-07-16,-2,40,3,-33,-4,9
VE,Venezuela,,,,,,ChIJAdjLNstTKIwR003VfFjyoNw,2021-07-17,9,52,4,-21,15,5
VE,Venezuela,,,,,,ChIJAdjLNstTKIwR003VfFjyoNw,2021-07-18,24,54,22,-18,15,5
VE,Venezuela,,,,,,ChIJAdjLNstTKIwR003VfFjyoNw,2021-07-19,-2,34,5,-24,-8,7
VE,Venezuela,,,,,,ChIJAdjLNstTKIwR003VfFjyoNw,2021-07-20,7,47,16,-20,-8,6
VE,Venezuela,,,,,,ChIJAdjLNstTKIwR003VfFjyoNw,2021-07-21,8,45,18,-18,-7,6
VE,Venezuela,,,,,,ChIJAdjLNstTKIwR003VfFjyoNw,2021-07-22,4,42,11,-21,-7,7
VE,Venezuela,,,,,,ChIJAdjLNstTKIwR003VfFjyoNw,2021-07-23,5,44,14,-20,-1,6
VE,Venezuela,,,,,,ChIJAdjLNstTKIwR003VfFjyoNw,2021-07-24,8,45,11,-14,13,5
VE,Venezuela,,,,,,ChIJAdjLNstTKIwR003VfFjyoNw,2021-07-25,4,34,11,-14,7,6
VE,Venezuela,,,,,,ChIJAdjLNstTKIwR003VfFjyoNw,2021-07-26,-6,36,4,-33,-9,9
VE,Venezuela,,,,,,ChIJAdjLNstTKIwR003VfFjyoNw,2021-07-27,-2,39,5,-34,-10,9
VE,Venezuela,,,,,,ChIJAdjLNstTKIwR003VfFjyoNw,2021-07-28,-5,31,0,-35,-11,10
VE,Venezuela,,,,,,ChIJAdjLNstTKIwR003VfFjyoNw,2021-07-29,-1,41,5,-32,-9,9
VE,Venezuela,,,,,,ChIJAdjLNstTKIwR003VfFjyoNw,2021-07-30,0,42,6,-31,-2,8
VE,Venezuela,,,,,,ChIJAdjLNstTKIwR003VfFjyoNw,2021-07-31,7,49,3,-24,17,6
VE,Venezuela,,,,,,ChIJAdjLNstTKIwR003VfFjyoNw,2021-08-01,0,40,4,-27,8,7
VE,Venezuela,,,,,,ChIJAdjLNstTKIwR003VfFjyoNw,2021-08-02,4,45,13,-19,-5,7
VE,Venezuela,,,,,,ChIJAdjLNstTKIwR003VfFjyoNw,2021-08-03,5,46,12,-22,-9,7
VE,Venezuela,,,,,,ChIJAdjLNstTKIwR003VfFjyoNw,2021-08-04,9,47,17,-19,-7,7
VE,Venezuela,,,,,,ChIJAdjLNstTKIwR003VfFjyoNw,2021-08-05,7,47,15,-20,-6,7
VE,Venezuela,,,,,,ChIJAdjLNstTKIwR003VfFjyoNw,2021-08-06,7,46,17,-18,0,6
VE,Venezuela,,,,,,ChIJAdjLNstTKIwR003VfFjyoNw,2021-08-07,14,50,15,-10,19,4
VE,Venezuela,,,,,,ChIJAdjLNstTKIwR003VfFjyoNw,2021-08-08,14,47,25,-6,17,3
VE,Venezuela,,,,,,ChIJAdjLNstTKIwR003VfFjyoNw,2021-08-09,-5,38,4,-33,-9,9
VE,Venezuela,,,,,,ChIJAdjLNstTKIwR003VfFjyoNw,2021-08-10,-1,40,5,-33,-11,9
VE,Venezuela,,,,,,ChIJAdjLNstTKIwR003VfFjyoNw,2021-08-11,1,41,9,-30,-10,9
VE,Venezuela,,,,,,ChIJAdjLNstTKIwR003VfFjyoNw,2021-08-12,-2,39,4,-32,-9,9
VE,Venezuela,,,,,,ChIJAdjLNstTKIwR003VfFjyoNw,2021-08-13,0,42,4,-30,-2,9
VE,Venezuela,,,,,,ChIJAdjLNstTKIwR003VfFjyoNw,2021-08-14,5,47,0,-24,16,7
VE,Venezuela,,,,,,ChIJAdjLNstTKIwR003VfFjyoNw,2021-08-15,6,47,9,-23,11,6
VE,Venezuela,,,,,,ChIJAdjLNstTKIwR003VfFjyoNw,2021-08-16,8,50,18,-15,-4,6
VE,Venezuela,,,,,,ChIJAdjLNstTKIwR003VfFjyoNw,2021-08-17,9,50,17,-18,-8,7
VE,Venezuela,,,,,,ChIJAdjLNstTKIwR003VfFjyoNw,2021-08-18,10,47,17,-16,-5,7
VE,Venezuela,,,,,,ChIJAdjLNstTKIwR003VfFjyoNw,2021-08-19,8,47,16,-18,-4,7
VE,Venezuela,,,,,,ChIJAdjLNstTKIwR003VfFjyoNw,2021-08-20,8,46,16,-16,1,6
VE,Venezuela,,,,,,ChIJAdjLNstTKIwR003VfFjyoNw,2021-08-21,14,49,16,-9,18,4
VE,Venezuela,,,,,,ChIJAdjLNstTKIwR003VfFjyoNw,2021-08-22,11,42,20,-7,12,4
VE,Venezuela,,,,,,ChIJAdjLNstTKIwR003VfFjyoNw,2021-08-23,-4,37,4,-32,-7,9
VE,Venezuela,,,,,,ChIJAdjLNstTKIwR003VfFjyoNw,2021-08-24,-3,36,2,-34,-10,9
VE,Venezuela,,,,,,ChIJAdjLNstTKIwR003VfFjyoNw,2021-08-25,3,44,10,-30,-8,9
VE,Venezuela,,,,,,ChIJAdjLNstTKIwR003VfFjyoNw,2021-08-26,0,42,6,-31,-8,10
VE,Venezuela,,,,,,ChIJAdjLNstTKIwR003VfFjyoNw,2021-08-27,3,44,8,-29,0,9
VE,Venezuela,,,,,,ChIJAdjLNstTKIwR003VfFjyoNw,2021-08-28,7,46,2,-24,18,7
VE,Venezuela,,,,,,ChIJAdjLNstTKIwR003VfFjyoNw,2021-08-29,4,41,6,-26,10,7
VE,Venezuela,,,,,,ChIJAdjLNstTKIwR003VfFjyoNw,2021-08-30,2,39,7,-22,-5,7
VE,Venezuela,,,,,,ChIJAdjLNstTKIwR003VfFjyoNw,2021-08-31,11,53,17,-18,-5,7
VE,Venezuela,,,,,,ChIJAdjLNstTKIwR003VfFjyoNw,2021-09-01,13,51,19,-17,-5,7
VE,Venezuela,,,,,,ChIJAdjLNstTKIwR003VfFjyoNw,2021-09-02,10,48,15,-19,-5,7
VE,Venezuela,,,,,,ChIJAdjLNstTKIwR003VfFjyoNw,2021-09-03,11,50,17,-16,3,6
VE,Venezuela,,,,,,ChIJAdjLNstTKIwR003VfFjyoNw,2021-09-04,16,53,13,-10,19,5
VE,Venezuela,,,,,,ChIJAdjLNstTKIwR003VfFjyoNw,2021-09-05,12,45,15,-8,12,5
VE,Venezuela,,,,,,ChIJAdjLNstTKIwR003VfFjyoNw,2021-09-06,1,45,9,-31,-5,8
VE,Venezuela,,,,,,ChIJAdjLNstTKIwR003VfFjyoNw,2021-09-07,2,42,6,-32,-8,9
VE,Venezuela,,,,,,ChIJAdjLNstTKIwR003VfFjyoNw,2021-09-08,4,43,12,-32,-8,9
VE,Venezuela,,,,,,ChIJAdjLNstTKIwR003VfFjyoNw,2021-09-09,3,43,8,-32,-6,8
VE,Venezuela,,,,,,ChIJAdjLNstTKIwR003VfFjyoNw,2021-09-10,4,45,8,-30,2,8
VE,Venezuela,,,,,,ChIJAdjLNstTKIwR003VfFjyoNw,2021-09-11,11,51,6,-24,21,6
VE,Venezuela,,,,,,ChIJAdjLNstTKIwR003VfFjyoNw,2021-09-12,7,45,10,-25,12,6
VE,Venezuela,,,,,,ChIJAdjLNstTKIwR003VfFjyoNw,2021-09-13,10,51,19,-17,-2,5
VE,Venezuela,,,,,,ChIJAdjLNstTKIwR003VfFjyoNw,2021-09-14,10,51,18,-19,-7,6
VE,Venezuela,,,,,,ChIJAdjLNstTKIwR003VfFjyoNw,2021-09-15,14,53,20,-15,-5,6
VE,Venezuela,,,,,,ChIJAdjLNstTKIwR003VfFjyoNw,2021-09-16,9,46,14,-18,-6,6
VE,Venezuela,,,,,,ChIJAdjLNstTKIwR003VfFjyoNw,2021-09-17,11,48,16,-15,0,6
VE,Venezuela,,,,,,ChIJAdjLNstTKIwR003VfFjyoNw,2021-09-18,16,51,15,-8,18,4
VE,Venezuela,,,,,,ChIJAdjLNstTKIwR003VfFjyoNw,2021-09-19,13,45,20,-6,11,4
VE,Venezuela,,,,,,ChIJAdjLNstTKIwR003VfFjyoNw,2021-09-20,0,42,7,-31,-6,8
VE,Venezuela,,,,,,ChIJAdjLNstTKIwR003VfFjyoNw,2021-09-21,4,47,7,-30,-7,9
VE,Venezuela,,,,,,ChIJAdjLNstTKIwR003VfFjyoNw,2021-09-22,6,47,11,-28,-4,9
VE,Venezuela,,,,,,ChIJAdjLNstTKIwR003VfFjyoNw,2021-09-23,6,49,7,-28,-3,8
VE,Venezuela,,,,,,ChIJAdjLNstTKIwR003VfFjyoNw,2021-09-24,6,49,9,-27,3,7
VE,Venezuela,,,,,,ChIJAdjLNstTKIwR003VfFjyoNw,2021-09-25,14,54,7,-21,22,5
VE,Venezuela,,,,,,ChIJAdjLNstTKIwR003VfFjyoNw,2021-09-26,10,49,11,-21,14,6
VE,Venezuela,,,,,,ChIJAdjLNstTKIwR003VfFjyoNw,2021-09-27,11,53,16,-14,1,5
VE,Venezuela,,,,,,ChIJAdjLNstTKIwR003VfFjyoNw,2021-09-28,14,59,18,-14,-2,5
VE,Venezuela,,,,,,ChIJAdjLNstTKIwR003VfFjyoNw,2021-09-29,16,63,19,-11,-2,6
VE,Venezuela,,,,,,ChIJAdjLNstTKIwR003VfFjyoNw,2021-09-30,9,46,12,-17,-2,7
VE,Venezuela,,,,,,ChIJAdjLNstTKIwR003VfFjyoNw,2021-10-01,2,33,7,-21,3,8
VE,Venezuela,,,,,,ChIJAdjLNstTKIwR003VfFjyoNw,2021-10-02,16,50,13,-12,21,5
VE,Venezuela,,,,,,ChIJAdjLNstTKIwR003VfFjyoNw,2021-10-03,15,48,19,-8,14,5
VE,Venezuela,,,,,,ChIJAdjLNstTKIwR003VfFjyoNw,2021-10-04,1,43,7,-30,-2,7
VE,Venezuela,,,,,,ChIJAdjLNstTKIwR003VfFjyoNw,2021-10-05,6,51,9,-29,-5,8
VE,Venezuela,,,,,,ChIJAdjLNstTKIwR003VfFjyoNw,2021-10-06,8,51,10,-27,-3,8
VE,Venezuela,,,,,,ChIJAdjLNstTKIwR003VfFjyoNw,2021-10-07,6,47,7,-29,-3,9
VE,Venezuela,,,,,,ChIJAdjLNstTKIwR003VfFjyoNw,2021-10-08,6,47,7,-27,4,8
VE,Venezuela,,,,,,ChIJAdjLNstTKIwR003VfFjyoNw,2021-10-09,16,57,7,-20,24,6
VE,Venezuela,,,,,,ChIJAdjLNstTKIwR003VfFjyoNw,2021-10-10,14,52,12,-20,17,7
VE,Venezuela,,,,,,ChIJAdjLNstTKIwR003VfFjyoNw,2021-10-11,14,54,19,-13,3,5
VE,Venezuela,,,,,,ChIJAdjLNstTKIwR003VfFjyoNw,2021-10-12,1,42,9,-25,-28,12
VE,Venezuela,,,,,,ChIJAdjLNstTKIwR003VfFjyoNw,2021-10-13,16,51,18,-13,1,5
VE,Venezuela,,,,,,ChIJAdjLNstTKIwR003VfFjyoNw,2021-10-14,14,53,17,-15,1,5
VE,Venezuela,,,,,,ChIJAdjLNstTKIwR003VfFjyoNw,2021-10-15,17,56,19,-13,8,5
VE,Venezuela,,,,,,ChIJAdjLNstTKIwR003VfFjyoNw,2021-10-16,23,60,15,-6,23,4
VE,Venezuela,,,,,,ChIJAdjLNstTKIwR003VfFjyoNw,2021-10-17,23,58,24,-3,17,4
VE,Venezuela,,,,,,ChIJAdjLNstTKIwR003VfFjyoNw,2021-10-18,7,51,10,-26,-2,7
VE,Venezuela,,,,,,ChIJAdjLNstTKIwR003VfFjyoNw,2021-10-19,10,54,11,-27,-4,7
VE,Venezuela,,,,,,ChIJAdjLNstTKIwR003VfFjyoNw,2021-10-20,11,51,11,-25,-2,8
VE,Venezuela,,,,,,ChIJAdjLNstTKIwR003VfFjyoNw,2021-10-21,8,49,6,-27,-2,9
VE,Venezuela,,,,,,ChIJAdjLNstTKIwR003VfFjyoNw,2021-10-22,14,56,13,-24,6,7
VE,Venezuela,,,,,,ChIJAdjLNstTKIwR003VfFjyoNw,2021-10-23,26,66,14,-17,26,5
VE,Venezuela,,,,,,ChIJAdjLNstTKIwR003VfFjyoNw,2021-10-24,21,61,16,-19,18,6
VE,Venezuela,,,,,,ChIJAdjLNstTKIwR003VfFjyoNw,2021-10-25,21,65,24,-10,5,4
VE,Venezuela,,,,,,ChIJAdjLNstTKIwR003VfFjyoNw,2021-10-26,20,61,20,-14,1,5
VE,Venezuela,,,,,,ChIJAdjLNstTKIwR003VfFjyoNw,2021-10-27,15,52,12,-16,0,7
VE,Venezuela,,,,,,ChIJAdjLNstTKIwR003VfFjyoNw,2021-10-28,20,61,21,-13,3,5
VE,Venezuela,,,,,,ChIJAdjLNstTKIwR003VfFjyoNw,2021-10-29,21,59,22,-13,10,5
VE,Venezuela,,,,,,ChIJAdjLNstTKIwR003VfFjyoNw,2021-10-30,30,65,18,-5,27,4
VE,Venezuela,,,,,,ChIJAdjLNstTKIwR003VfFjyoNw,2021-10-31,33,68,29,-2,22,4
VE,Venezuela,,,,,,ChIJAdjLNstTKIwR003VfFjyoNw,2021-11-01,19,63,24,-15,4,5
VE,Venezuela,,,,,,ChIJAdjLNstTKIwR003VfFjyoNw,2021-11-02,20,62,22,-16,3,5
VE,Venezuela,,,,,,ChIJAdjLNstTKIwR003VfFjyoNw,2021-11-03,22,62,24,-14,4,6
VE,Venezuela,,,,,,ChIJAdjLNstTKIwR003VfFjyoNw,2021-11-04,20,60,20,-16,5,6
VE,Venezuela,,,,,,ChIJAdjLNstTKIwR003VfFjyoNw,2021-11-05,21,60,22,-15,12,5
VE,Venezuela,,,,,,ChIJAdjLNstTKIwR003VfFjyoNw,2021-11-06,31,66,22,-8,30,4
VE,Venezuela,,,,,,ChIJAdjLNstTKIwR003VfFjyoNw,2021-11-07,31,64,28,-7,24,5
VE,Venezuela,,,,,,ChIJAdjLNstTKIwR003VfFjyoNw,2021-11-08,21,64,24,-12,8,4
VE,Venezuela,,,,,,ChIJAdjLNstTKIwR003VfFjyoNw,2021-11-09,20,63,22,-15,4,4
VE,Venezuela,,,,,,ChIJAdjLNstTKIwR003VfFjyoNw,2021-11-10,24,64,25,-11,6,6
VE,Venezuela,,,,,,ChIJAdjLNstTKIwR003VfFjyoNw,2021-11-11,21,61,22,-14,6,6
VE,Venezuela,,,,,,ChIJAdjLNstTKIwR003VfFjyoNw,2021-11-12,22,62,26,-13,13,5
VE,Venezuela,,,,,,ChIJAdjLNstTKIwR003VfFjyoNw,2021-11-13,32,68,25,-7,31,4
VE,Venezuela,,,,,,ChIJAdjLNstTKIwR003VfFjyoNw,2021-11-14,34,68,32,-4,27,5
VE,Venezuela,,,,,,ChIJAdjLNstTKIwR003VfFjyoNw,2021-11-15,23,68,26,-13,8,6
VE,Venezuela,,,,,,ChIJAdjLNstTKIwR003VfFjyoNw,2021-11-16,26,71,26,-13,5,6
VE,Venezuela,,,,,,ChIJAdjLNstTKIwR003VfFjyoNw,2021-11-17,31,73,32,-8,5,6
VE,Venezuela,,,,,,ChIJAdjLNstTKIwR003VfFjyoNw,2021-11-18,26,66,30,-12,2,7
VE,Venezuela,,,,,,ChIJAdjLNstTKIwR003VfFjyoNw,2021-11-19,24,65,24,-14,12,7
VE,Venezuela,,,,,,ChIJAdjLNstTKIwR003VfFjyoNw,2021-11-20,32,70,20,-8,33,6
VE,Venezuela,,,,,,ChIJAdjLNstTKIwR003VfFjyoNw,2021-11-21,35,78,38,-5,36,4
VE,Venezuela,,,,,,ChIJAdjLNstTKIwR003VfFjyoNw,2021-11-22,19,61,20,-17,2,9
VE,Venezuela,,,,,,ChIJAdjLNstTKIwR003VfFjyoNw,2021-11-23,24,65,22,-13,7,7
VE,Venezuela,,,,,,ChIJAdjLNstTKIwR003VfFjyoNw,2021-11-24,22,58,20,-12,6,8
VE,Venezuela,,,,,,ChIJAdjLNstTKIwR003VfFjyoNw,2021-11-25,27,66,26,-11,9,6
VE,Venezuela,,,,,,ChIJAdjLNstTKIwR003VfFjyoNw,2021-11-26,33,67,29,-8,15,5
VE,Venezuela,,,,,,ChIJAdjLNstTKIwR003VfFjyoNw,2021-11-27,40,73,28,-2,33,4
VE,Venezuela,,,,,,ChIJAdjLNstTKIwR003VfFjyoNw,2021-11-28,41,72,34,1,29,5
VE,Venezuela,,,,,,ChIJAdjLNstTKIwR003VfFjyoNw,2021-11-29,26,70,27,-10,13,5
VE,Venezuela,,,,,,ChIJAdjLNstTKIwR003VfFjyoNw,2021-11-30,29,72,29,-11,10,5
VE,Venezuela,,,,,,ChIJAdjLNstTKIwR003VfFjyoNw,2021-12-01,30,68,29,-9,10,6
VE,Venezuela,,,,,,ChIJAdjLNstTKIwR003VfFjyoNw,2021-12-02,28,68,27,-11,10,6
VE,Venezuela,,,,,,ChIJAdjLNstTKIwR003VfFjyoNw,2021-12-03,29,68,30,-8,18,5
VE,Venezuela,,,,,,ChIJAdjLNstTKIwR003VfFjyoNw,2021-12-04,39,75,30,-1,35,4
VE,Venezuela,,,,,,ChIJAdjLNstTKIwR003VfFjyoNw,2021-12-05,41,73,36,1,33,4
VE,Venezuela,,,,,,ChIJAdjLNstTKIwR003VfFjyoNw,2021-12-06,27,70,29,-9,14,5
VE,Venezuela,,,,,,ChIJAdjLNstTKIwR003VfFjyoNw,2021-12-07,30,71,30,-9,12,5
VE,Venezuela,,,,,,ChIJAdjLNstTKIwR003VfFjyoNw,2021-12-08,32,70,31,-6,14,6
VE,Venezuela,,,,,,ChIJAdjLNstTKIwR003VfFjyoNw,2021-12-09,29,67,27,-9,15,5
VE,Venezuela,,,,,,ChIJAdjLNstTKIwR003VfFjyoNw,2021-12-10,30,69,32,-7,23,4
VE,Venezuela,,,,,,ChIJAdjLNstTKIwR003VfFjyoNw,2021-12-11,43,76,33,2,43,3
VE,Venezuela,,,,,,ChIJAdjLNstTKIwR003VfFjyoNw,2021-12-12,47,78,41,7,44,3
VE,Venezuela,,,,,,ChIJAdjLNstTKIwR003VfFjyoNw,2021-12-13,27,70,26,-8,14,6
VE,Venezuela,,,,,,ChIJAdjLNstTKIwR003VfFjyoNw,2021-12-14,29,69,24,-9,11,6
VE,Venezuela,,,,,,ChIJAdjLNstTKIwR003VfFjyoNw,2021-12-15,38,78,35,-3,13,5
VE,Venezuela,,,,,,ChIJAdjLNstTKIwR003VfFjyoNw,2021-12-16,39,78,38,-5,11,4
VE,Venezuela,,,,,,ChIJAdjLNstTKIwR003VfFjyoNw,2021-12-17,34,70,36,-7,16,0
VE,Venezuela,,,,,,ChIJAdjLNstTKIwR003VfFjyoNw,2021-12-18,49,81,36,7,43,2
VE,Venezuela,,,,,,ChIJAdjLNstTKIwR003VfFjyoNw,2021-12-19,63,90,51,19,51,1
VE,Venezuela,,,,,,ChIJAdjLNstTKIwR003VfFjyoNw,2021-12-20,45,90,44,4,5,4
VE,Venezuela,,,,,,ChIJAdjLNstTKIwR003VfFjyoNw,2021-12-21,48,94,47,4,0,4
VE,Venezuela,,,,,,ChIJAdjLNstTKIwR003VfFjyoNw,2021-12-22,53,99,52,11,-1,4
VE,Venezuela,,,,,,ChIJAdjLNstTKIwR003VfFjyoNw,2021-12-23,61,123,60,14,-6,2
VE,Venezuela,,,,,,ChIJAdjLNstTKIwR003VfFjyoNw,2021-12-24,36,107,51,-5,-29,6
VE,Venezuela,,,,,,ChIJAdjLNstTKIwR003VfFjyoNw,2021-12-25,-40,-21,-8,-55,-45,14
VE,Venezuela,,,,,,ChIJAdjLNstTKIwR003VfFjyoNw,2021-12-26,29,58,39,-1,26,5
VE,Venezuela,,,,,,ChIJAdjLNstTKIwR003VfFjyoNw,2021-12-27,28,73,36,-5,-7,8
VE,Venezuela,,,,,,ChIJAdjLNstTKIwR003VfFjyoNw,2021-12-28,33,81,40,-5,-10,8
VE,Venezuela,,,,,,ChIJAdjLNstTKIwR003VfFjyoNw,2021-12-29,41,91,49,2,-10,7
VE,Venezuela,,,,,,ChIJAdjLNstTKIwR003VfFjyoNw,2021-12-30,46,110,52,5,-14,5
