country_region_code,country_region,sub_region_1,sub_region_2,metro_area,iso_3166_2_code,census_fips_code,place_id,date,retail_and_recreation_percent_change_from_baseline,grocery_and_pharmacy_percent_change_from_baseline,parks_percent_change_from_baseline,transit_stations_percent_change_from_baseline,workplaces_percent_change_from_baseline,residential_percent_change_from_baseline
PA,Panama,,,,,,ChIJ4yu-yIMVpo8Rz5ulH03g7nk,2021-01-01,-96,-95,-87,-91,-90,54
PA,Panama,,,,,,ChIJ4yu-yIMVpo8Rz5ulH03g7nk,2021-01-02,-95,-92,-88,-87,-78,43
PA,Panama,,,,,,ChIJ4yu-yIMVpo8Rz5ulH03g7nk,2021-01-03,-94,-94,-88,-85,-66,35
PA,Panama,,,,,,ChIJ4yu-yIMVpo8Rz5ulH03g7nk,2021-01-04,-59,-31,-61,-60,-49,26
PA,Panama,,,,,,ChIJ4yu-yIMVpo8Rz5ulH03g7nk,2021-01-05,-58,-27,-61,-58,-51,27
PA,Panama,,,,,,ChIJ4yu-yIMVpo8Rz5ulH03g7nk,2021-01-06,-58,-30,-61,-58,-48,28
PA,Panama,,,,,,ChIJ4yu-yIMVpo8Rz5ulH03g7nk,2021-01-07,-57,-27,-62,-58,-49,28
PA,Panama,,,,,,ChIJ4yu-yIMVpo8Rz5ulH03g7nk,2021-01-08,-55,-16,-61,-55,-47,27
PA,Panama,,,,,,ChIJ4yu-yIMVpo8Rz5ulH03g7nk,2021-01-09,-94,-93,-88,-87,-80,43
PA,Panama,,,,,,ChIJ4yu-yIMVpo8Rz5ulH03g7nk,2021-01-10,-94,-94,-89,-86,-65,34
PA,Panama,,,,,,ChIJ4yu-yIMVpo8Rz5ulH03g7nk,2021-01-11,-55,-27,-62,-56,-46,24
PA,Panama,,,,,,ChIJ4yu-yIMVpo8Rz5ulH03g7nk,2021-01-12,-57,-27,-63,-58,-49,24
PA,Panama,,,,,,ChIJ4yu-yIMVpo8Rz5ulH03g7nk,2021-01-13,-59,-34,-64,-59,-49,24
PA,Panama,,,,,,ChIJ4yu-yIMVpo8Rz5ulH03g7nk,2021-01-14,-53,-25,-59,-55,-46,21
PA,Panama,,,,,,ChIJ4yu-yIMVpo8Rz5ulH03g7nk,2021-01-15,-46,-10,-53,-45,-42,16
PA,Panama,,,,,,ChIJ4yu-yIMVpo8Rz5ulH03g7nk,2021-01-16,-86,-82,-83,-82,-68,35
PA,Panama,,,,,,ChIJ4yu-yIMVpo8Rz5ulH03g7nk,2021-01-17,-89,-87,-84,-83,-61,30
PA,Panama,,,,,,ChIJ4yu-yIMVpo8Rz5ulH03g7nk,2021-01-18,-45,-20,-50,-44,-40,15
PA,Panama,,,,,,ChIJ4yu-yIMVpo8Rz5ulH03g7nk,2021-01-19,-48,-23,-53,-47,-43,17
PA,Panama,,,,,,ChIJ4yu-yIMVpo8Rz5ulH03g7nk,2021-01-20,-49,-25,-52,-46,-40,17
PA,Panama,,,,,,ChIJ4yu-yIMVpo8Rz5ulH03g7nk,2021-01-21,-49,-23,-54,-48,-41,18
PA,Panama,,,,,,ChIJ4yu-yIMVpo8Rz5ulH03g7nk,2021-01-22,-44,-11,-50,-41,-37,15
PA,Panama,,,,,,ChIJ4yu-yIMVpo8Rz5ulH03g7nk,2021-01-23,-86,-82,-82,-82,-67,35
PA,Panama,,,,,,ChIJ4yu-yIMVpo8Rz5ulH03g7nk,2021-01-24,-89,-88,-83,-83,-59,30
PA,Panama,,,,,,ChIJ4yu-yIMVpo8Rz5ulH03g7nk,2021-01-25,-44,-20,-49,-42,-37,14
PA,Panama,,,,,,ChIJ4yu-yIMVpo8Rz5ulH03g7nk,2021-01-26,-47,-24,-52,-47,-40,16
PA,Panama,,,,,,ChIJ4yu-yIMVpo8Rz5ulH03g7nk,2021-01-27,-47,-24,-50,-45,-37,17
PA,Panama,,,,,,ChIJ4yu-yIMVpo8Rz5ulH03g7nk,2021-01-28,-46,-20,-52,-46,-38,16
PA,Panama,,,,,,ChIJ4yu-yIMVpo8Rz5ulH03g7nk,2021-01-29,-38,-1,-44,-35,-34,11
PA,Panama,,,,,,ChIJ4yu-yIMVpo8Rz5ulH03g7nk,2021-01-30,-85,-79,-80,-80,-65,32
PA,Panama,,,,,,ChIJ4yu-yIMVpo8Rz5ulH03g7nk,2021-01-31,-87,-86,-82,-82,-58,28
PA,Panama,,,,,,ChIJ4yu-yIMVpo8Rz5ulH03g7nk,2021-02-01,-35,-11,-42,-35,-33,8
PA,Panama,,,,,,ChIJ4yu-yIMVpo8Rz5ulH03g7nk,2021-02-02,-40,-16,-48,-41,-36,11
PA,Panama,,,,,,ChIJ4yu-yIMVpo8Rz5ulH03g7nk,2021-02-03,-42,-21,-48,-42,-33,13
PA,Panama,,,,,,ChIJ4yu-yIMVpo8Rz5ulH03g7nk,2021-02-04,-43,-19,-48,-44,-34,14
PA,Panama,,,,,,ChIJ4yu-yIMVpo8Rz5ulH03g7nk,2021-02-05,-36,-1,-43,-35,-31,10
PA,Panama,,,,,,ChIJ4yu-yIMVpo8Rz5ulH03g7nk,2021-02-06,-85,-80,-79,-81,-65,33
PA,Panama,,,,,,ChIJ4yu-yIMVpo8Rz5ulH03g7nk,2021-02-07,-88,-86,-81,-83,-58,29
PA,Panama,,,,,,ChIJ4yu-yIMVpo8Rz5ulH03g7nk,2021-02-08,-33,-9,-44,-37,-31,9
PA,Panama,,,,,,ChIJ4yu-yIMVpo8Rz5ulH03g7nk,2021-02-09,-37,-14,-47,-41,-33,12
PA,Panama,,,,,,ChIJ4yu-yIMVpo8Rz5ulH03g7nk,2021-02-10,-38,-15,-46,-40,-31,12
PA,Panama,,,,,,ChIJ4yu-yIMVpo8Rz5ulH03g7nk,2021-02-11,-34,-7,-47,-40,-31,10
PA,Panama,,,,,,ChIJ4yu-yIMVpo8Rz5ulH03g7nk,2021-02-12,-26,15,-41,-29,-29,4
PA,Panama,,,,,,ChIJ4yu-yIMVpo8Rz5ulH03g7nk,2021-02-13,-83,-77,-79,-80,-64,29
PA,Panama,,,,,,ChIJ4yu-yIMVpo8Rz5ulH03g7nk,2021-02-14,-85,-84,-80,-82,-57,26
PA,Panama,,,,,,ChIJ4yu-yIMVpo8Rz5ulH03g7nk,2021-02-15,-23,10,-39,-34,-34,4
PA,Panama,,,,,,ChIJ4yu-yIMVpo8Rz5ulH03g7nk,2021-02-16,-48,-21,-41,-61,-73,17
PA,Panama,,,,,,ChIJ4yu-yIMVpo8Rz5ulH03g7nk,2021-02-17,-35,-9,-46,-37,-30,7
PA,Panama,,,,,,ChIJ4yu-yIMVpo8Rz5ulH03g7nk,2021-02-18,-33,-6,-46,-37,-30,8
PA,Panama,,,,,,ChIJ4yu-yIMVpo8Rz5ulH03g7nk,2021-02-19,-28,10,-44,-29,-27,5
PA,Panama,,,,,,ChIJ4yu-yIMVpo8Rz5ulH03g7nk,2021-02-20,-82,-77,-78,-80,-63,29
PA,Panama,,,,,,ChIJ4yu-yIMVpo8Rz5ulH03g7nk,2021-02-21,-86,-84,-79,-81,-57,26
PA,Panama,,,,,,ChIJ4yu-yIMVpo8Rz5ulH03g7nk,2021-02-22,-25,3,-39,-31,-26,3
PA,Panama,,,,,,ChIJ4yu-yIMVpo8Rz5ulH03g7nk,2021-02-23,-30,-6,-44,-36,-29,7
PA,Panama,,,,,,ChIJ4yu-yIMVpo8Rz5ulH03g7nk,2021-02-24,-33,-11,-42,-36,-27,8
PA,Panama,,,,,,ChIJ4yu-yIMVpo8Rz5ulH03g7nk,2021-02-25,-29,-4,-44,-35,-27,7
PA,Panama,,,,,,ChIJ4yu-yIMVpo8Rz5ulH03g7nk,2021-02-26,-21,17,-38,-25,-24,3
PA,Panama,,,,,,ChIJ4yu-yIMVpo8Rz5ulH03g7nk,2021-02-27,-81,-75,-77,-79,-61,28
PA,Panama,,,,,,ChIJ4yu-yIMVpo8Rz5ulH03g7nk,2021-02-28,-84,-83,-78,-79,-55,25
PA,Panama,,,,,,ChIJ4yu-yIMVpo8Rz5ulH03g7nk,2021-03-01,-21,9,-39,-27,-26,4
PA,Panama,,,,,,ChIJ4yu-yIMVpo8Rz5ulH03g7nk,2021-03-02,-27,-1,-45,-34,-29,7
PA,Panama,,,,,,ChIJ4yu-yIMVpo8Rz5ulH03g7nk,2021-03-03,-32,-9,-44,-35,-27,9
PA,Panama,,,,,,ChIJ4yu-yIMVpo8Rz5ulH03g7nk,2021-03-04,-31,-7,-45,-36,-28,9
PA,Panama,,,,,,ChIJ4yu-yIMVpo8Rz5ulH03g7nk,2021-03-05,-30,-5,-43,-32,-25,8
PA,Panama,,,,,,ChIJ4yu-yIMVpo8Rz5ulH03g7nk,2021-03-06,-35,-13,-44,-38,-25,6
PA,Panama,,,,,,ChIJ4yu-yIMVpo8Rz5ulH03g7nk,2021-03-07,-48,-39,-49,-48,-22,7
PA,Panama,,,,,,ChIJ4yu-yIMVpo8Rz5ulH03g7nk,2021-03-08,-34,-14,-47,-36,-27,9
PA,Panama,,,,,,ChIJ4yu-yIMVpo8Rz5ulH03g7nk,2021-03-09,-34,-11,-46,-37,-29,9
PA,Panama,,,,,,ChIJ4yu-yIMVpo8Rz5ulH03g7nk,2021-03-10,-35,-13,-46,-36,-27,10
PA,Panama,,,,,,ChIJ4yu-yIMVpo8Rz5ulH03g7nk,2021-03-11,-32,-8,-47,-38,-27,9
PA,Panama,,,,,,ChIJ4yu-yIMVpo8Rz5ulH03g7nk,2021-03-12,-29,-4,-44,-32,-24,8
PA,Panama,,,,,,ChIJ4yu-yIMVpo8Rz5ulH03g7nk,2021-03-13,-31,-7,-43,-34,-22,4
PA,Panama,,,,,,ChIJ4yu-yIMVpo8Rz5ulH03g7nk,2021-03-14,-41,-29,-45,-43,-18,4
PA,Panama,,,,,,ChIJ4yu-yIMVpo8Rz5ulH03g7nk,2021-03-15,-27,-2,-43,-31,-24,7
PA,Panama,,,,,,ChIJ4yu-yIMVpo8Rz5ulH03g7nk,2021-03-16,-28,-1,-44,-32,-26,8
PA,Panama,,,,,,ChIJ4yu-yIMVpo8Rz5ulH03g7nk,2021-03-17,-31,-6,-44,-32,-24,9
PA,Panama,,,,,,ChIJ4yu-yIMVpo8Rz5ulH03g7nk,2021-03-18,-31,-7,-48,-35,-25,9
PA,Panama,,,,,,ChIJ4yu-yIMVpo8Rz5ulH03g7nk,2021-03-19,-30,-6,-45,-31,-22,8
PA,Panama,,,,,,ChIJ4yu-yIMVpo8Rz5ulH03g7nk,2021-03-20,-32,-10,-43,-34,-21,5
PA,Panama,,,,,,ChIJ4yu-yIMVpo8Rz5ulH03g7nk,2021-03-21,-42,-33,-46,-43,-19,5
PA,Panama,,,,,,ChIJ4yu-yIMVpo8Rz5ulH03g7nk,2021-03-22,-32,-11,-44,-34,-23,8
PA,Panama,,,,,,ChIJ4yu-yIMVpo8Rz5ulH03g7nk,2021-03-23,-32,-11,-46,-36,-25,9
PA,Panama,,,,,,ChIJ4yu-yIMVpo8Rz5ulH03g7nk,2021-03-24,-35,-14,-45,-35,-24,10
PA,Panama,,,,,,ChIJ4yu-yIMVpo8Rz5ulH03g7nk,2021-03-25,-31,-10,-47,-36,-25,10
PA,Panama,,,,,,ChIJ4yu-yIMVpo8Rz5ulH03g7nk,2021-03-26,-30,-7,-43,-30,-22,9
PA,Panama,,,,,,ChIJ4yu-yIMVpo8Rz5ulH03g7nk,2021-03-27,-32,-11,-43,-34,-20,5
PA,Panama,,,,,,ChIJ4yu-yIMVpo8Rz5ulH03g7nk,2021-03-28,-43,-32,-45,-44,-19,6
PA,Panama,,,,,,ChIJ4yu-yIMVpo8Rz5ulH03g7nk,2021-03-29,-29,-7,-43,-34,-23,8
PA,Panama,,,,,,ChIJ4yu-yIMVpo8Rz5ulH03g7nk,2021-03-30,-25,-2,-44,-32,-24,7
PA,Panama,,,,,,ChIJ4yu-yIMVpo8Rz5ulH03g7nk,2021-03-31,-22,4,-39,-27,-23,5
PA,Panama,,,,,,ChIJ4yu-yIMVpo8Rz5ulH03g7nk,2021-04-01,-18,18,-34,-32,-34,5
PA,Panama,,,,,,ChIJ4yu-yIMVpo8Rz5ulH03g7nk,2021-04-02,-68,-45,-50,-70,-77,28
PA,Panama,,,,,,ChIJ4yu-yIMVpo8Rz5ulH03g7nk,2021-04-03,-43,-22,-41,-50,-42,9
PA,Panama,,,,,,ChIJ4yu-yIMVpo8Rz5ulH03g7nk,2021-04-04,-47,-39,-52,-48,-22,4
PA,Panama,,,,,,ChIJ4yu-yIMVpo8Rz5ulH03g7nk,2021-04-05,-30,-6,-44,-33,-23,7
PA,Panama,,,,,,ChIJ4yu-yIMVpo8Rz5ulH03g7nk,2021-04-06,-31,-9,-46,-35,-25,9
PA,Panama,,,,,,ChIJ4yu-yIMVpo8Rz5ulH03g7nk,2021-04-07,-34,-11,-47,-35,-24,10
PA,Panama,,,,,,ChIJ4yu-yIMVpo8Rz5ulH03g7nk,2021-04-08,-32,-9,-50,-36,-23,10
PA,Panama,,,,,,ChIJ4yu-yIMVpo8Rz5ulH03g7nk,2021-04-09,-33,-11,-51,-35,-21,11
PA,Panama,,,,,,ChIJ4yu-yIMVpo8Rz5ulH03g7nk,2021-04-10,-32,-11,-46,-35,-19,6
PA,Panama,,,,,,ChIJ4yu-yIMVpo8Rz5ulH03g7nk,2021-04-11,-41,-31,-50,-44,-17,7
PA,Panama,,,,,,ChIJ4yu-yIMVpo8Rz5ulH03g7nk,2021-04-12,-28,-4,-46,-33,-21,8
PA,Panama,,,,,,ChIJ4yu-yIMVpo8Rz5ulH03g7nk,2021-04-13,-27,-2,-48,-34,-23,9
PA,Panama,,,,,,ChIJ4yu-yIMVpo8Rz5ulH03g7nk,2021-04-14,-26,0,-46,-32,-22,8
PA,Panama,,,,,,ChIJ4yu-yIMVpo8Rz5ulH03g7nk,2021-04-15,-20,5,-47,-30,-21,8
PA,Panama,,,,,,ChIJ4yu-yIMVpo8Rz5ulH03g7nk,2021-04-16,-22,3,-49,-27,-19,8
PA,Panama,,,,,,ChIJ4yu-yIMVpo8Rz5ulH03g7nk,2021-04-17,-22,1,-49,-29,-18,4
PA,Panama,,,,,,ChIJ4yu-yIMVpo8Rz5ulH03g7nk,2021-04-18,-30,-20,-52,-35,-13,4
PA,Panama,,,,,,ChIJ4yu-yIMVpo8Rz5ulH03g7nk,2021-04-19,-24,0,-45,-30,-20,8
PA,Panama,,,,,,ChIJ4yu-yIMVpo8Rz5ulH03g7nk,2021-04-20,-24,1,-46,-31,-22,8
PA,Panama,,,,,,ChIJ4yu-yIMVpo8Rz5ulH03g7nk,2021-04-21,-28,-4,-45,-30,-21,9
PA,Panama,,,,,,ChIJ4yu-yIMVpo8Rz5ulH03g7nk,2021-04-22,-25,-3,-46,-32,-20,9
PA,Panama,,,,,,ChIJ4yu-yIMVpo8Rz5ulH03g7nk,2021-04-23,-25,-5,-44,-29,-18,9
PA,Panama,,,,,,ChIJ4yu-yIMVpo8Rz5ulH03g7nk,2021-04-24,-25,-7,-46,-31,-16,5
PA,Panama,,,,,,ChIJ4yu-yIMVpo8Rz5ulH03g7nk,2021-04-25,-35,-27,-47,-38,-13,5
PA,Panama,,,,,,ChIJ4yu-yIMVpo8Rz5ulH03g7nk,2021-04-26,-29,-8,-44,-33,-19,9
PA,Panama,,,,,,ChIJ4yu-yIMVpo8Rz5ulH03g7nk,2021-04-27,-27,-5,-45,-33,-21,9
PA,Panama,,,,,,ChIJ4yu-yIMVpo8Rz5ulH03g7nk,2021-04-28,-27,-6,-45,-31,-20,9
PA,Panama,,,,,,ChIJ4yu-yIMVpo8Rz5ulH03g7nk,2021-04-29,-23,1,-46,-30,-20,9
PA,Panama,,,,,,ChIJ4yu-yIMVpo8Rz5ulH03g7nk,2021-04-30,-17,7,-41,-23,-16,6
PA,Panama,,,,,,ChIJ4yu-yIMVpo8Rz5ulH03g7nk,2021-05-01,-31,-8,-45,-39,-45,8
PA,Panama,,,,,,ChIJ4yu-yIMVpo8Rz5ulH03g7nk,2021-05-02,-32,-23,-48,-37,-14,4
PA,Panama,,,,,,ChIJ4yu-yIMVpo8Rz5ulH03g7nk,2021-05-03,-24,-1,-45,-28,-19,8
PA,Panama,,,,,,ChIJ4yu-yIMVpo8Rz5ulH03g7nk,2021-05-04,-25,-2,-45,-30,-20,9
PA,Panama,,,,,,ChIJ4yu-yIMVpo8Rz5ulH03g7nk,2021-05-05,-27,-3,-44,-28,-19,9
PA,Panama,,,,,,ChIJ4yu-yIMVpo8Rz5ulH03g7nk,2021-05-06,-25,-1,-45,-30,-19,9
PA,Panama,,,,,,ChIJ4yu-yIMVpo8Rz5ulH03g7nk,2021-05-07,-26,-4,-44,-27,-16,9
PA,Panama,,,,,,ChIJ4yu-yIMVpo8Rz5ulH03g7nk,2021-05-08,-27,-8,-46,-31,-16,6
PA,Panama,,,,,,ChIJ4yu-yIMVpo8Rz5ulH03g7nk,2021-05-09,-36,-27,-48,-39,-13,7
PA,Panama,,,,,,ChIJ4yu-yIMVpo8Rz5ulH03g7nk,2021-05-10,-28,-5,-46,-31,-19,9
PA,Panama,,,,,,ChIJ4yu-yIMVpo8Rz5ulH03g7nk,2021-05-11,-29,-6,-48,-33,-20,10
PA,Panama,,,,,,ChIJ4yu-yIMVpo8Rz5ulH03g7nk,2021-05-12,-28,-1,-46,-28,-19,9
PA,Panama,,,,,,ChIJ4yu-yIMVpo8Rz5ulH03g7nk,2021-05-13,-24,3,-45,-29,-18,9
PA,Panama,,,,,,ChIJ4yu-yIMVpo8Rz5ulH03g7nk,2021-05-14,-19,7,-41,-24,-15,7
PA,Panama,,,,,,ChIJ4yu-yIMVpo8Rz5ulH03g7nk,2021-05-15,-18,9,-41,-22,-14,3
PA,Panama,,,,,,ChIJ4yu-yIMVpo8Rz5ulH03g7nk,2021-05-16,-35,-24,-49,-34,-16,7
PA,Panama,,,,,,ChIJ4yu-yIMVpo8Rz5ulH03g7nk,2021-05-17,-23,4,-43,-26,-18,8
PA,Panama,,,,,,ChIJ4yu-yIMVpo8Rz5ulH03g7nk,2021-05-18,-24,0,-45,-29,-19,9
PA,Panama,,,,,,ChIJ4yu-yIMVpo8Rz5ulH03g7nk,2021-05-19,-26,-1,-43,-30,-17,10
PA,Panama,,,,,,ChIJ4yu-yIMVpo8Rz5ulH03g7nk,2021-05-20,-23,2,-42,-30,-17,10
PA,Panama,,,,,,ChIJ4yu-yIMVpo8Rz5ulH03g7nk,2021-05-21,-24,-2,-41,-27,-13,9
PA,Panama,,,,,,ChIJ4yu-yIMVpo8Rz5ulH03g7nk,2021-05-22,-27,-4,-45,-29,-13,7
PA,Panama,,,,,,ChIJ4yu-yIMVpo8Rz5ulH03g7nk,2021-05-23,-46,-38,-58,-45,-19,11
PA,Panama,,,,,,ChIJ4yu-yIMVpo8Rz5ulH03g7nk,2021-05-24,-28,-5,-45,-31,-16,10
PA,Panama,,,,,,ChIJ4yu-yIMVpo8Rz5ulH03g7nk,2021-05-25,-27,-4,-45,-32,-18,10
PA,Panama,,,,,,ChIJ4yu-yIMVpo8Rz5ulH03g7nk,2021-05-26,-27,-6,-41,-28,-17,10
PA,Panama,,,,,,ChIJ4yu-yIMVpo8Rz5ulH03g7nk,2021-05-27,-24,-3,-48,-31,-16,11
PA,Panama,,,,,,ChIJ4yu-yIMVpo8Rz5ulH03g7nk,2021-05-28,-18,4,-41,-25,-11,9
PA,Panama,,,,,,ChIJ4yu-yIMVpo8Rz5ulH03g7nk,2021-05-29,-20,4,-47,-26,-10,6
PA,Panama,,,,,,ChIJ4yu-yIMVpo8Rz5ulH03g7nk,2021-05-30,-33,-25,-50,-36,-14,9
PA,Panama,,,,,,ChIJ4yu-yIMVpo8Rz5ulH03g7nk,2021-05-31,-18,5,-38,-26,-13,9
PA,Panama,,,,,,ChIJ4yu-yIMVpo8Rz5ulH03g7nk,2021-06-01,-18,3,-40,-26,-16,9
PA,Panama,,,,,,ChIJ4yu-yIMVpo8Rz5ulH03g7nk,2021-06-02,-23,0,-39,-26,-16,10
PA,Panama,,,,,,ChIJ4yu-yIMVpo8Rz5ulH03g7nk,2021-06-03,-21,0,-43,-28,-16,11
PA,Panama,,,,,,ChIJ4yu-yIMVpo8Rz5ulH03g7nk,2021-06-04,-18,4,-37,-23,-11,9
PA,Panama,,,,,,ChIJ4yu-yIMVpo8Rz5ulH03g7nk,2021-06-05,-22,-1,-44,-27,-11,7
PA,Panama,,,,,,ChIJ4yu-yIMVpo8Rz5ulH03g7nk,2021-06-06,-39,-32,-51,-40,-17,10
PA,Panama,,,,,,ChIJ4yu-yIMVpo8Rz5ulH03g7nk,2021-06-07,-24,0,-41,-29,-16,10
PA,Panama,,,,,,ChIJ4yu-yIMVpo8Rz5ulH03g7nk,2021-06-08,-21,2,-42,-29,-17,9
PA,Panama,,,,,,ChIJ4yu-yIMVpo8Rz5ulH03g7nk,2021-06-09,-23,1,-41,-28,-17,10
PA,Panama,,,,,,ChIJ4yu-yIMVpo8Rz5ulH03g7nk,2021-06-10,-19,7,-39,-28,-16,9
PA,Panama,,,,,,ChIJ4yu-yIMVpo8Rz5ulH03g7nk,2021-06-11,-19,6,-40,-25,-14,8
PA,Panama,,,,,,ChIJ4yu-yIMVpo8Rz5ulH03g7nk,2021-06-12,-24,-1,-47,-30,-13,6
PA,Panama,,,,,,ChIJ4yu-yIMVpo8Rz5ulH03g7nk,2021-06-13,-42,-33,-57,-41,-18,11
PA,Panama,,,,,,ChIJ4yu-yIMVpo8Rz5ulH03g7nk,2021-06-14,-24,0,-46,-31,-17,10
PA,Panama,,,,,,ChIJ4yu-yIMVpo8Rz5ulH03g7nk,2021-06-15,-18,8,-44,-27,-16,9
PA,Panama,,,,,,ChIJ4yu-yIMVpo8Rz5ulH03g7nk,2021-06-16,-19,6,-38,-25,-16,8
PA,Panama,,,,,,ChIJ4yu-yIMVpo8Rz5ulH03g7nk,2021-06-17,-19,3,-43,-29,-18,9
PA,Panama,,,,,,ChIJ4yu-yIMVpo8Rz5ulH03g7nk,2021-06-18,-18,3,-40,-26,-14,8
PA,Panama,,,,,,ChIJ4yu-yIMVpo8Rz5ulH03g7nk,2021-06-19,-21,4,-47,-27,-14,6
PA,Panama,,,,,,ChIJ4yu-yIMVpo8Rz5ulH03g7nk,2021-06-20,-44,-32,-59,-41,-21,10
PA,Panama,,,,,,ChIJ4yu-yIMVpo8Rz5ulH03g7nk,2021-06-21,-30,-9,-47,-36,-21,11
PA,Panama,,,,,,ChIJ4yu-yIMVpo8Rz5ulH03g7nk,2021-06-22,-26,-4,-43,-32,-18,9
PA,Panama,,,,,,ChIJ4yu-yIMVpo8Rz5ulH03g7nk,2021-06-23,-30,-8,-45,-32,-17,11
PA,Panama,,,,,,ChIJ4yu-yIMVpo8Rz5ulH03g7nk,2021-06-24,-25,-4,-44,-32,-17,11
PA,Panama,,,,,,ChIJ4yu-yIMVpo8Rz5ulH03g7nk,2021-06-25,-22,-2,-42,-29,-13,10
PA,Panama,,,,,,ChIJ4yu-yIMVpo8Rz5ulH03g7nk,2021-06-26,-25,-4,-48,-32,-13,9
PA,Panama,,,,,,ChIJ4yu-yIMVpo8Rz5ulH03g7nk,2021-06-27,-41,-33,-56,-43,-18,12
PA,Panama,,,,,,ChIJ4yu-yIMVpo8Rz5ulH03g7nk,2021-06-28,-25,-3,-41,-31,-16,8
PA,Panama,,,,,,ChIJ4yu-yIMVpo8Rz5ulH03g7nk,2021-06-29,-26,-4,-45,-34,-18,10
PA,Panama,,,,,,ChIJ4yu-yIMVpo8Rz5ulH03g7nk,2021-06-30,-22,3,-43,-27,-16,10
PA,Panama,,,,,,ChIJ4yu-yIMVpo8Rz5ulH03g7nk,2021-07-01,-17,9,-38,-26,-16,9
PA,Panama,,,,,,ChIJ4yu-yIMVpo8Rz5ulH03g7nk,2021-07-02,-19,4,-39,-24,-11,10
PA,Panama,,,,,,ChIJ4yu-yIMVpo8Rz5ulH03g7nk,2021-07-03,-22,3,-44,-27,-11,8
PA,Panama,,,,,,ChIJ4yu-yIMVpo8Rz5ulH03g7nk,2021-07-04,-43,-36,-57,-42,-22,14
PA,Panama,,,,,,ChIJ4yu-yIMVpo8Rz5ulH03g7nk,2021-07-05,-20,4,-38,-27,-14,9
PA,Panama,,,,,,ChIJ4yu-yIMVpo8Rz5ulH03g7nk,2021-07-06,-22,1,-42,-29,-15,11
PA,Panama,,,,,,ChIJ4yu-yIMVpo8Rz5ulH03g7nk,2021-07-07,-25,-2,-40,-28,-15,11
PA,Panama,,,,,,ChIJ4yu-yIMVpo8Rz5ulH03g7nk,2021-07-08,-23,-1,-42,-29,-15,11
PA,Panama,,,,,,ChIJ4yu-yIMVpo8Rz5ulH03g7nk,2021-07-09,-25,-4,-44,-28,-11,12
PA,Panama,,,,,,ChIJ4yu-yIMVpo8Rz5ulH03g7nk,2021-07-10,-26,-1,-52,-31,-11,10
PA,Panama,,,,,,ChIJ4yu-yIMVpo8Rz5ulH03g7nk,2021-07-11,-46,-37,-59,-43,-21,15
PA,Panama,,,,,,ChIJ4yu-yIMVpo8Rz5ulH03g7nk,2021-07-12,-23,4,-41,-28,-14,10
PA,Panama,,,,,,ChIJ4yu-yIMVpo8Rz5ulH03g7nk,2021-07-13,-22,6,-44,-30,-15,10
PA,Panama,,,,,,ChIJ4yu-yIMVpo8Rz5ulH03g7nk,2021-07-14,-21,8,-42,-28,-14,10
PA,Panama,,,,,,ChIJ4yu-yIMVpo8Rz5ulH03g7nk,2021-07-15,-12,15,-38,-24,-13,8
PA,Panama,,,,,,ChIJ4yu-yIMVpo8Rz5ulH03g7nk,2021-07-16,-14,11,-37,-21,-10,8
PA,Panama,,,,,,ChIJ4yu-yIMVpo8Rz5ulH03g7nk,2021-07-17,-17,9,-44,-23,-11,6
PA,Panama,,,,,,ChIJ4yu-yIMVpo8Rz5ulH03g7nk,2021-07-18,-34,-33,-53,-37,-20,13
PA,Panama,,,,,,ChIJ4yu-yIMVpo8Rz5ulH03g7nk,2021-07-19,-19,4,-37,-26,-13,9
PA,Panama,,,,,,ChIJ4yu-yIMVpo8Rz5ulH03g7nk,2021-07-20,-19,6,-37,-27,-14,10
PA,Panama,,,,,,ChIJ4yu-yIMVpo8Rz5ulH03g7nk,2021-07-21,-23,0,-37,-25,-15,10
PA,Panama,,,,,,ChIJ4yu-yIMVpo8Rz5ulH03g7nk,2021-07-22,-21,1,-40,-28,-14,10
PA,Panama,,,,,,ChIJ4yu-yIMVpo8Rz5ulH03g7nk,2021-07-23,-22,-1,-40,-25,-10,11
PA,Panama,,,,,,ChIJ4yu-yIMVpo8Rz5ulH03g7nk,2021-07-24,-24,-1,-47,-29,-10,9
PA,Panama,,,,,,ChIJ4yu-yIMVpo8Rz5ulH03g7nk,2021-07-25,-49,-42,-68,-46,-23,16
PA,Panama,,,,,,ChIJ4yu-yIMVpo8Rz5ulH03g7nk,2021-07-26,-22,0,-41,-28,-13,11
PA,Panama,,,,,,ChIJ4yu-yIMVpo8Rz5ulH03g7nk,2021-07-27,-19,5,-38,-27,-14,10
PA,Panama,,,,,,ChIJ4yu-yIMVpo8Rz5ulH03g7nk,2021-07-28,-21,2,-37,-26,-13,10
PA,Panama,,,,,,ChIJ4yu-yIMVpo8Rz5ulH03g7nk,2021-07-29,-18,4,-43,-27,-13,10
PA,Panama,,,,,,ChIJ4yu-yIMVpo8Rz5ulH03g7nk,2021-07-30,-13,11,-38,-21,-9,9
PA,Panama,,,,,,ChIJ4yu-yIMVpo8Rz5ulH03g7nk,2021-07-31,-11,13,-37,-18,-6,4
PA,Panama,,,,,,ChIJ4yu-yIMVpo8Rz5ulH03g7nk,2021-08-01,-35,-29,-54,-34,-18,11
PA,Panama,,,,,,ChIJ4yu-yIMVpo8Rz5ulH03g7nk,2021-08-02,-16,9,-35,-24,-12,9
PA,Panama,,,,,,ChIJ4yu-yIMVpo8Rz5ulH03g7nk,2021-08-03,-19,3,-40,-26,-13,10
PA,Panama,,,,,,ChIJ4yu-yIMVpo8Rz5ulH03g7nk,2021-08-04,-20,3,-36,-24,-12,10
PA,Panama,,,,,,ChIJ4yu-yIMVpo8Rz5ulH03g7nk,2021-08-05,-16,8,-38,-26,-12,9
PA,Panama,,,,,,ChIJ4yu-yIMVpo8Rz5ulH03g7nk,2021-08-06,-15,5,-37,-22,-8,9
PA,Panama,,,,,,ChIJ4yu-yIMVpo8Rz5ulH03g7nk,2021-08-07,-16,6,-41,-24,-9,6
PA,Panama,,,,,,ChIJ4yu-yIMVpo8Rz5ulH03g7nk,2021-08-08,-38,-32,-54,-39,-18,13
PA,Panama,,,,,,ChIJ4yu-yIMVpo8Rz5ulH03g7nk,2021-08-09,-16,7,-38,-25,-12,10
PA,Panama,,,,,,ChIJ4yu-yIMVpo8Rz5ulH03g7nk,2021-08-10,-12,11,-38,-23,-12,8
PA,Panama,,,,,,ChIJ4yu-yIMVpo8Rz5ulH03g7nk,2021-08-11,-15,9,-36,-23,-12,9
PA,Panama,,,,,,ChIJ4yu-yIMVpo8Rz5ulH03g7nk,2021-08-12,-11,12,-40,-22,-12,9
PA,Panama,,,,,,ChIJ4yu-yIMVpo8Rz5ulH03g7nk,2021-08-13,-7,15,-38,-18,-8,7
PA,Panama,,,,,,ChIJ4yu-yIMVpo8Rz5ulH03g7nk,2021-08-14,-3,20,-37,-14,-7,3
PA,Panama,,,,,,ChIJ4yu-yIMVpo8Rz5ulH03g7nk,2021-08-15,-13,-5,-42,-24,-5,5
PA,Panama,,,,,,ChIJ4yu-yIMVpo8Rz5ulH03g7nk,2021-08-16,-10,15,-35,-20,-12,8
PA,Panama,,,,,,ChIJ4yu-yIMVpo8Rz5ulH03g7nk,2021-08-17,-10,14,-36,-22,-13,8
PA,Panama,,,,,,ChIJ4yu-yIMVpo8Rz5ulH03g7nk,2021-08-18,-14,8,-34,-21,-10,9
PA,Panama,,,,,,ChIJ4yu-yIMVpo8Rz5ulH03g7nk,2021-08-19,-13,7,-39,-25,-11,10
PA,Panama,,,,,,ChIJ4yu-yIMVpo8Rz5ulH03g7nk,2021-08-20,-13,5,-40,-20,-8,9
PA,Panama,,,,,,ChIJ4yu-yIMVpo8Rz5ulH03g7nk,2021-08-21,-9,8,-36,-20,-8,5
PA,Panama,,,,,,ChIJ4yu-yIMVpo8Rz5ulH03g7nk,2021-08-22,-22,-16,-42,-32,-8,7
PA,Panama,,,,,,ChIJ4yu-yIMVpo8Rz5ulH03g7nk,2021-08-23,-17,2,-38,-24,-11,9
PA,Panama,,,,,,ChIJ4yu-yIMVpo8Rz5ulH03g7nk,2021-08-24,-21,-2,-45,-27,-13,10
PA,Panama,,,,,,ChIJ4yu-yIMVpo8Rz5ulH03g7nk,2021-08-25,-18,4,-38,-24,-11,10
PA,Panama,,,,,,ChIJ4yu-yIMVpo8Rz5ulH03g7nk,2021-08-26,-17,4,-43,-25,-11,10
PA,Panama,,,,,,ChIJ4yu-yIMVpo8Rz5ulH03g7nk,2021-08-27,-11,9,-35,-20,-6,9
PA,Panama,,,,,,ChIJ4yu-yIMVpo8Rz5ulH03g7nk,2021-08-28,-12,7,-38,-20,-6,6
PA,Panama,,,,,,ChIJ4yu-yIMVpo8Rz5ulH03g7nk,2021-08-29,-23,-14,-42,-31,-6,6
PA,Panama,,,,,,ChIJ4yu-yIMVpo8Rz5ulH03g7nk,2021-08-30,-14,9,-40,-23,-10,9
PA,Panama,,,,,,ChIJ4yu-yIMVpo8Rz5ulH03g7nk,2021-08-31,-10,14,-37,-21,-9,8
PA,Panama,,,,,,ChIJ4yu-yIMVpo8Rz5ulH03g7nk,2021-09-01,-12,12,-33,-20,-9,8
PA,Panama,,,,,,ChIJ4yu-yIMVpo8Rz5ulH03g7nk,2021-09-02,-10,11,-36,-21,-10,8
PA,Panama,,,,,,ChIJ4yu-yIMVpo8Rz5ulH03g7nk,2021-09-03,-11,9,-36,-19,-6,8
PA,Panama,,,,,,ChIJ4yu-yIMVpo8Rz5ulH03g7nk,2021-09-04,-13,6,-38,-21,-6,6
PA,Panama,,,,,,ChIJ4yu-yIMVpo8Rz5ulH03g7nk,2021-09-05,-25,-17,-45,-33,-7,6
PA,Panama,,,,,,ChIJ4yu-yIMVpo8Rz5ulH03g7nk,2021-09-06,-15,5,-36,-23,-11,8
PA,Panama,,,,,,ChIJ4yu-yIMVpo8Rz5ulH03g7nk,2021-09-07,-14,9,-34,-24,-15,8
PA,Panama,,,,,,ChIJ4yu-yIMVpo8Rz5ulH03g7nk,2021-09-08,-16,4,-33,-22,-14,8
PA,Panama,,,,,,ChIJ4yu-yIMVpo8Rz5ulH03g7nk,2021-09-09,-13,6,-35,-24,-12,8
PA,Panama,,,,,,ChIJ4yu-yIMVpo8Rz5ulH03g7nk,2021-09-10,-11,6,-33,-21,-7,8
PA,Panama,,,,,,ChIJ4yu-yIMVpo8Rz5ulH03g7nk,2021-09-11,-14,4,-38,-22,-7,6
PA,Panama,,,,,,ChIJ4yu-yIMVpo8Rz5ulH03g7nk,2021-09-12,-22,-13,-44,-31,-5,6
PA,Panama,,,,,,ChIJ4yu-yIMVpo8Rz5ulH03g7nk,2021-09-13,-15,9,-35,-21,-9,8
PA,Panama,,,,,,ChIJ4yu-yIMVpo8Rz5ulH03g7nk,2021-09-14,-11,14,-35,-20,-10,8
PA,Panama,,,,,,ChIJ4yu-yIMVpo8Rz5ulH03g7nk,2021-09-15,-13,14,-39,-20,-10,8
PA,Panama,,,,,,ChIJ4yu-yIMVpo8Rz5ulH03g7nk,2021-09-16,-6,22,-31,-17,-13,7
PA,Panama,,,,,,ChIJ4yu-yIMVpo8Rz5ulH03g7nk,2021-09-17,-6,14,-34,-14,-7,7
PA,Panama,,,,,,ChIJ4yu-yIMVpo8Rz5ulH03g7nk,2021-09-18,-13,6,-42,-19,-7,6
PA,Panama,,,,,,ChIJ4yu-yIMVpo8Rz5ulH03g7nk,2021-09-19,-18,-10,-41,-27,-5,6
PA,Panama,,,,,,ChIJ4yu-yIMVpo8Rz5ulH03g7nk,2021-09-20,-13,9,-33,-19,-9,8
PA,Panama,,,,,,ChIJ4yu-yIMVpo8Rz5ulH03g7nk,2021-09-21,-13,8,-36,-20,-10,8
PA,Panama,,,,,,ChIJ4yu-yIMVpo8Rz5ulH03g7nk,2021-09-22,-18,3,-38,-21,-8,10
PA,Panama,,,,,,ChIJ4yu-yIMVpo8Rz5ulH03g7nk,2021-09-23,-14,7,-38,-21,-7,9
PA,Panama,,,,,,ChIJ4yu-yIMVpo8Rz5ulH03g7nk,2021-09-24,-13,8,-35,-19,-4,9
PA,Panama,,,,,,ChIJ4yu-yIMVpo8Rz5ulH03g7nk,2021-09-25,-13,4,-36,-21,-4,6
PA,Panama,,,,,,ChIJ4yu-yIMVpo8Rz5ulH03g7nk,2021-09-26,-23,-15,-40,-31,-5,6
PA,Panama,,,,,,ChIJ4yu-yIMVpo8Rz5ulH03g7nk,2021-09-27,-18,4,-36,-21,-7,9
PA,Panama,,,,,,ChIJ4yu-yIMVpo8Rz5ulH03g7nk,2021-09-28,-15,6,-36,-22,-9,8
PA,Panama,,,,,,ChIJ4yu-yIMVpo8Rz5ulH03g7nk,2021-09-29,-14,9,-33,-19,-8,8
PA,Panama,,,,,,ChIJ4yu-yIMVpo8Rz5ulH03g7nk,2021-09-30,-3,19,-34,-14,-5,7
PA,Panama,,,,,,ChIJ4yu-yIMVpo8Rz5ulH03g7nk,2021-10-01,-2,16,-29,-11,-2,6
PA,Panama,,,,,,ChIJ4yu-yIMVpo8Rz5ulH03g7nk,2021-10-02,-5,13,-34,-14,-3,4
PA,Panama,,,,,,ChIJ4yu-yIMVpo8Rz5ulH03g7nk,2021-10-03,-13,-8,-36,-23,-2,5
PA,Panama,,,,,,ChIJ4yu-yIMVpo8Rz5ulH03g7nk,2021-10-04,-15,5,-35,-19,-6,8
PA,Panama,,,,,,ChIJ4yu-yIMVpo8Rz5ulH03g7nk,2021-10-05,-11,12,-34,-19,-8,8
PA,Panama,,,,,,ChIJ4yu-yIMVpo8Rz5ulH03g7nk,2021-10-06,-14,6,-34,-18,-7,8
PA,Panama,,,,,,ChIJ4yu-yIMVpo8Rz5ulH03g7nk,2021-10-07,-13,6,-38,-20,-6,9
PA,Panama,,,,,,ChIJ4yu-yIMVpo8Rz5ulH03g7nk,2021-10-08,-11,4,-38,-17,-3,9
PA,Panama,,,,,,ChIJ4yu-yIMVpo8Rz5ulH03g7nk,2021-10-09,-10,4,-42,-19,-4,6
PA,Panama,,,,,,ChIJ4yu-yIMVpo8Rz5ulH03g7nk,2021-10-10,-19,-15,-46,-27,-2,7
PA,Panama,,,,,,ChIJ4yu-yIMVpo8Rz5ulH03g7nk,2021-10-11,-14,7,-33,-19,-5,8
PA,Panama,,,,,,ChIJ4yu-yIMVpo8Rz5ulH03g7nk,2021-10-12,-15,7,-38,-21,-6,8
PA,Panama,,,,,,ChIJ4yu-yIMVpo8Rz5ulH03g7nk,2021-10-13,-13,10,-32,-18,-5,8
PA,Panama,,,,,,ChIJ4yu-yIMVpo8Rz5ulH03g7nk,2021-10-14,-5,17,-34,-18,-4,7
PA,Panama,,,,,,ChIJ4yu-yIMVpo8Rz5ulH03g7nk,2021-10-15,0,20,-32,-11,-1,6
PA,Panama,,,,,,ChIJ4yu-yIMVpo8Rz5ulH03g7nk,2021-10-16,-2,16,-36,-12,-3,4
PA,Panama,,,,,,ChIJ4yu-yIMVpo8Rz5ulH03g7nk,2021-10-17,-9,-4,-36,-21,0,4
PA,Panama,,,,,,ChIJ4yu-yIMVpo8Rz5ulH03g7nk,2021-10-18,-9,11,-32,-15,-6,7
PA,Panama,,,,,,ChIJ4yu-yIMVpo8Rz5ulH03g7nk,2021-10-19,-9,12,-35,-17,-7,7
PA,Panama,,,,,,ChIJ4yu-yIMVpo8Rz5ulH03g7nk,2021-10-20,-9,12,-30,-13,-5,7
PA,Panama,,,,,,ChIJ4yu-yIMVpo8Rz5ulH03g7nk,2021-10-21,-7,12,-33,-15,-5,8
PA,Panama,,,,,,ChIJ4yu-yIMVpo8Rz5ulH03g7nk,2021-10-22,-8,7,-33,-14,-1,8
PA,Panama,,,,,,ChIJ4yu-yIMVpo8Rz5ulH03g7nk,2021-10-23,-7,7,-34,-16,-1,5
PA,Panama,,,,,,ChIJ4yu-yIMVpo8Rz5ulH03g7nk,2021-10-24,-17,-13,-39,-27,-1,6
PA,Panama,,,,,,ChIJ4yu-yIMVpo8Rz5ulH03g7nk,2021-10-25,-12,5,-33,-17,-5,8
PA,Panama,,,,,,ChIJ4yu-yIMVpo8Rz5ulH03g7nk,2021-10-26,-12,6,-38,-18,-5,8
PA,Panama,,,,,,ChIJ4yu-yIMVpo8Rz5ulH03g7nk,2021-10-27,-10,10,-31,-16,-6,8
PA,Panama,,,,,,ChIJ4yu-yIMVpo8Rz5ulH03g7nk,2021-10-28,-6,14,-32,-16,-5,8
PA,Panama,,,,,,ChIJ4yu-yIMVpo8Rz5ulH03g7nk,2021-10-29,-3,15,-32,-10,1,6
PA,Panama,,,,,,ChIJ4yu-yIMVpo8Rz5ulH03g7nk,2021-10-30,2,20,-34,-7,3,2
PA,Panama,,,,,,ChIJ4yu-yIMVpo8Rz5ulH03g7nk,2021-10-31,-4,-1,-38,-18,4,3
PA,Panama,,,,,,ChIJ4yu-yIMVpo8Rz5ulH03g7nk,2021-11-01,0,22,-26,-9,-7,5
PA,Panama,,,,,,ChIJ4yu-yIMVpo8Rz5ulH03g7nk,2021-11-02,0,23,-30,-15,-18,6
PA,Panama,,,,,,ChIJ4yu-yIMVpo8Rz5ulH03g7nk,2021-11-03,-22,4,-24,-42,-67,17
PA,Panama,,,,,,ChIJ4yu-yIMVpo8Rz5ulH03g7nk,2021-11-04,-11,11,-17,-38,-54,15
PA,Panama,,,,,,ChIJ4yu-yIMVpo8Rz5ulH03g7nk,2021-11-05,-28,-7,-23,-48,-66,20
PA,Panama,,,,,,ChIJ4yu-yIMVpo8Rz5ulH03g7nk,2021-11-06,-20,-3,-34,-30,-22,8
PA,Panama,,,,,,ChIJ4yu-yIMVpo8Rz5ulH03g7nk,2021-11-07,-24,-18,-43,-27,-2,7
PA,Panama,,,,,,ChIJ4yu-yIMVpo8Rz5ulH03g7nk,2021-11-08,-12,8,-33,-17,-4,8
PA,Panama,,,,,,ChIJ4yu-yIMVpo8Rz5ulH03g7nk,2021-11-09,-5,15,-32,-15,-5,5
PA,Panama,,,,,,ChIJ4yu-yIMVpo8Rz5ulH03g7nk,2021-11-10,-21,3,-33,-41,-63,21
PA,Panama,,,,,,ChIJ4yu-yIMVpo8Rz5ulH03g7nk,2021-11-11,-8,15,-34,-15,-3,7
PA,Panama,,,,,,ChIJ4yu-yIMVpo8Rz5ulH03g7nk,2021-11-12,-4,17,-30,-12,1,6
PA,Panama,,,,,,ChIJ4yu-yIMVpo8Rz5ulH03g7nk,2021-11-13,-3,15,-31,-13,2,5
PA,Panama,,,,,,ChIJ4yu-yIMVpo8Rz5ulH03g7nk,2021-11-14,-11,-5,-38,-22,5,6
PA,Panama,,,,,,ChIJ4yu-yIMVpo8Rz5ulH03g7nk,2021-11-15,-1,21,-27,-9,-2,5
PA,Panama,,,,,,ChIJ4yu-yIMVpo8Rz5ulH03g7nk,2021-11-16,0,19,-31,-8,-4,5
PA,Panama,,,,,,ChIJ4yu-yIMVpo8Rz5ulH03g7nk,2021-11-17,-7,16,-30,-10,-3,7
PA,Panama,,,,,,ChIJ4yu-yIMVpo8Rz5ulH03g7nk,2021-11-18,-2,19,-29,-11,-3,6
PA,Panama,,,,,,ChIJ4yu-yIMVpo8Rz5ulH03g7nk,2021-11-19,-3,13,-29,-10,1,6
PA,Panama,,,,,,ChIJ4yu-yIMVpo8Rz5ulH03g7nk,2021-11-20,-4,12,-33,-11,2,4
PA,Panama,,,,,,ChIJ4yu-yIMVpo8Rz5ulH03g7nk,2021-11-21,-14,-8,-40,-21,4,6
PA,Panama,,,,,,ChIJ4yu-yIMVpo8Rz5ulH03g7nk,2021-11-22,-9,10,-31,-13,-3,7
PA,Panama,,,,,,ChIJ4yu-yIMVpo8Rz5ulH03g7nk,2021-11-23,-10,10,-35,-14,-4,7
PA,Panama,,,,,,ChIJ4yu-yIMVpo8Rz5ulH03g7nk,2021-11-24,-9,12,-30,-13,-3,8
PA,Panama,,,,,,ChIJ4yu-yIMVpo8Rz5ulH03g7nk,2021-11-25,-5,17,-34,-12,-3,7
PA,Panama,,,,,,ChIJ4yu-yIMVpo8Rz5ulH03g7nk,2021-11-26,1,18,-28,-6,1,5
PA,Panama,,,,,,ChIJ4yu-yIMVpo8Rz5ulH03g7nk,2021-11-27,4,23,-30,-7,2,2
PA,Panama,,,,,,ChIJ4yu-yIMVpo8Rz5ulH03g7nk,2021-11-28,-3,1,-32,-19,6,4
PA,Panama,,,,,,ChIJ4yu-yIMVpo8Rz5ulH03g7nk,2021-11-29,-14,6,-33,-39,-65,18
PA,Panama,,,,,,ChIJ4yu-yIMVpo8Rz5ulH03g7nk,2021-11-30,-3,19,-36,-9,-2,5
PA,Panama,,,,,,ChIJ4yu-yIMVpo8Rz5ulH03g7nk,2021-12-01,1,25,-28,-6,-3,6
PA,Panama,,,,,,ChIJ4yu-yIMVpo8Rz5ulH03g7nk,2021-12-02,5,27,-27,-8,-2,5
PA,Panama,,,,,,ChIJ4yu-yIMVpo8Rz5ulH03g7nk,2021-12-03,5,23,-27,-6,3,5
PA,Panama,,,,,,ChIJ4yu-yIMVpo8Rz5ulH03g7nk,2021-12-04,4,20,-31,-6,5,3
PA,Panama,,,,,,ChIJ4yu-yIMVpo8Rz5ulH03g7nk,2021-12-05,0,4,-33,-13,12,4
PA,Panama,,,,,,ChIJ4yu-yIMVpo8Rz5ulH03g7nk,2021-12-06,10,28,-19,-4,-1,4
PA,Panama,,,,,,ChIJ4yu-yIMVpo8Rz5ulH03g7nk,2021-12-07,22,45,-16,1,0,0
PA,Panama,,,,,,ChIJ4yu-yIMVpo8Rz5ulH03g7nk,2021-12-08,-9,15,-24,-36,-66,16
PA,Panama,,,,,,ChIJ4yu-yIMVpo8Rz5ulH03g7nk,2021-12-09,2,23,-26,-10,2,5
PA,Panama,,,,,,ChIJ4yu-yIMVpo8Rz5ulH03g7nk,2021-12-10,4,21,-21,-8,6,5
PA,Panama,,,,,,ChIJ4yu-yIMVpo8Rz5ulH03g7nk,2021-12-11,3,19,-26,-8,10,3
PA,Panama,,,,,,ChIJ4yu-yIMVpo8Rz5ulH03g7nk,2021-12-12,-3,3,-31,-14,17,5
PA,Panama,,,,,,ChIJ4yu-yIMVpo8Rz5ulH03g7nk,2021-12-13,5,25,-22,-8,3,5
PA,Panama,,,,,,ChIJ4yu-yIMVpo8Rz5ulH03g7nk,2021-12-14,11,31,-25,-6,1,3
PA,Panama,,,,,,ChIJ4yu-yIMVpo8Rz5ulH03g7nk,2021-12-15,18,36,-20,0,3,2
PA,Panama,,,,,,ChIJ4yu-yIMVpo8Rz5ulH03g7nk,2021-12-16,25,39,-20,1,1,2
PA,Panama,,,,,,ChIJ4yu-yIMVpo8Rz5ulH03g7nk,2021-12-17,17,30,-22,-1,5,3
PA,Panama,,,,,,ChIJ4yu-yIMVpo8Rz5ulH03g7nk,2021-12-18,14,26,-27,1,9,0
PA,Panama,,,,,,ChIJ4yu-yIMVpo8Rz5ulH03g7nk,2021-12-19,13,10,-35,-4,20,1
PA,Panama,,,,,,ChIJ4yu-yIMVpo8Rz5ulH03g7nk,2021-12-20,18,33,-20,0,-1,3
PA,Panama,,,,,,ChIJ4yu-yIMVpo8Rz5ulH03g7nk,2021-12-21,24,42,-22,1,-3,2
PA,Panama,,,,,,ChIJ4yu-yIMVpo8Rz5ulH03g7nk,2021-12-22,22,43,-17,2,-3,1
PA,Panama,,,,,,ChIJ4yu-yIMVpo8Rz5ulH03g7nk,2021-12-23,31,62,-16,5,-3,0
PA,Panama,,,,,,ChIJ4yu-yIMVpo8Rz5ulH03g7nk,2021-12-24,3,59,-25,-13,-24,8
PA,Panama,,,,,,ChIJ4yu-yIMVpo8Rz5ulH03g7nk,2021-12-25,-60,-39,-36,-55,-64,16
PA,Panama,,,,,,ChIJ4yu-yIMVpo8Rz5ulH03g7nk,2021-12-26,-15,-12,-33,-26,3,6
PA,Panama,,,,,,ChIJ4yu-yIMVpo8Rz5ulH03g7nk,2021-12-27,5,18,-21,-14,-6,7
PA,Panama,,,,,,ChIJ4yu-yIMVpo8Rz5ulH03g7nk,2021-12-28,8,25,-22,-13,-8,6
PA,Panama,,,,,,ChIJ4yu-yIMVpo8Rz5ulH03g7nk,2021-12-29,10,32,-18,-8,-7,5
PA,Panama,,,,,,ChIJ4yu-yIMVpo8Rz5ulH03g7nk,2021-12-30,24,53,-18,-3,-8,2
PA,Panama,,,Panama City Metropolitan Area,,,ChIJc3PJK-BVq48RzJpuQZWFv4s,2021-01-01,-97,-96,-93,-90,-92,57
PA,Panama,,,Panama City Metropolitan Area,,,ChIJc3PJK-BVq48RzJpuQZWFv4s,2021-01-02,-95,-93,-92,-86,-80,44
PA,Panama,,,Panama City Metropolitan Area,,,ChIJc3PJK-BVq48RzJpuQZWFv4s,2021-01-03,-94,-94,-92,-84,-67,35
PA,Panama,,,Panama City Metropolitan Area,,,ChIJc3PJK-BVq48RzJpuQZWFv4s,2021-01-04,-70,-38,-77,-62,-58,32
PA,Panama,,,Panama City Metropolitan Area,,,ChIJc3PJK-BVq48RzJpuQZWFv4s,2021-01-05,-67,-32,-75,-60,-59,33
PA,Panama,,,Panama City Metropolitan Area,,,ChIJc3PJK-BVq48RzJpuQZWFv4s,2021-01-06,-68,-37,-75,-60,-56,33
PA,Panama,,,Panama City Metropolitan Area,,,ChIJc3PJK-BVq48RzJpuQZWFv4s,2021-01-07,-66,-32,-75,-60,-57,33
PA,Panama,,,Panama City Metropolitan Area,,,ChIJc3PJK-BVq48RzJpuQZWFv4s,2021-01-08,-64,-20,-72,-56,-55,32
PA,Panama,,,Panama City Metropolitan Area,,,ChIJc3PJK-BVq48RzJpuQZWFv4s,2021-01-09,-95,-94,-93,-86,-82,44
PA,Panama,,,Panama City Metropolitan Area,,,ChIJc3PJK-BVq48RzJpuQZWFv4s,2021-01-10,-94,-94,-93,-85,-67,35
PA,Panama,,,Panama City Metropolitan Area,,,ChIJc3PJK-BVq48RzJpuQZWFv4s,2021-01-11,-64,-34,-76,-58,-54,30
PA,Panama,,,Panama City Metropolitan Area,,,ChIJc3PJK-BVq48RzJpuQZWFv4s,2021-01-12,-65,-31,-74,-60,-57,30
PA,Panama,,,Panama City Metropolitan Area,,,ChIJc3PJK-BVq48RzJpuQZWFv4s,2021-01-13,-68,-41,-75,-60,-56,29
PA,Panama,,,Panama City Metropolitan Area,,,ChIJc3PJK-BVq48RzJpuQZWFv4s,2021-01-14,-60,-29,-65,-56,-53,25
PA,Panama,,,Panama City Metropolitan Area,,,ChIJc3PJK-BVq48RzJpuQZWFv4s,2021-01-15,-50,-5,-54,-43,-48,19
PA,Panama,,,Panama City Metropolitan Area,,,ChIJc3PJK-BVq48RzJpuQZWFv4s,2021-01-16,-93,-92,-92,-84,-76,40
PA,Panama,,,Panama City Metropolitan Area,,,ChIJc3PJK-BVq48RzJpuQZWFv4s,2021-01-17,-93,-94,-92,-85,-68,33
PA,Panama,,,Panama City Metropolitan Area,,,ChIJc3PJK-BVq48RzJpuQZWFv4s,2021-01-18,-47,-18,-52,-43,-45,17
PA,Panama,,,Panama City Metropolitan Area,,,ChIJc3PJK-BVq48RzJpuQZWFv4s,2021-01-19,-52,-22,-54,-46,-48,20
PA,Panama,,,Panama City Metropolitan Area,,,ChIJc3PJK-BVq48RzJpuQZWFv4s,2021-01-20,-52,-26,-54,-46,-44,21
PA,Panama,,,Panama City Metropolitan Area,,,ChIJc3PJK-BVq48RzJpuQZWFv4s,2021-01-21,-52,-24,-55,-48,-45,21
PA,Panama,,,Panama City Metropolitan Area,,,ChIJc3PJK-BVq48RzJpuQZWFv4s,2021-01-22,-47,-5,-48,-38,-43,17
PA,Panama,,,Panama City Metropolitan Area,,,ChIJc3PJK-BVq48RzJpuQZWFv4s,2021-01-23,-93,-91,-91,-84,-75,40
PA,Panama,,,Panama City Metropolitan Area,,,ChIJc3PJK-BVq48RzJpuQZWFv4s,2021-01-24,-93,-94,-92,-85,-66,33
PA,Panama,,,Panama City Metropolitan Area,,,ChIJc3PJK-BVq48RzJpuQZWFv4s,2021-01-25,-46,-19,-50,-41,-41,16
PA,Panama,,,Panama City Metropolitan Area,,,ChIJc3PJK-BVq48RzJpuQZWFv4s,2021-01-26,-50,-23,-50,-46,-45,19
PA,Panama,,,Panama City Metropolitan Area,,,ChIJc3PJK-BVq48RzJpuQZWFv4s,2021-01-27,-51,-26,-51,-44,-42,20
PA,Panama,,,Panama City Metropolitan Area,,,ChIJc3PJK-BVq48RzJpuQZWFv4s,2021-01-28,-50,-21,-53,-46,-43,19
PA,Panama,,,Panama City Metropolitan Area,,,ChIJc3PJK-BVq48RzJpuQZWFv4s,2021-01-29,-41,6,-41,-33,-40,13
PA,Panama,,,Panama City Metropolitan Area,,,ChIJc3PJK-BVq48RzJpuQZWFv4s,2021-01-30,-92,-90,-90,-83,-73,38
PA,Panama,,,Panama City Metropolitan Area,,,ChIJc3PJK-BVq48RzJpuQZWFv4s,2021-01-31,-93,-93,-91,-84,-66,32
PA,Panama,,,Panama City Metropolitan Area,,,ChIJc3PJK-BVq48RzJpuQZWFv4s,2021-02-01,-36,-11,-46,-34,-37,11
PA,Panama,,,Panama City Metropolitan Area,,,ChIJc3PJK-BVq48RzJpuQZWFv4s,2021-02-02,-41,-14,-48,-39,-40,15
PA,Panama,,,Panama City Metropolitan Area,,,ChIJc3PJK-BVq48RzJpuQZWFv4s,2021-02-03,-44,-21,-49,-40,-37,16
PA,Panama,,,Panama City Metropolitan Area,,,ChIJc3PJK-BVq48RzJpuQZWFv4s,2021-02-04,-46,-20,-49,-44,-39,17
PA,Panama,,,Panama City Metropolitan Area,,,ChIJc3PJK-BVq48RzJpuQZWFv4s,2021-02-05,-38,5,-41,-33,-36,12
PA,Panama,,,Panama City Metropolitan Area,,,ChIJc3PJK-BVq48RzJpuQZWFv4s,2021-02-06,-92,-90,-89,-83,-72,38
PA,Panama,,,Panama City Metropolitan Area,,,ChIJc3PJK-BVq48RzJpuQZWFv4s,2021-02-07,-93,-93,-91,-85,-65,32
PA,Panama,,,Panama City Metropolitan Area,,,ChIJc3PJK-BVq48RzJpuQZWFv4s,2021-02-08,-33,-5,-47,-35,-35,11
PA,Panama,,,Panama City Metropolitan Area,,,ChIJc3PJK-BVq48RzJpuQZWFv4s,2021-02-09,-37,-13,-47,-40,-38,15
PA,Panama,,,Panama City Metropolitan Area,,,ChIJc3PJK-BVq48RzJpuQZWFv4s,2021-02-10,-39,-14,-50,-39,-36,15
PA,Panama,,,Panama City Metropolitan Area,,,ChIJc3PJK-BVq48RzJpuQZWFv4s,2021-02-11,-36,-6,-50,-40,-36,13
PA,Panama,,,Panama City Metropolitan Area,,,ChIJc3PJK-BVq48RzJpuQZWFv4s,2021-02-12,-27,25,-43,-26,-34,7
PA,Panama,,,Panama City Metropolitan Area,,,ChIJc3PJK-BVq48RzJpuQZWFv4s,2021-02-13,-92,-89,-89,-82,-72,35
PA,Panama,,,Panama City Metropolitan Area,,,ChIJc3PJK-BVq48RzJpuQZWFv4s,2021-02-14,-92,-92,-90,-84,-64,31
PA,Panama,,,Panama City Metropolitan Area,,,ChIJc3PJK-BVq48RzJpuQZWFv4s,2021-02-15,-24,12,-47,-33,-38,7
PA,Panama,,,Panama City Metropolitan Area,,,ChIJc3PJK-BVq48RzJpuQZWFv4s,2021-02-16,-52,-24,-47,-60,-76,21
PA,Panama,,,Panama City Metropolitan Area,,,ChIJc3PJK-BVq48RzJpuQZWFv4s,2021-02-17,-38,-12,-50,-36,-34,11
PA,Panama,,,Panama City Metropolitan Area,,,ChIJc3PJK-BVq48RzJpuQZWFv4s,2021-02-18,-36,-9,-50,-37,-35,12
PA,Panama,,,Panama City Metropolitan Area,,,ChIJc3PJK-BVq48RzJpuQZWFv4s,2021-02-19,-30,16,-48,-26,-32,8
PA,Panama,,,Panama City Metropolitan Area,,,ChIJc3PJK-BVq48RzJpuQZWFv4s,2021-02-20,-91,-89,-89,-83,-71,35
PA,Panama,,,Panama City Metropolitan Area,,,ChIJc3PJK-BVq48RzJpuQZWFv4s,2021-02-21,-92,-93,-91,-83,-64,31
PA,Panama,,,Panama City Metropolitan Area,,,ChIJc3PJK-BVq48RzJpuQZWFv4s,2021-02-22,-26,4,-43,-30,-30,6
PA,Panama,,,Panama City Metropolitan Area,,,ChIJc3PJK-BVq48RzJpuQZWFv4s,2021-02-23,-31,-7,-44,-36,-34,11
PA,Panama,,,Panama City Metropolitan Area,,,ChIJc3PJK-BVq48RzJpuQZWFv4s,2021-02-24,-35,-13,-45,-36,-32,12
PA,Panama,,,Panama City Metropolitan Area,,,ChIJc3PJK-BVq48RzJpuQZWFv4s,2021-02-25,-32,-6,-47,-35,-32,11
PA,Panama,,,Panama City Metropolitan Area,,,ChIJc3PJK-BVq48RzJpuQZWFv4s,2021-02-26,-22,24,-39,-23,-30,5
PA,Panama,,,Panama City Metropolitan Area,,,ChIJc3PJK-BVq48RzJpuQZWFv4s,2021-02-27,-90,-89,-88,-82,-69,34
PA,Panama,,,Panama City Metropolitan Area,,,ChIJc3PJK-BVq48RzJpuQZWFv4s,2021-02-28,-91,-92,-90,-82,-62,30
PA,Panama,,,Panama City Metropolitan Area,,,ChIJc3PJK-BVq48RzJpuQZWFv4s,2021-03-01,-21,11,-43,-26,-30,7
PA,Panama,,,Panama City Metropolitan Area,,,ChIJc3PJK-BVq48RzJpuQZWFv4s,2021-03-02,-27,0,-44,-33,-33,11
PA,Panama,,,Panama City Metropolitan Area,,,ChIJc3PJK-BVq48RzJpuQZWFv4s,2021-03-03,-33,-10,-45,-34,-31,13
PA,Panama,,,Panama City Metropolitan Area,,,ChIJc3PJK-BVq48RzJpuQZWFv4s,2021-03-04,-33,-8,-46,-36,-32,13
PA,Panama,,,Panama City Metropolitan Area,,,ChIJc3PJK-BVq48RzJpuQZWFv4s,2021-03-05,-31,-2,-41,-30,-30,11
PA,Panama,,,Panama City Metropolitan Area,,,ChIJc3PJK-BVq48RzJpuQZWFv4s,2021-03-06,-35,-15,-45,-34,-27,8
PA,Panama,,,Panama City Metropolitan Area,,,ChIJc3PJK-BVq48RzJpuQZWFv4s,2021-03-07,-44,-33,-49,-46,-22,9
PA,Panama,,,Panama City Metropolitan Area,,,ChIJc3PJK-BVq48RzJpuQZWFv4s,2021-03-08,-35,-14,-51,-35,-31,13
PA,Panama,,,Panama City Metropolitan Area,,,ChIJc3PJK-BVq48RzJpuQZWFv4s,2021-03-09,-34,-12,-45,-36,-33,13
PA,Panama,,,Panama City Metropolitan Area,,,ChIJc3PJK-BVq48RzJpuQZWFv4s,2021-03-10,-37,-14,-46,-35,-30,14
PA,Panama,,,Panama City Metropolitan Area,,,ChIJc3PJK-BVq48RzJpuQZWFv4s,2021-03-11,-34,-10,-48,-38,-31,13
PA,Panama,,,Panama City Metropolitan Area,,,ChIJc3PJK-BVq48RzJpuQZWFv4s,2021-03-12,-29,0,-42,-29,-29,11
PA,Panama,,,Panama City Metropolitan Area,,,ChIJc3PJK-BVq48RzJpuQZWFv4s,2021-03-13,-31,-8,-46,-30,-25,7
PA,Panama,,,Panama City Metropolitan Area,,,ChIJc3PJK-BVq48RzJpuQZWFv4s,2021-03-14,-37,-20,-47,-41,-19,6
PA,Panama,,,Panama City Metropolitan Area,,,ChIJc3PJK-BVq48RzJpuQZWFv4s,2021-03-15,-27,-2,-47,-30,-28,11
PA,Panama,,,Panama City Metropolitan Area,,,ChIJc3PJK-BVq48RzJpuQZWFv4s,2021-03-16,-28,-2,-44,-31,-31,12
PA,Panama,,,Panama City Metropolitan Area,,,ChIJc3PJK-BVq48RzJpuQZWFv4s,2021-03-17,-33,-8,-47,-31,-28,13
PA,Panama,,,Panama City Metropolitan Area,,,ChIJc3PJK-BVq48RzJpuQZWFv4s,2021-03-18,-33,-9,-50,-34,-30,13
PA,Panama,,,Panama City Metropolitan Area,,,ChIJc3PJK-BVq48RzJpuQZWFv4s,2021-03-19,-30,-3,-45,-29,-28,11
PA,Panama,,,Panama City Metropolitan Area,,,ChIJc3PJK-BVq48RzJpuQZWFv4s,2021-03-20,-32,-12,-47,-31,-24,8
PA,Panama,,,Panama City Metropolitan Area,,,ChIJc3PJK-BVq48RzJpuQZWFv4s,2021-03-21,-38,-26,-45,-41,-19,7
PA,Panama,,,Panama City Metropolitan Area,,,ChIJc3PJK-BVq48RzJpuQZWFv4s,2021-03-22,-33,-11,-48,-33,-27,12
PA,Panama,,,Panama City Metropolitan Area,,,ChIJc3PJK-BVq48RzJpuQZWFv4s,2021-03-23,-32,-11,-47,-34,-30,13
PA,Panama,,,Panama City Metropolitan Area,,,ChIJc3PJK-BVq48RzJpuQZWFv4s,2021-03-24,-36,-14,-48,-33,-28,13
PA,Panama,,,Panama City Metropolitan Area,,,ChIJc3PJK-BVq48RzJpuQZWFv4s,2021-03-25,-33,-11,-50,-35,-29,13
PA,Panama,,,Panama City Metropolitan Area,,,ChIJc3PJK-BVq48RzJpuQZWFv4s,2021-03-26,-30,-4,-43,-27,-27,12
PA,Panama,,,Panama City Metropolitan Area,,,ChIJc3PJK-BVq48RzJpuQZWFv4s,2021-03-27,-32,-11,-47,-30,-23,8
PA,Panama,,,Panama City Metropolitan Area,,,ChIJc3PJK-BVq48RzJpuQZWFv4s,2021-03-28,-40,-24,-47,-42,-20,8
PA,Panama,,,Panama City Metropolitan Area,,,ChIJc3PJK-BVq48RzJpuQZWFv4s,2021-03-29,-30,-7,-50,-32,-27,11
PA,Panama,,,Panama City Metropolitan Area,,,ChIJc3PJK-BVq48RzJpuQZWFv4s,2021-03-30,-26,-2,-47,-30,-29,11
PA,Panama,,,Panama City Metropolitan Area,,,ChIJc3PJK-BVq48RzJpuQZWFv4s,2021-03-31,-26,1,-45,-26,-27,9
PA,Panama,,,Panama City Metropolitan Area,,,ChIJc3PJK-BVq48RzJpuQZWFv4s,2021-04-01,-26,10,-47,-34,-39,9
PA,Panama,,,Panama City Metropolitan Area,,,ChIJc3PJK-BVq48RzJpuQZWFv4s,2021-04-02,-76,-53,-64,-70,-81,32
PA,Panama,,,Panama City Metropolitan Area,,,ChIJc3PJK-BVq48RzJpuQZWFv4s,2021-04-03,-50,-32,-60,-48,-47,12
PA,Panama,,,Panama City Metropolitan Area,,,ChIJc3PJK-BVq48RzJpuQZWFv4s,2021-04-04,-46,-36,-60,-47,-23,5
PA,Panama,,,Panama City Metropolitan Area,,,ChIJc3PJK-BVq48RzJpuQZWFv4s,2021-04-05,-32,-9,-51,-32,-27,10
PA,Panama,,,Panama City Metropolitan Area,,,ChIJc3PJK-BVq48RzJpuQZWFv4s,2021-04-06,-32,-9,-48,-34,-29,13
PA,Panama,,,Panama City Metropolitan Area,,,ChIJc3PJK-BVq48RzJpuQZWFv4s,2021-04-07,-35,-12,-51,-34,-28,14
PA,Panama,,,Panama City Metropolitan Area,,,ChIJc3PJK-BVq48RzJpuQZWFv4s,2021-04-08,-33,-9,-51,-35,-28,14
PA,Panama,,,Panama City Metropolitan Area,,,ChIJc3PJK-BVq48RzJpuQZWFv4s,2021-04-09,-32,-6,-50,-32,-27,14
PA,Panama,,,Panama City Metropolitan Area,,,ChIJc3PJK-BVq48RzJpuQZWFv4s,2021-04-10,-30,-10,-46,-31,-22,9
PA,Panama,,,Panama City Metropolitan Area,,,ChIJc3PJK-BVq48RzJpuQZWFv4s,2021-04-11,-36,-21,-48,-41,-18,9
PA,Panama,,,Panama City Metropolitan Area,,,ChIJc3PJK-BVq48RzJpuQZWFv4s,2021-04-12,-29,-4,-49,-32,-25,12
PA,Panama,,,Panama City Metropolitan Area,,,ChIJc3PJK-BVq48RzJpuQZWFv4s,2021-04-13,-29,-2,-49,-33,-28,13
PA,Panama,,,Panama City Metropolitan Area,,,ChIJc3PJK-BVq48RzJpuQZWFv4s,2021-04-14,-28,-1,-47,-30,-26,12
PA,Panama,,,Panama City Metropolitan Area,,,ChIJc3PJK-BVq48RzJpuQZWFv4s,2021-04-15,-22,5,-49,-29,-26,11
PA,Panama,,,Panama City Metropolitan Area,,,ChIJc3PJK-BVq48RzJpuQZWFv4s,2021-04-16,-23,7,-51,-24,-25,11
PA,Panama,,,Panama City Metropolitan Area,,,ChIJc3PJK-BVq48RzJpuQZWFv4s,2021-04-17,-21,2,-53,-25,-20,7
PA,Panama,,,Panama City Metropolitan Area,,,ChIJc3PJK-BVq48RzJpuQZWFv4s,2021-04-18,-24,-7,-53,-34,-13,6
PA,Panama,,,Panama City Metropolitan Area,,,ChIJc3PJK-BVq48RzJpuQZWFv4s,2021-04-19,-25,1,-49,-28,-24,11
PA,Panama,,,Panama City Metropolitan Area,,,ChIJc3PJK-BVq48RzJpuQZWFv4s,2021-04-20,-25,1,-48,-30,-26,12
PA,Panama,,,Panama City Metropolitan Area,,,ChIJc3PJK-BVq48RzJpuQZWFv4s,2021-04-21,-30,-5,-48,-29,-25,13
PA,Panama,,,Panama City Metropolitan Area,,,ChIJc3PJK-BVq48RzJpuQZWFv4s,2021-04-22,-27,-4,-47,-31,-25,12
PA,Panama,,,Panama City Metropolitan Area,,,ChIJc3PJK-BVq48RzJpuQZWFv4s,2021-04-23,-25,-2,-42,-26,-23,11
PA,Panama,,,Panama City Metropolitan Area,,,ChIJc3PJK-BVq48RzJpuQZWFv4s,2021-04-24,-25,-7,-50,-27,-19,8
PA,Panama,,,Panama City Metropolitan Area,,,ChIJc3PJK-BVq48RzJpuQZWFv4s,2021-04-25,-29,-15,-45,-36,-13,7
PA,Panama,,,Panama City Metropolitan Area,,,ChIJc3PJK-BVq48RzJpuQZWFv4s,2021-04-26,-29,-7,-47,-31,-23,12
PA,Panama,,,Panama City Metropolitan Area,,,ChIJc3PJK-BVq48RzJpuQZWFv4s,2021-04-27,-28,-6,-45,-31,-25,12
PA,Panama,,,Panama City Metropolitan Area,,,ChIJc3PJK-BVq48RzJpuQZWFv4s,2021-04-28,-30,-7,-48,-29,-24,13
PA,Panama,,,Panama City Metropolitan Area,,,ChIJc3PJK-BVq48RzJpuQZWFv4s,2021-04-29,-25,-1,-49,-30,-25,13
PA,Panama,,,Panama City Metropolitan Area,,,ChIJc3PJK-BVq48RzJpuQZWFv4s,2021-04-30,-19,9,-42,-20,-22,9
PA,Panama,,,Panama City Metropolitan Area,,,ChIJc3PJK-BVq48RzJpuQZWFv4s,2021-05-01,-35,-14,-54,-36,-48,12
PA,Panama,,,Panama City Metropolitan Area,,,ChIJc3PJK-BVq48RzJpuQZWFv4s,2021-05-02,-26,-12,-48,-35,-13,6
PA,Panama,,,Panama City Metropolitan Area,,,ChIJc3PJK-BVq48RzJpuQZWFv4s,2021-05-03,-24,0,-49,-27,-23,11
PA,Panama,,,Panama City Metropolitan Area,,,ChIJc3PJK-BVq48RzJpuQZWFv4s,2021-05-04,-25,-2,-43,-29,-25,12
PA,Panama,,,Panama City Metropolitan Area,,,ChIJc3PJK-BVq48RzJpuQZWFv4s,2021-05-05,-28,-4,-45,-27,-23,12
PA,Panama,,,Panama City Metropolitan Area,,,ChIJc3PJK-BVq48RzJpuQZWFv4s,2021-05-06,-27,-3,-47,-29,-24,12
PA,Panama,,,Panama City Metropolitan Area,,,ChIJc3PJK-BVq48RzJpuQZWFv4s,2021-05-07,-26,-1,-44,-24,-21,12
PA,Panama,,,Panama City Metropolitan Area,,,ChIJc3PJK-BVq48RzJpuQZWFv4s,2021-05-08,-26,-7,-46,-27,-18,8
PA,Panama,,,Panama City Metropolitan Area,,,ChIJc3PJK-BVq48RzJpuQZWFv4s,2021-05-09,-29,-16,-45,-36,-14,8
PA,Panama,,,Panama City Metropolitan Area,,,ChIJc3PJK-BVq48RzJpuQZWFv4s,2021-05-10,-29,-5,-49,-30,-22,12
PA,Panama,,,Panama City Metropolitan Area,,,ChIJc3PJK-BVq48RzJpuQZWFv4s,2021-05-11,-29,-5,-48,-31,-24,13
PA,Panama,,,Panama City Metropolitan Area,,,ChIJc3PJK-BVq48RzJpuQZWFv4s,2021-05-12,-30,-5,-50,-27,-22,13
PA,Panama,,,Panama City Metropolitan Area,,,ChIJc3PJK-BVq48RzJpuQZWFv4s,2021-05-13,-26,1,-46,-28,-22,12
PA,Panama,,,Panama City Metropolitan Area,,,ChIJc3PJK-BVq48RzJpuQZWFv4s,2021-05-14,-18,11,-38,-20,-20,10
PA,Panama,,,Panama City Metropolitan Area,,,ChIJc3PJK-BVq48RzJpuQZWFv4s,2021-05-15,-17,8,-41,-17,-16,5
PA,Panama,,,Panama City Metropolitan Area,,,ChIJc3PJK-BVq48RzJpuQZWFv4s,2021-05-16,-21,0,-42,-29,-7,6
PA,Panama,,,Panama City Metropolitan Area,,,ChIJc3PJK-BVq48RzJpuQZWFv4s,2021-05-17,-24,2,-48,-24,-21,11
PA,Panama,,,Panama City Metropolitan Area,,,ChIJc3PJK-BVq48RzJpuQZWFv4s,2021-05-18,-25,-1,-46,-28,-23,12
PA,Panama,,,Panama City Metropolitan Area,,,ChIJc3PJK-BVq48RzJpuQZWFv4s,2021-05-19,-27,-3,-47,-28,-21,13
PA,Panama,,,Panama City Metropolitan Area,,,ChIJc3PJK-BVq48RzJpuQZWFv4s,2021-05-20,-25,1,-44,-30,-21,13
PA,Panama,,,Panama City Metropolitan Area,,,ChIJc3PJK-BVq48RzJpuQZWFv4s,2021-05-21,-24,0,-41,-23,-18,12
PA,Panama,,,Panama City Metropolitan Area,,,ChIJc3PJK-BVq48RzJpuQZWFv4s,2021-05-22,-26,-6,-48,-24,-15,9
PA,Panama,,,Panama City Metropolitan Area,,,ChIJc3PJK-BVq48RzJpuQZWFv4s,2021-05-23,-34,-19,-56,-40,-11,10
PA,Panama,,,Panama City Metropolitan Area,,,ChIJc3PJK-BVq48RzJpuQZWFv4s,2021-05-24,-29,-7,-50,-30,-20,13
PA,Panama,,,Panama City Metropolitan Area,,,ChIJc3PJK-BVq48RzJpuQZWFv4s,2021-05-25,-27,-3,-46,-30,-22,13
PA,Panama,,,Panama City Metropolitan Area,,,ChIJc3PJK-BVq48RzJpuQZWFv4s,2021-05-26,-28,-7,-43,-26,-20,13
PA,Panama,,,Panama City Metropolitan Area,,,ChIJc3PJK-BVq48RzJpuQZWFv4s,2021-05-27,-26,-7,-55,-30,-20,14
PA,Panama,,,Panama City Metropolitan Area,,,ChIJc3PJK-BVq48RzJpuQZWFv4s,2021-05-28,-18,6,-46,-22,-16,11
PA,Panama,,,Panama City Metropolitan Area,,,ChIJc3PJK-BVq48RzJpuQZWFv4s,2021-05-29,-18,3,-53,-21,-13,8
PA,Panama,,,Panama City Metropolitan Area,,,ChIJc3PJK-BVq48RzJpuQZWFv4s,2021-05-30,-16,0,-43,-31,-7,8
PA,Panama,,,Panama City Metropolitan Area,,,ChIJc3PJK-BVq48RzJpuQZWFv4s,2021-05-31,-18,3,-45,-24,-16,12
PA,Panama,,,Panama City Metropolitan Area,,,ChIJc3PJK-BVq48RzJpuQZWFv4s,2021-06-01,-19,3,-41,-25,-20,13
PA,Panama,,,Panama City Metropolitan Area,,,ChIJc3PJK-BVq48RzJpuQZWFv4s,2021-06-02,-25,-3,-43,-25,-19,14
PA,Panama,,,Panama City Metropolitan Area,,,ChIJc3PJK-BVq48RzJpuQZWFv4s,2021-06-03,-23,-2,-48,-26,-20,14
PA,Panama,,,Panama City Metropolitan Area,,,ChIJc3PJK-BVq48RzJpuQZWFv4s,2021-06-04,-19,7,-38,-20,-17,12
PA,Panama,,,Panama City Metropolitan Area,,,ChIJc3PJK-BVq48RzJpuQZWFv4s,2021-06-05,-21,-3,-48,-22,-13,9
PA,Panama,,,Panama City Metropolitan Area,,,ChIJc3PJK-BVq48RzJpuQZWFv4s,2021-06-06,-25,-12,-47,-34,-10,9
PA,Panama,,,Panama City Metropolitan Area,,,ChIJc3PJK-BVq48RzJpuQZWFv4s,2021-06-07,-26,-3,-51,-27,-19,13
PA,Panama,,,Panama City Metropolitan Area,,,ChIJc3PJK-BVq48RzJpuQZWFv4s,2021-06-08,-23,1,-46,-29,-21,13
PA,Panama,,,Panama City Metropolitan Area,,,ChIJc3PJK-BVq48RzJpuQZWFv4s,2021-06-09,-27,-3,-48,-27,-20,13
PA,Panama,,,Panama City Metropolitan Area,,,ChIJc3PJK-BVq48RzJpuQZWFv4s,2021-06-10,-23,4,-44,-27,-21,12
PA,Panama,,,Panama City Metropolitan Area,,,ChIJc3PJK-BVq48RzJpuQZWFv4s,2021-06-11,-22,6,-44,-22,-20,11
PA,Panama,,,Panama City Metropolitan Area,,,ChIJc3PJK-BVq48RzJpuQZWFv4s,2021-06-12,-26,-5,-56,-25,-15,9
PA,Panama,,,Panama City Metropolitan Area,,,ChIJc3PJK-BVq48RzJpuQZWFv4s,2021-06-13,-29,-13,-57,-36,-11,10
PA,Panama,,,Panama City Metropolitan Area,,,ChIJc3PJK-BVq48RzJpuQZWFv4s,2021-06-14,-27,-2,-54,-30,-20,13
PA,Panama,,,Panama City Metropolitan Area,,,ChIJc3PJK-BVq48RzJpuQZWFv4s,2021-06-15,-19,9,-48,-26,-20,12
PA,Panama,,,Panama City Metropolitan Area,,,ChIJc3PJK-BVq48RzJpuQZWFv4s,2021-06-16,-21,6,-43,-23,-20,12
PA,Panama,,,Panama City Metropolitan Area,,,ChIJc3PJK-BVq48RzJpuQZWFv4s,2021-06-17,-21,2,-48,-27,-22,12
PA,Panama,,,Panama City Metropolitan Area,,,ChIJc3PJK-BVq48RzJpuQZWFv4s,2021-06-18,-18,8,-42,-22,-19,11
PA,Panama,,,Panama City Metropolitan Area,,,ChIJc3PJK-BVq48RzJpuQZWFv4s,2021-06-19,-20,4,-57,-21,-16,9
PA,Panama,,,Panama City Metropolitan Area,,,ChIJc3PJK-BVq48RzJpuQZWFv4s,2021-06-20,-28,-8,-55,-36,-14,8
PA,Panama,,,Panama City Metropolitan Area,,,ChIJc3PJK-BVq48RzJpuQZWFv4s,2021-06-21,-31,-9,-55,-34,-22,15
PA,Panama,,,Panama City Metropolitan Area,,,ChIJc3PJK-BVq48RzJpuQZWFv4s,2021-06-22,-26,-3,-46,-31,-21,14
PA,Panama,,,Panama City Metropolitan Area,,,ChIJc3PJK-BVq48RzJpuQZWFv4s,2021-06-23,-31,-9,-51,-30,-20,15
PA,Panama,,,Panama City Metropolitan Area,,,ChIJc3PJK-BVq48RzJpuQZWFv4s,2021-06-24,-27,-5,-50,-30,-21,14
PA,Panama,,,Panama City Metropolitan Area,,,ChIJc3PJK-BVq48RzJpuQZWFv4s,2021-06-25,-22,2,-44,-24,-18,13
PA,Panama,,,Panama City Metropolitan Area,,,ChIJc3PJK-BVq48RzJpuQZWFv4s,2021-06-26,-25,-4,-53,-27,-14,11
PA,Panama,,,Panama City Metropolitan Area,,,ChIJc3PJK-BVq48RzJpuQZWFv4s,2021-06-27,-27,-12,-48,-38,-12,11
PA,Panama,,,Panama City Metropolitan Area,,,ChIJc3PJK-BVq48RzJpuQZWFv4s,2021-06-28,-26,-4,-50,-29,-18,11
PA,Panama,,,Panama City Metropolitan Area,,,ChIJc3PJK-BVq48RzJpuQZWFv4s,2021-06-29,-26,-3,-50,-32,-22,13
PA,Panama,,,Panama City Metropolitan Area,,,ChIJc3PJK-BVq48RzJpuQZWFv4s,2021-06-30,-22,3,-49,-24,-18,13
PA,Panama,,,Panama City Metropolitan Area,,,ChIJc3PJK-BVq48RzJpuQZWFv4s,2021-07-01,-20,8,-42,-25,-19,13
PA,Panama,,,Panama City Metropolitan Area,,,ChIJc3PJK-BVq48RzJpuQZWFv4s,2021-07-02,-19,9,-41,-20,-16,12
PA,Panama,,,Panama City Metropolitan Area,,,ChIJc3PJK-BVq48RzJpuQZWFv4s,2021-07-03,-20,2,-49,-21,-13,10
PA,Panama,,,Panama City Metropolitan Area,,,ChIJc3PJK-BVq48RzJpuQZWFv4s,2021-07-04,-21,-3,-44,-35,-10,11
PA,Panama,,,Panama City Metropolitan Area,,,ChIJc3PJK-BVq48RzJpuQZWFv4s,2021-07-05,-21,3,-46,-25,-16,13
PA,Panama,,,Panama City Metropolitan Area,,,ChIJc3PJK-BVq48RzJpuQZWFv4s,2021-07-06,-23,1,-48,-27,-18,14
PA,Panama,,,Panama City Metropolitan Area,,,ChIJc3PJK-BVq48RzJpuQZWFv4s,2021-07-07,-27,-3,-47,-27,-18,14
PA,Panama,,,Panama City Metropolitan Area,,,ChIJc3PJK-BVq48RzJpuQZWFv4s,2021-07-08,-25,-1,-47,-27,-18,14
PA,Panama,,,Panama City Metropolitan Area,,,ChIJc3PJK-BVq48RzJpuQZWFv4s,2021-07-09,-25,0,-48,-23,-16,14
PA,Panama,,,Panama City Metropolitan Area,,,ChIJc3PJK-BVq48RzJpuQZWFv4s,2021-07-10,-25,-1,-61,-26,-13,12
PA,Panama,,,Panama City Metropolitan Area,,,ChIJc3PJK-BVq48RzJpuQZWFv4s,2021-07-11,-25,-3,-46,-37,-9,12
PA,Panama,,,Panama City Metropolitan Area,,,ChIJc3PJK-BVq48RzJpuQZWFv4s,2021-07-12,-25,2,-50,-26,-16,13
PA,Panama,,,Panama City Metropolitan Area,,,ChIJc3PJK-BVq48RzJpuQZWFv4s,2021-07-13,-23,6,-50,-28,-19,14
PA,Panama,,,Panama City Metropolitan Area,,,ChIJc3PJK-BVq48RzJpuQZWFv4s,2021-07-14,-24,6,-49,-26,-17,13
PA,Panama,,,Panama City Metropolitan Area,,,ChIJc3PJK-BVq48RzJpuQZWFv4s,2021-07-15,-15,16,-43,-23,-17,11
PA,Panama,,,Panama City Metropolitan Area,,,ChIJc3PJK-BVq48RzJpuQZWFv4s,2021-07-16,-15,15,-41,-17,-15,11
PA,Panama,,,Panama City Metropolitan Area,,,ChIJc3PJK-BVq48RzJpuQZWFv4s,2021-07-17,-17,8,-49,-17,-13,8
PA,Panama,,,Panama City Metropolitan Area,,,ChIJc3PJK-BVq48RzJpuQZWFv4s,2021-07-18,-9,3,-36,-31,-9,9
PA,Panama,,,Panama City Metropolitan Area,,,ChIJc3PJK-BVq48RzJpuQZWFv4s,2021-07-19,-21,2,-46,-24,-16,12
PA,Panama,,,Panama City Metropolitan Area,,,ChIJc3PJK-BVq48RzJpuQZWFv4s,2021-07-20,-21,5,-44,-26,-18,13
PA,Panama,,,Panama City Metropolitan Area,,,ChIJc3PJK-BVq48RzJpuQZWFv4s,2021-07-21,-25,-2,-41,-23,-18,13
PA,Panama,,,Panama City Metropolitan Area,,,ChIJc3PJK-BVq48RzJpuQZWFv4s,2021-07-22,-23,1,-41,-26,-18,13
PA,Panama,,,Panama City Metropolitan Area,,,ChIJc3PJK-BVq48RzJpuQZWFv4s,2021-07-23,-22,3,-42,-21,-16,13
PA,Panama,,,Panama City Metropolitan Area,,,ChIJc3PJK-BVq48RzJpuQZWFv4s,2021-07-24,-24,-3,-50,-24,-13,11
PA,Panama,,,Panama City Metropolitan Area,,,ChIJc3PJK-BVq48RzJpuQZWFv4s,2021-07-25,-31,-13,-64,-40,-12,13
PA,Panama,,,Panama City Metropolitan Area,,,ChIJc3PJK-BVq48RzJpuQZWFv4s,2021-07-26,-23,0,-48,-25,-16,13
PA,Panama,,,Panama City Metropolitan Area,,,ChIJc3PJK-BVq48RzJpuQZWFv4s,2021-07-27,-20,5,-41,-25,-18,13
PA,Panama,,,Panama City Metropolitan Area,,,ChIJc3PJK-BVq48RzJpuQZWFv4s,2021-07-28,-24,0,-43,-24,-16,13
PA,Panama,,,Panama City Metropolitan Area,,,ChIJc3PJK-BVq48RzJpuQZWFv4s,2021-07-29,-22,2,-53,-25,-17,13
PA,Panama,,,Panama City Metropolitan Area,,,ChIJc3PJK-BVq48RzJpuQZWFv4s,2021-07-30,-13,16,-43,-17,-14,11
PA,Panama,,,Panama City Metropolitan Area,,,ChIJc3PJK-BVq48RzJpuQZWFv4s,2021-07-31,-11,12,-41,-12,-8,6
PA,Panama,,,Panama City Metropolitan Area,,,ChIJc3PJK-BVq48RzJpuQZWFv4s,2021-08-01,-14,5,-43,-28,-7,8
PA,Panama,,,Panama City Metropolitan Area,,,ChIJc3PJK-BVq48RzJpuQZWFv4s,2021-08-02,-18,7,-45,-22,-15,12
PA,Panama,,,Panama City Metropolitan Area,,,ChIJc3PJK-BVq48RzJpuQZWFv4s,2021-08-03,-20,4,-46,-24,-17,13
PA,Panama,,,Panama City Metropolitan Area,,,ChIJc3PJK-BVq48RzJpuQZWFv4s,2021-08-04,-22,3,-42,-23,-15,13
PA,Panama,,,Panama City Metropolitan Area,,,ChIJc3PJK-BVq48RzJpuQZWFv4s,2021-08-05,-19,8,-44,-24,-16,12
PA,Panama,,,Panama City Metropolitan Area,,,ChIJc3PJK-BVq48RzJpuQZWFv4s,2021-08-06,-15,9,-40,-18,-13,12
PA,Panama,,,Panama City Metropolitan Area,,,ChIJc3PJK-BVq48RzJpuQZWFv4s,2021-08-07,-15,5,-45,-18,-11,9
PA,Panama,,,Panama City Metropolitan Area,,,ChIJc3PJK-BVq48RzJpuQZWFv4s,2021-08-08,-20,-3,-46,-33,-8,10
PA,Panama,,,Panama City Metropolitan Area,,,ChIJc3PJK-BVq48RzJpuQZWFv4s,2021-08-09,-18,6,-49,-23,-15,13
PA,Panama,,,Panama City Metropolitan Area,,,ChIJc3PJK-BVq48RzJpuQZWFv4s,2021-08-10,-14,10,-42,-21,-15,12
PA,Panama,,,Panama City Metropolitan Area,,,ChIJc3PJK-BVq48RzJpuQZWFv4s,2021-08-11,-18,7,-41,-21,-15,12
PA,Panama,,,Panama City Metropolitan Area,,,ChIJc3PJK-BVq48RzJpuQZWFv4s,2021-08-12,-15,12,-44,-21,-16,12
PA,Panama,,,Panama City Metropolitan Area,,,ChIJc3PJK-BVq48RzJpuQZWFv4s,2021-08-13,-8,20,-42,-14,-13,10
PA,Panama,,,Panama City Metropolitan Area,,,ChIJc3PJK-BVq48RzJpuQZWFv4s,2021-08-14,-2,22,-40,-7,-9,5
PA,Panama,,,Panama City Metropolitan Area,,,ChIJc3PJK-BVq48RzJpuQZWFv4s,2021-08-15,-1,16,-36,-21,-3,5
PA,Panama,,,Panama City Metropolitan Area,,,ChIJc3PJK-BVq48RzJpuQZWFv4s,2021-08-16,-11,16,-43,-18,-15,11
PA,Panama,,,Panama City Metropolitan Area,,,ChIJc3PJK-BVq48RzJpuQZWFv4s,2021-08-17,-12,15,-40,-20,-17,11
PA,Panama,,,Panama City Metropolitan Area,,,ChIJc3PJK-BVq48RzJpuQZWFv4s,2021-08-18,-16,6,-40,-20,-14,12
PA,Panama,,,Panama City Metropolitan Area,,,ChIJc3PJK-BVq48RzJpuQZWFv4s,2021-08-19,-16,6,-44,-23,-15,13
PA,Panama,,,Panama City Metropolitan Area,,,ChIJc3PJK-BVq48RzJpuQZWFv4s,2021-08-20,-11,9,-42,-16,-13,11
PA,Panama,,,Panama City Metropolitan Area,,,ChIJc3PJK-BVq48RzJpuQZWFv4s,2021-08-21,-7,7,-38,-14,-11,7
PA,Panama,,,Panama City Metropolitan Area,,,ChIJc3PJK-BVq48RzJpuQZWFv4s,2021-08-22,-13,-2,-41,-28,-6,8
PA,Panama,,,Panama City Metropolitan Area,,,ChIJc3PJK-BVq48RzJpuQZWFv4s,2021-08-23,-18,3,-46,-22,-13,12
PA,Panama,,,Panama City Metropolitan Area,,,ChIJc3PJK-BVq48RzJpuQZWFv4s,2021-08-24,-21,-3,-51,-25,-16,13
PA,Panama,,,Panama City Metropolitan Area,,,ChIJc3PJK-BVq48RzJpuQZWFv4s,2021-08-25,-19,3,-43,-21,-14,12
PA,Panama,,,Panama City Metropolitan Area,,,ChIJc3PJK-BVq48RzJpuQZWFv4s,2021-08-26,-19,3,-47,-22,-15,13
PA,Panama,,,Panama City Metropolitan Area,,,ChIJc3PJK-BVq48RzJpuQZWFv4s,2021-08-27,-12,11,-37,-16,-11,11
PA,Panama,,,Panama City Metropolitan Area,,,ChIJc3PJK-BVq48RzJpuQZWFv4s,2021-08-28,-12,6,-43,-13,-8,8
PA,Panama,,,Panama City Metropolitan Area,,,ChIJc3PJK-BVq48RzJpuQZWFv4s,2021-08-29,-15,1,-41,-27,-5,7
PA,Panama,,,Panama City Metropolitan Area,,,ChIJc3PJK-BVq48RzJpuQZWFv4s,2021-08-30,-14,10,-48,-20,-12,12
PA,Panama,,,Panama City Metropolitan Area,,,ChIJc3PJK-BVq48RzJpuQZWFv4s,2021-08-31,-10,15,-41,-18,-12,11
PA,Panama,,,Panama City Metropolitan Area,,,ChIJc3PJK-BVq48RzJpuQZWFv4s,2021-09-01,-15,9,-40,-18,-13,11
PA,Panama,,,Panama City Metropolitan Area,,,ChIJc3PJK-BVq48RzJpuQZWFv4s,2021-09-02,-12,9,-42,-19,-13,11
PA,Panama,,,Panama City Metropolitan Area,,,ChIJc3PJK-BVq48RzJpuQZWFv4s,2021-09-03,-11,12,-38,-15,-11,10
PA,Panama,,,Panama City Metropolitan Area,,,ChIJc3PJK-BVq48RzJpuQZWFv4s,2021-09-04,-13,5,-41,-15,-8,7
PA,Panama,,,Panama City Metropolitan Area,,,ChIJc3PJK-BVq48RzJpuQZWFv4s,2021-09-05,-20,-6,-50,-30,-5,8
PA,Panama,,,Panama City Metropolitan Area,,,ChIJc3PJK-BVq48RzJpuQZWFv4s,2021-09-06,-17,3,-46,-21,-14,11
PA,Panama,,,Panama City Metropolitan Area,,,ChIJc3PJK-BVq48RzJpuQZWFv4s,2021-09-07,-16,7,-39,-22,-19,11
PA,Panama,,,Panama City Metropolitan Area,,,ChIJc3PJK-BVq48RzJpuQZWFv4s,2021-09-08,-19,0,-41,-20,-18,11
PA,Panama,,,Panama City Metropolitan Area,,,ChIJc3PJK-BVq48RzJpuQZWFv4s,2021-09-09,-17,2,-44,-22,-16,11
PA,Panama,,,Panama City Metropolitan Area,,,ChIJc3PJK-BVq48RzJpuQZWFv4s,2021-09-10,-13,8,-36,-17,-13,10
PA,Panama,,,Panama City Metropolitan Area,,,ChIJc3PJK-BVq48RzJpuQZWFv4s,2021-09-11,-15,4,-44,-16,-9,8
PA,Panama,,,Panama City Metropolitan Area,,,ChIJc3PJK-BVq48RzJpuQZWFv4s,2021-09-12,-16,2,-42,-28,-4,7
PA,Panama,,,Panama City Metropolitan Area,,,ChIJc3PJK-BVq48RzJpuQZWFv4s,2021-09-13,-17,9,-41,-19,-12,11
PA,Panama,,,Panama City Metropolitan Area,,,ChIJc3PJK-BVq48RzJpuQZWFv4s,2021-09-14,-12,15,-39,-17,-14,11
PA,Panama,,,Panama City Metropolitan Area,,,ChIJc3PJK-BVq48RzJpuQZWFv4s,2021-09-15,-16,12,-47,-18,-14,11
PA,Panama,,,Panama City Metropolitan Area,,,ChIJc3PJK-BVq48RzJpuQZWFv4s,2021-09-16,-10,21,-35,-14,-18,10
PA,Panama,,,Panama City Metropolitan Area,,,ChIJc3PJK-BVq48RzJpuQZWFv4s,2021-09-17,-7,19,-37,-10,-12,9
PA,Panama,,,Panama City Metropolitan Area,,,ChIJc3PJK-BVq48RzJpuQZWFv4s,2021-09-18,-12,6,-49,-12,-9,8
PA,Panama,,,Panama City Metropolitan Area,,,ChIJc3PJK-BVq48RzJpuQZWFv4s,2021-09-19,-11,5,-43,-24,-4,7
PA,Panama,,,Panama City Metropolitan Area,,,ChIJc3PJK-BVq48RzJpuQZWFv4s,2021-09-20,-14,10,-42,-16,-11,10
PA,Panama,,,Panama City Metropolitan Area,,,ChIJc3PJK-BVq48RzJpuQZWFv4s,2021-09-21,-14,8,-40,-17,-14,11
PA,Panama,,,Panama City Metropolitan Area,,,ChIJc3PJK-BVq48RzJpuQZWFv4s,2021-09-22,-20,2,-45,-18,-12,12
PA,Panama,,,Panama City Metropolitan Area,,,ChIJc3PJK-BVq48RzJpuQZWFv4s,2021-09-23,-16,7,-41,-19,-12,12
PA,Panama,,,Panama City Metropolitan Area,,,ChIJc3PJK-BVq48RzJpuQZWFv4s,2021-09-24,-13,12,-37,-14,-9,10
PA,Panama,,,Panama City Metropolitan Area,,,ChIJc3PJK-BVq48RzJpuQZWFv4s,2021-09-25,-14,4,-40,-15,-7,8
PA,Panama,,,Panama City Metropolitan Area,,,ChIJc3PJK-BVq48RzJpuQZWFv4s,2021-09-26,-16,-1,-35,-28,-4,7
PA,Panama,,,Panama City Metropolitan Area,,,ChIJc3PJK-BVq48RzJpuQZWFv4s,2021-09-27,-19,4,-45,-18,-10,11
PA,Panama,,,Panama City Metropolitan Area,,,ChIJc3PJK-BVq48RzJpuQZWFv4s,2021-09-28,-16,7,-39,-19,-13,11
PA,Panama,,,Panama City Metropolitan Area,,,ChIJc3PJK-BVq48RzJpuQZWFv4s,2021-09-29,-16,7,-40,-17,-11,11
PA,Panama,,,Panama City Metropolitan Area,,,ChIJc3PJK-BVq48RzJpuQZWFv4s,2021-09-30,-6,18,-40,-12,-10,9
PA,Panama,,,Panama City Metropolitan Area,,,ChIJc3PJK-BVq48RzJpuQZWFv4s,2021-10-01,-4,21,-31,-6,-8,8
PA,Panama,,,Panama City Metropolitan Area,,,ChIJc3PJK-BVq48RzJpuQZWFv4s,2021-10-02,-5,14,-41,-7,-6,6
PA,Panama,,,Panama City Metropolitan Area,,,ChIJc3PJK-BVq48RzJpuQZWFv4s,2021-10-03,-5,10,-30,-18,-1,6
PA,Panama,,,Panama City Metropolitan Area,,,ChIJc3PJK-BVq48RzJpuQZWFv4s,2021-10-04,-16,6,-42,-16,-9,10
PA,Panama,,,Panama City Metropolitan Area,,,ChIJc3PJK-BVq48RzJpuQZWFv4s,2021-10-05,-13,12,-39,-16,-12,10
PA,Panama,,,Panama City Metropolitan Area,,,ChIJc3PJK-BVq48RzJpuQZWFv4s,2021-10-06,-17,5,-38,-15,-10,11
PA,Panama,,,Panama City Metropolitan Area,,,ChIJc3PJK-BVq48RzJpuQZWFv4s,2021-10-07,-16,6,-42,-17,-10,11
PA,Panama,,,Panama City Metropolitan Area,,,ChIJc3PJK-BVq48RzJpuQZWFv4s,2021-10-08,-12,9,-42,-13,-8,10
PA,Panama,,,Panama City Metropolitan Area,,,ChIJc3PJK-BVq48RzJpuQZWFv4s,2021-10-09,-11,5,-49,-12,-7,8
PA,Panama,,,Panama City Metropolitan Area,,,ChIJc3PJK-BVq48RzJpuQZWFv4s,2021-10-10,-9,3,-45,-23,-1,8
PA,Panama,,,Panama City Metropolitan Area,,,ChIJc3PJK-BVq48RzJpuQZWFv4s,2021-10-11,-16,8,-39,-17,-8,10
PA,Panama,,,Panama City Metropolitan Area,,,ChIJc3PJK-BVq48RzJpuQZWFv4s,2021-10-12,-17,8,-40,-19,-10,11
PA,Panama,,,Panama City Metropolitan Area,,,ChIJc3PJK-BVq48RzJpuQZWFv4s,2021-10-13,-17,8,-40,-15,-9,10
PA,Panama,,,Panama City Metropolitan Area,,,ChIJc3PJK-BVq48RzJpuQZWFv4s,2021-10-14,-10,17,-39,-16,-9,10
PA,Panama,,,Panama City Metropolitan Area,,,ChIJc3PJK-BVq48RzJpuQZWFv4s,2021-10-15,-1,26,-33,-6,-6,7
PA,Panama,,,Panama City Metropolitan Area,,,ChIJc3PJK-BVq48RzJpuQZWFv4s,2021-10-16,-2,18,-44,-5,-6,5
PA,Panama,,,Panama City Metropolitan Area,,,ChIJc3PJK-BVq48RzJpuQZWFv4s,2021-10-17,-2,13,-37,-18,0,6
PA,Panama,,,Panama City Metropolitan Area,,,ChIJc3PJK-BVq48RzJpuQZWFv4s,2021-10-18,-11,13,-42,-12,-9,10
PA,Panama,,,Panama City Metropolitan Area,,,ChIJc3PJK-BVq48RzJpuQZWFv4s,2021-10-19,-11,12,-40,-14,-11,10
PA,Panama,,,Panama City Metropolitan Area,,,ChIJc3PJK-BVq48RzJpuQZWFv4s,2021-10-20,-13,10,-36,-11,-9,10
PA,Panama,,,Panama City Metropolitan Area,,,ChIJc3PJK-BVq48RzJpuQZWFv4s,2021-10-21,-11,10,-39,-13,-10,10
PA,Panama,,,Panama City Metropolitan Area,,,ChIJc3PJK-BVq48RzJpuQZWFv4s,2021-10-22,-9,11,-39,-9,-7,10
PA,Panama,,,Panama City Metropolitan Area,,,ChIJc3PJK-BVq48RzJpuQZWFv4s,2021-10-23,-7,10,-37,-9,-4,7
PA,Panama,,,Panama City Metropolitan Area,,,ChIJc3PJK-BVq48RzJpuQZWFv4s,2021-10-24,-9,2,-38,-23,-1,8
PA,Panama,,,Panama City Metropolitan Area,,,ChIJc3PJK-BVq48RzJpuQZWFv4s,2021-10-25,-14,7,-43,-14,-8,10
PA,Panama,,,Panama City Metropolitan Area,,,ChIJc3PJK-BVq48RzJpuQZWFv4s,2021-10-26,-15,6,-46,-16,-10,11
PA,Panama,,,Panama City Metropolitan Area,,,ChIJc3PJK-BVq48RzJpuQZWFv4s,2021-10-27,-14,9,-39,-13,-8,10
PA,Panama,,,Panama City Metropolitan Area,,,ChIJc3PJK-BVq48RzJpuQZWFv4s,2021-10-28,-9,15,-37,-13,-8,9
PA,Panama,,,Panama City Metropolitan Area,,,ChIJc3PJK-BVq48RzJpuQZWFv4s,2021-10-29,-3,21,-33,-5,-5,8
PA,Panama,,,Panama City Metropolitan Area,,,ChIJc3PJK-BVq48RzJpuQZWFv4s,2021-10-30,3,22,-40,0,0,3
PA,Panama,,,Panama City Metropolitan Area,,,ChIJc3PJK-BVq48RzJpuQZWFv4s,2021-10-31,4,17,-37,-15,4,4
PA,Panama,,,Panama City Metropolitan Area,,,ChIJc3PJK-BVq48RzJpuQZWFv4s,2021-11-01,-4,20,-39,-7,-11,7
PA,Panama,,,Panama City Metropolitan Area,,,ChIJc3PJK-BVq48RzJpuQZWFv4s,2021-11-02,-7,17,-44,-14,-23,8
PA,Panama,,,Panama City Metropolitan Area,,,ChIJc3PJK-BVq48RzJpuQZWFv4s,2021-11-03,-39,-14,-49,-43,-73,20
PA,Panama,,,Panama City Metropolitan Area,,,ChIJc3PJK-BVq48RzJpuQZWFv4s,2021-11-04,-31,-8,-49,-39,-61,18
PA,Panama,,,Panama City Metropolitan Area,,,ChIJc3PJK-BVq48RzJpuQZWFv4s,2021-11-05,-44,-23,-52,-48,-72,24
PA,Panama,,,Panama City Metropolitan Area,,,ChIJc3PJK-BVq48RzJpuQZWFv4s,2021-11-06,-30,-13,-53,-27,-29,9
PA,Panama,,,Panama City Metropolitan Area,,,ChIJc3PJK-BVq48RzJpuQZWFv4s,2021-11-07,-21,-7,-44,-24,-3,7
PA,Panama,,,Panama City Metropolitan Area,,,ChIJc3PJK-BVq48RzJpuQZWFv4s,2021-11-08,-15,8,-43,-13,-8,10
PA,Panama,,,Panama City Metropolitan Area,,,ChIJc3PJK-BVq48RzJpuQZWFv4s,2021-11-09,-7,15,-36,-13,-10,8
PA,Panama,,,Panama City Metropolitan Area,,,ChIJc3PJK-BVq48RzJpuQZWFv4s,2021-11-10,-26,0,-44,-40,-67,25
PA,Panama,,,Panama City Metropolitan Area,,,ChIJc3PJK-BVq48RzJpuQZWFv4s,2021-11-11,-14,13,-41,-13,-8,9
PA,Panama,,,Panama City Metropolitan Area,,,ChIJc3PJK-BVq48RzJpuQZWFv4s,2021-11-12,-5,20,-32,-7,-5,9
PA,Panama,,,Panama City Metropolitan Area,,,ChIJc3PJK-BVq48RzJpuQZWFv4s,2021-11-13,-1,17,-34,-6,-1,7
PA,Panama,,,Panama City Metropolitan Area,,,ChIJc3PJK-BVq48RzJpuQZWFv4s,2021-11-14,-1,13,-36,-18,5,8
PA,Panama,,,Panama City Metropolitan Area,,,ChIJc3PJK-BVq48RzJpuQZWFv4s,2021-11-15,-1,22,-36,-6,-5,8
PA,Panama,,,Panama City Metropolitan Area,,,ChIJc3PJK-BVq48RzJpuQZWFv4s,2021-11-16,-1,18,-36,-5,-8,8
PA,Panama,,,Panama City Metropolitan Area,,,ChIJc3PJK-BVq48RzJpuQZWFv4s,2021-11-17,-9,15,-38,-8,-7,9
PA,Panama,,,Panama City Metropolitan Area,,,ChIJc3PJK-BVq48RzJpuQZWFv4s,2021-11-18,-5,18,-34,-8,-8,9
PA,Panama,,,Panama City Metropolitan Area,,,ChIJc3PJK-BVq48RzJpuQZWFv4s,2021-11-19,-3,17,-33,-5,-5,8
PA,Panama,,,Panama City Metropolitan Area,,,ChIJc3PJK-BVq48RzJpuQZWFv4s,2021-11-20,-2,15,-36,-3,-1,6
PA,Panama,,,Panama City Metropolitan Area,,,ChIJc3PJK-BVq48RzJpuQZWFv4s,2021-11-21,-3,11,-38,-15,4,7
PA,Panama,,,Panama City Metropolitan Area,,,ChIJc3PJK-BVq48RzJpuQZWFv4s,2021-11-22,-10,12,-40,-10,-6,10
PA,Panama,,,Panama City Metropolitan Area,,,ChIJc3PJK-BVq48RzJpuQZWFv4s,2021-11-23,-10,11,-40,-11,-8,10
PA,Panama,,,Panama City Metropolitan Area,,,ChIJc3PJK-BVq48RzJpuQZWFv4s,2021-11-24,-11,12,-36,-10,-7,10
PA,Panama,,,Panama City Metropolitan Area,,,ChIJc3PJK-BVq48RzJpuQZWFv4s,2021-11-25,-8,17,-40,-9,-8,9
PA,Panama,,,Panama City Metropolitan Area,,,ChIJc3PJK-BVq48RzJpuQZWFv4s,2021-11-26,0,22,-29,0,-6,8
PA,Panama,,,Panama City Metropolitan Area,,,ChIJc3PJK-BVq48RzJpuQZWFv4s,2021-11-27,2,22,-39,-1,-2,4
PA,Panama,,,Panama City Metropolitan Area,,,ChIJc3PJK-BVq48RzJpuQZWFv4s,2021-11-28,2,14,-36,-15,4,5
PA,Panama,,,Panama City Metropolitan Area,,,ChIJc3PJK-BVq48RzJpuQZWFv4s,2021-11-29,-19,3,-46,-37,-70,21
PA,Panama,,,Panama City Metropolitan Area,,,ChIJc3PJK-BVq48RzJpuQZWFv4s,2021-11-30,-5,17,-43,-7,-7,8
PA,Panama,,,Panama City Metropolitan Area,,,ChIJc3PJK-BVq48RzJpuQZWFv4s,2021-12-01,-2,24,-35,-2,-7,8
PA,Panama,,,Panama City Metropolitan Area,,,ChIJc3PJK-BVq48RzJpuQZWFv4s,2021-12-02,2,28,-32,-5,-7,8
PA,Panama,,,Panama City Metropolitan Area,,,ChIJc3PJK-BVq48RzJpuQZWFv4s,2021-12-03,4,28,-28,1,-3,7
PA,Panama,,,Panama City Metropolitan Area,,,ChIJc3PJK-BVq48RzJpuQZWFv4s,2021-12-04,6,23,-34,2,1,5
PA,Panama,,,Panama City Metropolitan Area,,,ChIJc3PJK-BVq48RzJpuQZWFv4s,2021-12-05,12,24,-27,-7,12,5
PA,Panama,,,Panama City Metropolitan Area,,,ChIJc3PJK-BVq48RzJpuQZWFv4s,2021-12-06,8,29,-25,0,-4,6
PA,Panama,,,Panama City Metropolitan Area,,,ChIJc3PJK-BVq48RzJpuQZWFv4s,2021-12-07,19,45,-19,4,-5,2
PA,Panama,,,Panama City Metropolitan Area,,,ChIJc3PJK-BVq48RzJpuQZWFv4s,2021-12-08,-14,11,-27,-34,-70,20
PA,Panama,,,Panama City Metropolitan Area,,,ChIJc3PJK-BVq48RzJpuQZWFv4s,2021-12-09,-2,21,-29,-7,-3,7
PA,Panama,,,Panama City Metropolitan Area,,,ChIJc3PJK-BVq48RzJpuQZWFv4s,2021-12-10,2,26,-19,-2,-1,7
PA,Panama,,,Panama City Metropolitan Area,,,ChIJc3PJK-BVq48RzJpuQZWFv4s,2021-12-11,4,21,-21,1,5,5
PA,Panama,,,Panama City Metropolitan Area,,,ChIJc3PJK-BVq48RzJpuQZWFv4s,2021-12-12,8,22,-18,-8,17,6
PA,Panama,,,Panama City Metropolitan Area,,,ChIJc3PJK-BVq48RzJpuQZWFv4s,2021-12-13,4,25,-27,-4,-2,7
PA,Panama,,,Panama City Metropolitan Area,,,ChIJc3PJK-BVq48RzJpuQZWFv4s,2021-12-14,9,31,-27,-2,-4,6
PA,Panama,,,Panama City Metropolitan Area,,,ChIJc3PJK-BVq48RzJpuQZWFv4s,2021-12-15,17,35,-26,4,-2,5
PA,Panama,,,Panama City Metropolitan Area,,,ChIJc3PJK-BVq48RzJpuQZWFv4s,2021-12-16,22,39,-24,4,-5,4
PA,Panama,,,Panama City Metropolitan Area,,,ChIJc3PJK-BVq48RzJpuQZWFv4s,2021-12-17,17,37,-22,6,-3,5
PA,Panama,,,Panama City Metropolitan Area,,,ChIJc3PJK-BVq48RzJpuQZWFv4s,2021-12-18,17,30,-29,11,5,2
PA,Panama,,,Panama City Metropolitan Area,,,ChIJc3PJK-BVq48RzJpuQZWFv4s,2021-12-19,28,32,-33,3,20,3
PA,Panama,,,Panama City Metropolitan Area,,,ChIJc3PJK-BVq48RzJpuQZWFv4s,2021-12-20,17,35,-28,5,-6,5
PA,Panama,,,Panama City Metropolitan Area,,,ChIJc3PJK-BVq48RzJpuQZWFv4s,2021-12-21,23,44,-24,5,-9,4
PA,Panama,,,Panama City Metropolitan Area,,,ChIJc3PJK-BVq48RzJpuQZWFv4s,2021-12-22,19,42,-27,6,-9,4
PA,Panama,,,Panama City Metropolitan Area,,,ChIJc3PJK-BVq48RzJpuQZWFv4s,2021-12-23,24,62,-23,8,-10,3
PA,Panama,,,Panama City Metropolitan Area,,,ChIJc3PJK-BVq48RzJpuQZWFv4s,2021-12-24,-5,61,-40,-10,-34,12
PA,Panama,,,Panama City Metropolitan Area,,,ChIJc3PJK-BVq48RzJpuQZWFv4s,2021-12-25,-65,-47,-31,-52,-70,18
PA,Panama,,,Panama City Metropolitan Area,,,ChIJc3PJK-BVq48RzJpuQZWFv4s,2021-12-26,-9,-1,-28,-23,1,7
PA,Panama,,,Panama City Metropolitan Area,,,ChIJc3PJK-BVq48RzJpuQZWFv4s,2021-12-27,0,15,-31,-11,-12,10
PA,Panama,,,Panama City Metropolitan Area,,,ChIJc3PJK-BVq48RzJpuQZWFv4s,2021-12-28,4,22,-27,-10,-15,9
PA,Panama,,,Panama City Metropolitan Area,,,ChIJc3PJK-BVq48RzJpuQZWFv4s,2021-12-29,5,27,-30,-6,-14,8
PA,Panama,,,Panama City Metropolitan Area,,,ChIJc3PJK-BVq48RzJpuQZWFv4s,2021-12-30,14,47,-32,-2,-16,5
