AnzFahrzeuge,ZSID,fahrzeuge_pro_ZSID
154359.0,34,4539.970588235294
186723.0,34,5491.85294117647
237968.0,34,6999.058823529412
259541.0,34,7633.558823529412
281663.0,34,8284.20588235294
248465.0,34,7307.794117647059
190977.0,34,5616.970588235294
294364.0,34,8657.764705882353
308079.0,34,9061.14705882353
317765.0,34,9346.029411764706
322590.0,34,9487.941176470587
332331.0,34,9774.441176470587
271174.0,34,7975.705882352941
204201.0,34,6005.911764705882
314924.0,34,9262.470588235294
318122.0,34,9356.529411764706
320204.0,34,9417.764705882353
325909.0,34,9585.558823529413
339679.0,34,9990.558823529413
273644.0,34,8048.35294117647
201595.0,34,5929.264705882353
303135.0,34,8915.735294117647
327622.0,34,9635.941176470587
343514.0,34,10103.35294117647
337131.0,34,9915.617647058823
350612.0,34,10312.117647058823
287892.0,34,8467.411764705883
218697.0,34,6432.264705882353
317871.0,34,9349.14705882353
324898.0,34,9555.823529411764
338621.0,34,9959.441176470587
332733.0,34,9786.264705882353
342537.0,34,10074.617647058823
273198.0,34,8035.235294117647
212688.0,34,6255.529411764706
314132.0,34,9239.176470588236
325087.0,34,9561.382352941177
330773.0,34,9728.617647058823
327620.0,34,9635.882352941177
336236.0,34,9889.29411764706
263108.0,34,7738.470588235294
191982.0,34,5646.529411764706
294841.0,34,8671.79411764706
309084.0,34,9090.70588235294
318272.0,34,9360.941176470587
308402.0,35,8811.485714285714
324342.0,35,9266.914285714285
254227.0,35,7263.628571428571
193546.0,35,5529.885714285714
297936.0,35,8512.457142857143
303863.0,34,8937.14705882353
310361.0,35,8867.457142857143
320367.0,35,9153.342857142858
338581.0,35,9673.742857142857
290959.0,35,8313.114285714286
223314.0,35,6380.4
320156.0,35,9147.314285714287
333221.0,35,9520.6
343546.0,35,9815.6
306030.0,35,8743.714285714286
329014.0,35,9400.4
276783.0,34,8140.676470588235
225365.0,34,6628.382352941177
319080.0,34,9384.70588235294
330944.0,35,9455.542857142857
339924.0,35,9712.114285714286
342429.0,35,9783.685714285713
351070.0,35,10030.57142857143
287837.0,35,8223.914285714285
232253.0,35,6635.8
323774.0,35,9250.685714285713
334686.0,35,9562.457142857143
349177.0,35,9976.485714285714
351050.0,35,10030.0
355760.0,35,10164.57142857143
295454.0,35,8441.542857142857
225909.0,35,6454.542857142857
321652.0,35,9190.057142857142
334852.0,35,9567.2
330303.0,35,9437.228571428572
345630.0,35,9875.142857142857
361915.0,35,10340.42857142857
307436.0,35,8783.885714285714
240000.0,35,6857.142857142857
337197.0,35,9634.2
346097.0,35,9888.485714285714
357668.0,35,10219.085714285715
356796.0,35,10194.171428571428
201248.0,35,5749.942857142857
243889.0,35,6968.257142857143
196704.0,35,5620.114285714286
216870.0,35,6196.285714285715
331992.0,35,9485.485714285714
337046.0,35,9629.885714285714
344613.0,35,9846.085714285715
358071.0,35,10230.6
302367.0,35,8639.057142857142
236597.0,35,6759.914285714286
331775.0,35,9479.285714285714
342351.0,35,9781.457142857143
351092.0,35,10031.2
354286.0,35,10122.457142857143
363087.0,35,10373.914285714285
298544.0,35,8529.828571428572
224311.0,35,6408.885714285714
296404.0,35,8468.685714285713
344060.0,35,9830.285714285714
354169.0,35,10119.114285714286
349995.0,35,9999.857142857143
355518.0,35,10157.657142857142
287577.0,35,8216.485714285714
217486.0,35,6213.885714285714
316062.0,35,9030.342857142858
323542.0,35,9244.057142857142
331940.0,35,9484.0
332089.0,35,9488.257142857143
343855.0,35,9824.42857142857
277386.0,35,7925.314285714286
218943.0,35,6255.5142857142855
298961.0,35,8541.742857142857
181303.0,35,5180.085714285714
327642.0,35,9361.2
337658.0,35,9647.371428571429
340329.0,35,9723.685714285713
284649.0,35,8132.828571428571
230160.0,35,6576.0
325716.0,35,9306.171428571428
341855.0,35,9767.285714285714
363606.0,35,10388.742857142857
195256.0,35,5578.742857142857
306003.0,35,8742.942857142858
264141.0,35,7546.885714285714
231868.0,35,6624.8
328113.0,35,9374.657142857142
340093.0,35,9716.942857142858
342144.0,35,9775.542857142857
345492.0,35,9871.2
352675.0,35,10076.42857142857
270857.0,35,7738.771428571428
204830.0,35,5852.285714285715
209538.0,35,5986.8
342211.0,35,9777.457142857143
347275.0,35,9922.142857142857
348560.0,35,9958.857142857143
362210.0,35,10348.857142857143
297378.0,35,8496.514285714286
237518.0,35,6786.228571428572
338625.0,35,9675.0
349279.0,35,9979.4
354243.0,35,10121.228571428572
360575.0,35,10302.142857142857
358913.0,35,10254.657142857142
300023.0,35,8572.085714285715
242112.0,35,6917.4857142857145
329928.0,35,9426.514285714286
344706.0,35,9848.742857142857
350853.0,35,10024.371428571429
350122.0,35,10003.485714285714
346248.0,35,9892.8
287550.0,35,8215.714285714286
220857.0,35,6310.2
330318.0,35,9437.657142857142
344749.0,35,9849.971428571429
350056.0,35,10001.6
346454.0,35,9898.685714285713
355381.0,35,10153.742857142857
287657.0,35,8218.771428571428
233270.0,35,6664.857142857143
326728.0,35,9335.085714285715
331883.0,35,9482.371428571429
340064.0,35,9716.114285714286
340985.0,35,9742.42857142857
345107.0,35,9860.2
278652.0,35,7961.4857142857145
220109.0,35,6288.828571428571
326389.0,35,9325.4
336912.0,35,9626.057142857142
343371.0,35,9810.6
344191.0,35,9834.028571428571
354392.0,36,9844.222222222223
291437.0,36,8095.472222222223
233834.0,36,6495.388888888889
327757.0,36,9104.361111111111
338539.0,36,9403.861111111111
348763.0,36,9687.861111111111
353949.0,36,9831.916666666666
356236.0,36,9895.444444444445
286831.0,36,7967.527777777777
228986.0,36,6360.722222222223
328803.0,36,9133.416666666666
341155.0,36,9476.527777777777
347585.0,36,9655.138888888889
346466.0,36,9624.055555555555
343774.0,36,9549.277777777777
270832.0,36,7523.111111111111
202807.0,36,5633.527777777777
313496.0,36,8708.222222222223
322450.0,36,8956.944444444445
333033.0,36,9250.916666666666
318987.0,36,8860.75
315188.0,36,8755.222222222223
248777.0,36,6910.472222222223
192279.0,36,5341.083333333333
284596.0,36,7905.444444444444
297214.0,36,8255.944444444445
310798.0,36,8633.277777777777
298073.0,36,8279.805555555555
298019.0,35,8514.828571428572
229874.0,35,6567.828571428571
178692.0,35,5105.4857142857145
266886.0,35,7625.314285714286
285398.0,35,8154.228571428572
169195.0,35,4834.142857142857
272986.0,36,7582.944444444444
312967.0,36,8693.527777777777
236028.0,36,6556.333333333333
207364.0,36,5760.111111111111
291359.0,36,8093.305555555556
300215.0,35,8577.57142857143
311157.0,36,8643.25
318586.0,36,8849.611111111111
350615.0,36,9739.305555555555
236214.0,36,6561.5
219231.0,36,6089.75
346740.0,36,9631.666666666666
334099.0,36,9280.527777777777
348621.0,36,9683.916666666666
343329.0,36,9536.916666666666
348557.0,36,9682.138888888889
289549.0,36,8043.027777777777
227642.0,36,6323.388888888889
327804.0,36,9105.666666666666
330416.0,35,9440.457142857143
340108.0,35,9717.371428571429
356288.0,36,9896.888888888889
371456.0,36,10318.222222222223
288483.0,36,8013.416666666667
235290.0,36,6535.833333333333
325950.0,36,9054.166666666666
340159.0,36,9448.861111111111
346414.0,36,9622.611111111111
350219.0,36,9728.305555555555
356389.0,36,9899.694444444445
301007.0,36,8361.305555555555
226308.0,36,6286.333333333333
321868.0,36,8940.777777777777
334644.0,36,9295.666666666666
342437.0,36,9512.138888888889
343700.0,36,9547.222222222223
349683.0,36,9713.416666666666
295110.0,36,8197.5
242563.0,36,6737.861111111111
303294.0,36,8424.833333333334
326133.0,36,9059.25
337259.0,36,9368.305555555555
336237.0,36,9339.916666666666
353856.0,36,9829.333333333334
293968.0,36,8165.777777777777
234964.0,36,6526.777777777777
324450.0,36,9012.5
332615.0,36,9239.305555555555
332919.0,36,9247.75
339322.0,36,9425.611111111111
351474.0,36,9763.166666666666
292943.0,36,8137.305555555556
233209.0,36,6478.027777777777
327594.0,36,9099.833333333334
346638.0,36,9628.833333333334
351070.0,36,9751.944444444445
352314.0,36,9786.5
362789.0,36,10077.472222222223
307466.0,36,8540.722222222223
246675.0,36,6852.083333333333
332053.0,36,9223.694444444445
340172.0,36,9449.222222222223
344442.0,36,9567.833333333334
348798.0,36,9688.833333333334
356861.0,36,9912.805555555555
299479.0,36,8318.861111111111
230458.0,36,6401.611111111111
305168.0,36,8476.888888888889
311580.0,36,8655.0
316973.0,36,8804.805555555555
318253.0,36,8840.361111111111
321581.0,36,8932.805555555555
263393.0,36,7316.472222222223
220742.0,36,6131.722222222223
304842.0,36,8467.833333333334
314443.0,36,8734.527777777777
316340.0,36,8787.222222222223
329146.0,36,9142.944444444445
338934.0,36,9414.833333333334
281403.0,36,7816.75
224605.0,36,6239.027777777777
332265.0,36,9229.583333333334
343217.0,36,9533.805555555555
348565.0,36,9682.361111111111
352162.0,36,9782.277777777777
367096.0,36,10197.111111111111
312618.0,36,8683.833333333334
234747.0,36,6520.75
336038.0,36,9334.388888888889
344427.0,36,9567.416666666666
354753.0,36,9854.25
357246.0,36,9923.5
360874.0,36,10024.277777777777
312574.0,36,8682.611111111111
235728.0,36,6548.0
330194.0,36,9172.055555555555
335476.0,36,9318.777777777777
345377.0,36,9593.805555555555
348920.0,36,9692.222222222223
357564.0,36,9932.333333333334
303563.0,36,8432.305555555555
238103.0,36,6613.972222222223
327288.0,36,9091.333333333334
337946.0,36,9387.388888888889
342898.0,36,9524.944444444445
342883.0,36,9524.527777777777
359349.0,36,9981.916666666666
297988.0,36,8277.444444444445
224923.0,36,6247.861111111111
326804.0,36,9077.888888888889
337491.0,36,9374.75
346614.0,36,9628.166666666666
349996.0,36,9722.111111111111
371972.0,36,10332.555555555555
313000.0,36,8694.444444444445
246294.0,36,6841.5
334046.0,36,9279.055555555555
340282.0,36,9452.277777777777
350453.0,36,9734.805555555555
354890.0,36,9858.055555555555
366724.0,36,10186.777777777777
316160.0,36,8782.222222222223
239763.0,36,6660.083333333333
331785.0,36,9216.25
350451.0,36,9734.75
347688.0,36,9658.0
351503.0,36,9763.972222222223
365131.0,36,10142.527777777777
303241.0,36,8423.361111111111
242412.0,36,6733.666666666667
333123.0,36,9253.416666666666
346515.0,36,9625.416666666666
353939.0,36,9831.638888888889
354401.0,36,9844.472222222223
365648.0,36,10156.888888888889
310276.0,36,8618.777777777777
215152.0,36,5976.444444444444
332171.0,36,9226.972222222223
347987.0,36,9666.305555555555
353426.0,36,9817.388888888889
354084.0,36,9835.666666666666
353612.0,36,9822.555555555555
271933.0,36,7553.694444444444
214058.0,36,5946.055555555556
246923.0,36,6858.972222222223
176917.0,36,4914.361111111111
180664.0,36,5018.444444444444
253626.0,36,7045.166666666667
257050.0,36,7140.277777777777
221435.0,36,6150.972222222223
174695.0,36,4852.638888888889
224541.0,36,6237.25
149608.0,36,4155.777777777777
188215.0,36,5228.194444444444
247614.0,36,6878.166666666667
269129.0,36,7475.805555555556
213377.0,36,5927.138888888889
181194.0,36,5033.166666666667
288843.0,36,8023.416666666667
305197.0,36,8477.694444444445
308169.0,36,8560.25
295709.0,36,8214.138888888889
323613.0,36,8989.25
268065.0,36,7446.25
197726.0,36,5492.388888888889
313111.0,36,8697.527777777777
326633.0,36,9073.138888888889
333197.0,36,9255.472222222223
329997.0,36,9166.583333333334
342734.0,36,9520.388888888889
286609.0,36,7961.361111111111
208337.0,36,5787.138888888889
320391.0,36,8899.75
330560.0,36,9182.222222222223
335340.0,36,9315.0
336394.0,36,9344.277777777777
353841.0,36,9828.916666666666
288864.0,36,8024.0
215117.0,36,5975.472222222223
318840.0,36,8856.666666666666
334738.0,36,9298.277777777777
337551.0,36,9376.416666666666
339184.0,36,9421.777777777777
347965.0,36,9665.694444444445
287315.0,36,7980.972222222223
198969.0,36,5526.916666666667
312951.0,36,8693.083333333334
324259.0,36,9007.194444444445
330622.0,36,9183.944444444445
334976.0,36,9304.888888888889
345616.0,36,9600.444444444445
275940.0,36,7665.0
205148.0,36,5698.555555555556
299727.0,36,8325.75
312683.0,36,8685.638888888889
318240.0,36,8840.0
330026.0,36,9167.388888888889
326158.0,36,9059.944444444445
267036.0,36,7417.666666666667
219584.0,36,6099.555555555556
303059.0,36,8418.305555555555
315834.0,36,8773.166666666666
326983.0,36,9082.861111111111
334210.0,36,9283.611111111111
341592.0,36,9488.666666666666
291278.0,36,8091.055555555556
237677.0,36,6602.138888888889
323717.0,36,8992.138888888889
339655.0,36,9434.861111111111
340373.0,36,9454.805555555555
343806.0,36,9550.166666666666
322314.0,36,8953.166666666666
260059.0,35,7430.257142857143
202169.0,35,5776.257142857143
308918.0,36,8581.055555555555
308873.0,36,8579.805555555555
320592.0,36,8905.333333333334
327020.0,36,9083.888888888889
315576.0,35,9016.457142857143
261503.0,35,7471.5142857142855
195703.0,35,5591.5142857142855
304388.0,36,8455.222222222223
309632.0,36,8600.888888888889
303831.0,35,8680.885714285714
309180.0,35,8833.714285714286
316624.0,35,9046.4
269195.0,35,7691.285714285715
205472.0,35,5870.628571428571
287973.0,35,8227.8
303453.0,35,8670.085714285715
307471.0,35,8784.885714285714
302789.0,35,8651.114285714286
312208.0,35,8920.228571428572
261470.0,35,7470.571428571428
210763.0,35,6021.8
296780.0,35,8479.42857142857
304995.0,35,8714.142857142857
315038.0,35,9001.085714285715
314472.0,35,8984.914285714285
324410.0,35,9268.857142857143
270479.0,35,7727.971428571429
215631.0,35,6160.885714285714
297439.0,35,8498.257142857143
302140.0,35,8632.57142857143
306639.0,35,8761.114285714286
299524.0,35,8557.828571428572
319642.0,35,9132.628571428571
265499.0,35,7585.685714285714
199312.0,35,5694.628571428571
264933.0,35,7569.5142857142855
307874.0,35,8796.4
311358.0,35,8895.942857142858
309398.0,35,8839.942857142858
318483.0,35,9099.514285714286
265729.0,35,7592.257142857143
188551.0,35,5387.171428571429
297239.0,35,8492.542857142857
308191.0,35,8805.457142857143
316111.0,35,9031.742857142857
308080.0,35,8802.285714285714
177175.0,35,5062.142857142857
210787.0,35,6022.4857142857145
170089.0,35,4859.685714285714
164814.0,35,4708.971428571429
275668.0,35,7876.228571428572
282813.0,35,8080.371428571429
290260.0,35,8293.142857142857
300984.0,35,8599.542857142857
240171.0,35,6862.028571428571
173236.0,35,4949.6
272001.0,35,7771.457142857143
294004.0,35,8400.114285714286
174534.0,35,4986.685714285714
289671.0,35,8276.314285714287
296043.0,35,8458.371428571429
247329.0,35,7066.542857142857
184836.0,35,5281.028571428571
194412.0,24,8100.5
309435.0,35,8841.0
305631.0,35,8732.314285714287
310731.0,35,8878.028571428571
328700.0,35,9391.42857142857
256970.0,35,7342.0
202848.0,33,6146.909090909091
284444.0,35,8126.971428571429
301165.0,35,8604.714285714286
301093.0,34,8855.676470588236
304984.0,34,8970.117647058823
319670.0,35,9133.42857142857
265579.0,35,7587.971428571429
196046.0,35,5601.314285714286
291087.0,35,8316.771428571428
304016.0,35,8686.171428571428
309726.0,35,8849.314285714287
309977.0,35,8856.485714285714
311357.0,34,9157.558823529413
266497.0,34,7838.14705882353
204625.0,34,6018.382352941177
289926.0,34,8527.235294117647
304231.0,34,8947.970588235294
318139.0,34,9357.029411764706
185272.0,34,5449.176470588235
264950.0,34,7792.64705882353
227593.0,34,6693.911764705882
196435.0,34,5777.5
282222.0,34,8300.64705882353
296761.0,35,8478.885714285714
307627.0,35,8789.342857142858
306886.0,35,8768.171428571428
309843.0,35,8852.657142857142
248991.0,35,7114.028571428571
181800.0,35,5194.285714285715
173870.0,35,4967.714285714285
304746.0,35,8707.028571428571
312691.0,35,8934.028571428571
307061.0,35,8773.171428571428
301552.0,34,8869.176470588236
255819.0,34,7524.088235294118
198954.0,34,5851.588235294118
288928.0,35,8255.085714285715
311907.0,35,8911.628571428571
304775.0,35,8707.857142857143
318305.0,35,9094.42857142857
313241.0,35,8949.742857142857
267525.0,35,7643.571428571428
212388.0,35,6068.228571428572
288073.0,35,8230.657142857142
304419.0,35,8697.685714285713
318793.0,35,9108.371428571429
311074.0,35,8887.828571428572
319181.0,35,9119.457142857143
257094.0,35,7345.542857142857
208470.0,35,5956.285714285715
297143.0,35,8489.8
301353.0,35,8610.085714285715
305362.0,34,8981.235294117647
307683.0,34,9049.5
286830.0,35,8195.142857142857
125710.0,21,5986.190476190476
306354.0,35,8752.971428571429
305316.0,35,8723.314285714287
242210.0,35,6920.285714285715
183863.0,35,5253.228571428572
276574.0,35,7902.114285714286
283758.0,35,8107.371428571429
279470.0,35,7984.857142857143
280205.0,35,8005.857142857143
279614.0,35,7988.971428571429
210805.0,35,6023.0
161206.0,35,4605.885714285714
247574.0,35,7073.542857142857
257682.0,35,7362.342857142857
258467.0,35,7384.771428571428
258558.0,35,7387.371428571429
254579.0,35,7273.685714285714
201479.0,35,5756.542857142857
148761.0,35,4250.314285714286
241172.0,35,6890.628571428571
250915.0,35,7169.0
251307.0,35,7180.2
146312.0,35,4180.342857142857
217881.0,35,6225.171428571429
185471.0,34,5455.029411764706
158724.0,34,4668.35294117647
239942.0,35,6855.4857142857145
238821.0,35,6823.457142857143
242115.0,33,7336.818181818182
247826.0,32,7744.5625
248227.0,32,7757.09375
176823.0,32,5525.71875
171458.0,32,5358.0625
247456.0,32,7733.0
259152.0,33,7853.090909090909
268216.0,33,8127.757575757576
275896.0,35,7882.742857142857
293446.0,35,8384.171428571428
230286.0,34,6773.117647058823
191282.0,34,5625.941176470588
281135.0,35,8032.428571428572
290944.0,35,8312.685714285713
296398.0,34,8717.588235294117
301122.0,34,8856.529411764706
303103.0,34,8914.79411764706
248549.0,34,7310.264705882353
201111.0,34,5915.029411764706
281578.0,34,8281.70588235294
291336.0,34,8568.70588235294
298070.0,34,8766.764705882353
303592.0,34,8929.176470588236
311071.0,35,8887.742857142857
264039.0,35,7543.971428571429
202393.0,35,5782.657142857143
287397.0,35,8211.342857142858
293901.0,36,8163.916666666667
299239.0,36,8312.194444444445
299184.0,35,8548.114285714286
311126.0,35,8889.314285714287
258780.0,35,7393.714285714285
194817.0,35,5566.2
273116.0,35,7803.314285714286
293924.0,35,8397.828571428572
295538.0,35,8443.942857142858
298181.0,35,8519.457142857143
307747.0,35,8792.771428571428
259978.0,35,7427.942857142857
211119.0,35,6031.971428571429
277893.0,35,7939.8
283500.0,34,8338.235294117647
292371.0,34,8599.14705882353
301044.0,36,8362.333333333334
307541.0,35,8786.885714285714
254589.0,34,7487.911764705882
194881.0,34,5731.794117647059
281450.0,34,8277.941176470587
291615.0,34,8576.911764705883
301130.0,34,8856.764705882353
303883.0,34,8937.735294117647
313492.0,35,8956.914285714285
271399.0,35,7754.257142857143
214984.0,35,6142.4
293878.0,35,8396.514285714286
300488.0,35,8585.371428571429
308485.0,35,8813.857142857143
307578.0,35,8787.942857142858
310689.0,35,8876.828571428572
252411.0,35,7211.742857142857
188483.0,35,5385.228571428572
271161.0,35,7747.457142857143
276689.0,35,7905.4
281600.0,35,8045.714285714285
280367.0,35,8010.4857142857145
284072.0,35,8116.342857142857
229129.0,35,6546.542857142857
191316.0,35,5466.171428571429
255576.0,35,7302.171428571429
266462.0,34,7837.117647058823
274521.0,34,8074.14705882353
273384.0,34,8040.705882352941
280062.0,34,8237.117647058823
236341.0,34,6951.205882352941
182427.0,34,5365.5
270778.0,34,7964.058823529412
282833.0,33,8570.69696969697
288070.0,33,8729.39393939394
289320.0,33,8767.272727272728
303860.0,33,9207.878787878788
262534.0,33,7955.575757575758
208533.0,33,6319.181818181818
283894.0,33,8602.848484848484
290535.0,33,8804.09090909091
299209.0,33,9066.939393939394
300547.0,33,9107.484848484848
317468.0,33,9620.242424242424
262494.0,33,7954.363636363636
196028.0,33,5940.242424242424
273732.0,33,8294.90909090909
287001.0,33,8697.0
288058.0,33,8729.030303030304
289872.0,33,8784.0
298502.0,33,9045.515151515152
253678.0,33,7687.212121212121
188535.0,33,5713.181818181818
273161.0,33,8277.60606060606
286457.0,33,8680.515151515152
289744.0,33,8780.121212121212
298440.0,34,8777.64705882353
318578.0,34,9369.941176470587
273577.0,34,8046.382352941177
191657.0,34,5636.970588235294
292952.0,34,8616.235294117647
302605.0,35,8645.857142857143
295347.0,34,8686.676470588236
297935.0,34,8762.79411764706
307765.0,34,9051.911764705883
263083.0,34,7737.735294117647
203202.0,34,5976.529411764706
282742.0,34,8315.941176470587
292800.0,34,8611.764705882353
315148.0,35,9004.228571428572
324498.0,35,9271.371428571429
339616.0,35,9703.314285714287
285941.0,35,8169.742857142857
217289.0,35,6208.257142857143
301303.0,35,8608.657142857142
309586.0,35,8845.314285714287
317366.0,35,9067.6
321071.0,35,9173.457142857143
333886.0,35,9539.6
278211.0,35,7948.885714285714
225627.0,35,6446.4857142857145
303415.0,35,8669.0
317966.0,35,9084.742857142857
319322.0,35,9123.485714285714
325732.0,35,9306.628571428571
332911.0,35,9511.742857142857
277552.0,35,7930.057142857143
210022.0,35,6000.628571428571
308005.0,35,8800.142857142857
320097.0,35,9145.628571428571
327779.0,35,9365.114285714286
327273.0,35,9350.657142857142
325733.0,35,9306.657142857142
256633.0,35,7332.371428571429
200336.0,35,5723.885714285714
269949.0,35,7712.828571428571
230992.0,35,6599.771428571428
158253.0,35,4521.5142857142855
158533.0,35,4529.5142857142855
229940.0,35,6569.714285714285
199832.0,35,5709.4857142857145
161185.0,35,4605.285714285715
225396.0,35,6439.885714285714
207226.0,35,5920.742857142857
133474.0,35,3813.542857142857
172646.0,35,4932.742857142857
228792.0,35,6536.914285714286
210478.0,35,6013.657142857143
179503.0,35,5128.657142857143
269437.0,35,7698.2
275613.0,35,7874.657142857143
284480.0,35,8128.0
292308.0,35,8351.657142857142
304821.0,35,8709.171428571428
253998.0,35,7257.085714285714
195010.0,35,5571.714285714285
289299.0,35,8265.685714285713
301546.0,35,8615.6
303984.0,35,8685.257142857143
304908.0,35,8711.657142857142
313155.0,35,8947.285714285714
258778.0,35,7393.657142857143
195804.0,35,5594.4
291065.0,35,8316.142857142857
300718.0,35,8591.942857142858
307094.0,35,8774.114285714286
306870.0,35,8767.714285714286
320885.0,35,9168.142857142857
266226.0,35,7606.457142857143
195924.0,35,5597.828571428571
293251.0,35,8378.6
300021.0,35,8572.028571428571
306352.0,35,8752.914285714285
313824.0,35,8966.4
321295.0,35,9179.857142857143
266784.0,35,7622.4
190542.0,35,5444.057142857143
288711.0,35,8248.885714285714
291978.0,35,8342.228571428572
303160.0,35,8661.714285714286
312545.0,35,8929.857142857143
318394.0,35,9096.971428571429
256920.0,35,7340.571428571428
193224.0,35,5520.685714285714
264021.0,35,7543.457142857143
281833.0,35,8052.371428571429
290097.0,35,8288.485714285714
290314.0,35,8294.685714285713
305920.0,35,8740.57142857143
242735.0,35,6935.285714285715
187362.0,35,5353.2
275848.0,35,7881.371428571429
283160.0,35,8090.285714285715
285644.0,34,8401.29411764706
291408.0,34,8570.823529411764
303493.0,34,8926.264705882353
258443.0,34,7601.264705882353
190156.0,34,5592.823529411765
280083.0,34,8237.735294117647
294114.0,34,8650.411764705883
291485.0,34,8573.088235294117
294886.0,34,8673.117647058823
309374.0,34,9099.235294117647
251947.0,34,7410.205882352941
191274.0,34,5625.705882352941
283819.0,34,8347.617647058823
293704.0,34,8638.35294117647
298129.0,34,8768.5
294592.0,34,8664.470588235294
304531.0,34,8956.79411764706
247134.0,34,7268.64705882353
190833.0,34,5612.735294117647
284568.0,34,8369.64705882353
289130.0,34,8503.823529411764
293273.0,34,8625.676470588236
287284.0,35,8208.114285714286
290264.0,35,8293.257142857143
212801.0,34,6258.85294117647
156847.0,34,4613.14705882353
272703.0,34,8020.676470588235
224726.0,34,6609.588235294118
212560.0,34,6251.764705882353
198262.0,33,6007.939393939394
207404.0,33,6284.969696969697
119735.0,33,3628.3333333333335
86654.0,33,2625.878787878788
187174.0,33,5671.939393939394
192201.0,34,5652.970588235294
195820.0,34,5759.411764705882
193476.0,34,5690.470588235294
201356.0,34,5922.235294117647
143050.0,34,4207.35294117647
85636.0,34,2518.705882352941
188012.0,34,5529.764705882353
198487.0,33,6014.757575757576
201852.0,33,6116.727272727273
200199.0,33,6066.636363636364
206799.0,33,6266.636363636364
141244.0,33,4280.121212121212
107480.0,33,3256.969696969697
200262.0,33,6068.545454545455
207223.0,33,6279.484848484848
215329.0,33,6525.121212121212
223030.0,33,6758.484848484848
113513.0,33,3439.787878787879
155306.0,33,4706.242424242424
112366.0,33,3405.030303030303
112833.0,33,3419.181818181818
207978.0,33,6302.363636363636
215990.0,33,6545.151515151515
220745.0,33,6689.242424242424
232420.0,33,7043.030303030303
160470.0,33,4862.727272727273
124869.0,33,3783.909090909091
208222.0,33,6309.757575757576
223623.0,33,6776.454545454545
229334.0,33,6949.515151515152
231286.0,33,7008.666666666667
241490.0,33,7317.878787878788
176055.0,33,5335.0
133026.0,33,4031.090909090909
249879.0,33,7572.090909090909
249087.0,33,7548.090909090909
255819.0,33,7752.090909090909
266111.0,33,8063.969696969697
144173.0,33,4368.878787878788
187211.0,33,5673.060606060606
142638.0,33,4322.363636363636
246833.0,33,7479.787878787879
248119.0,33,7518.757575757576
256793.0,33,7781.606060606061
260161.0,33,7883.666666666667
267695.0,33,8111.969696969697
206867.0,33,6268.69696969697
169567.0,33,5138.393939393939
264476.0,33,8014.424242424242
275586.0,33,8351.09090909091
273392.0,33,8284.60606060606
277603.0,33,8412.212121212122
287880.0,33,8723.636363636364
236943.0,33,7180.090909090909
170951.0,33,5180.333333333333
273117.0,33,8276.272727272728
275292.0,33,8342.181818181818
294321.0,33,8918.818181818182
172680.0,33,5232.727272727273
260430.0,33,7891.818181818182
208901.0,33,6330.333333333333
164775.0,33,4993.181818181818
268295.0,33,8130.151515151515
276885.0,33,8390.454545454546
281367.0,33,8526.272727272728
280994.0,33,8514.969696969696
297634.0,33,9019.212121212122
239399.0,33,7254.515151515152
173938.0,33,5270.848484848485
178346.0,33,5404.424242424242
281240.0,33,8522.424242424242
281738.0,33,8537.515151515152
282494.0,33,8560.424242424242
295203.0,33,8945.545454545454
246372.0,33,7465.818181818182
159598.0,33,4836.30303030303
275098.0,33,8336.30303030303
284706.0,33,8627.454545454546
286476.0,33,8681.09090909091
299454.0,33,9074.363636363636
302121.0,33,9155.181818181818
243624.0,33,7382.545454545455
168705.0,33,5112.272727272727
271424.0,33,8224.969696969696
261844.0,35,7481.257142857143
286770.0,33,8690.0
292572.0,33,8865.818181818182
303845.0,33,9207.424242424242
246120.0,33,7458.181818181818
188626.0,33,5715.939393939394
276679.0,33,8384.212121212122
286875.0,33,8693.181818181818
292935.0,33,8876.818181818182
294735.0,33,8931.363636363636
304646.0,33,9231.69696969697
259506.0,33,7863.818181818182
192485.0,33,5832.878787878788
286533.0,33,8682.818181818182
294579.0,32,9205.59375
295124.0,32,9222.625
293095.0,33,8881.666666666666
305694.0,33,9263.454545454546
255295.0,33,7736.212121212121
195954.0,33,5938.0
280377.0,33,8496.272727272728
291114.0,33,8821.636363636364
292608.0,33,8866.90909090909
292948.0,33,8877.212121212122
298589.0,33,9048.151515151516
244582.0,33,7411.575757575758
187161.0,33,5671.545454545455
265294.0,33,8039.212121212121
274871.0,33,8329.424242424242
282576.0,33,8562.90909090909
278477.0,33,8438.69696969697
284994.0,33,8636.181818181818
233347.0,33,7071.121212121212
177688.0,33,5384.484848484848
252321.0,33,7646.090909090909
262451.0,33,7953.060606060606
265841.0,33,8055.787878787879
267822.0,33,8115.818181818182
279680.0,33,8475.151515151516
222991.0,33,6757.30303030303
167336.0,33,5070.787878787879
243658.0,33,7383.575757575758
249181.0,33,7550.939393939394
251757.0,33,7629.0
241014.0,32,7531.6875
254853.0,33,7722.818181818182
170118.0,33,5155.090909090909
161750.0,33,4901.515151515152
251174.0,33,7611.333333333333
257791.0,33,7811.848484848485
263694.0,33,7990.727272727273
260090.0,33,7881.515151515152
267958.0,33,8119.939393939394
224754.0,33,6810.727272727273
177992.0,33,5393.69696969697
261743.0,33,7931.606060606061
272337.0,33,8252.636363636364
280446.0,33,8498.363636363636
284429.0,33,8619.060606060606
298632.0,33,9049.454545454546
253020.0,33,7667.272727272727
189795.0,33,5751.363636363636
278369.0,33,8435.424242424242
287051.0,33,8698.515151515152
294127.0,33,8912.939393939394
291593.0,33,8836.151515151516
295508.0,32,9234.625
252001.0,32,7875.03125
193084.0,32,6033.875
274780.0,33,8326.666666666666
289766.0,33,8780.787878787878
297108.0,33,9003.272727272728
294091.0,33,8911.848484848484
309587.0,33,9381.424242424242
257988.0,33,7817.818181818182
177821.0,33,5388.515151515152
281554.0,33,8531.939393939394
286854.0,33,8692.545454545454
291481.0,33,8832.757575757576
292603.0,33,8866.757575757576
305635.0,34,8989.264705882353
263289.0,34,7743.794117647059
191880.0,34,5643.529411764706
279718.0,34,8227.0
281838.0,33,8540.545454545454
290058.0,34,8531.117647058823
284529.0,33,8622.09090909091
291311.0,33,8827.60606060606
250432.0,33,7588.848484848485
201151.0,33,6095.484848484848
265146.0,34,7798.411764705882
282242.0,34,8301.235294117647
290708.0,34,8550.235294117647
291133.0,34,8562.735294117647
299558.0,34,8810.529411764706
258809.0,34,7612.029411764706
198679.0,34,5843.5
275768.0,34,8110.823529411765
284383.0,34,8364.20588235294
295100.0,34,8679.411764705883
301313.0,35,8608.942857142858
319647.0,35,9132.771428571428
272380.0,35,7782.285714285715
202535.0,35,5786.714285714285
290804.0,35,8308.685714285713
303407.0,35,8668.771428571428
315979.0,35,9027.971428571429
308947.0,35,8827.057142857142
317531.0,35,9072.314285714287
260621.0,35,7446.314285714286
197886.0,35,5653.885714285714
270493.0,35,7728.371428571429
278943.0,35,7969.8
282762.0,35,8078.914285714286
283673.0,35,8104.942857142857
290509.0,35,8300.257142857143
235371.0,35,6724.885714285714
178031.0,35,5086.6
266838.0,35,7623.942857142857
280927.0,35,8026.4857142857145
286376.0,35,8182.171428571429
285833.0,35,8166.657142857143
291983.0,35,8342.371428571429
240368.0,35,6867.657142857143
183906.0,35,5254.457142857143
278310.0,35,7951.714285714285
284757.0,35,8135.914285714286
287873.0,35,8224.942857142858
287352.0,35,8210.057142857142
295218.0,35,8434.8
250726.0,35,7163.6
190397.0,35,5439.914285714286
270662.0,35,7733.2
281186.0,35,8033.885714285714
282285.0,35,8065.285714285715
276955.0,35,7913.0
293851.0,35,8395.742857142857
243381.0,35,6953.742857142857
163005.0,35,4657.285714285715
270146.0,35,7718.457142857143
271093.0,35,7745.5142857142855
273099.0,35,7802.828571428571
276131.0,35,7889.457142857143
290614.0,35,8303.257142857143
244053.0,35,6972.942857142857
170342.0,35,4866.914285714286
264427.0,35,7555.057142857143
262898.0,35,7511.371428571429
278696.0,35,7962.742857142857
281945.0,35,8055.571428571428
293274.0,35,8379.257142857143
249295.0,35,7122.714285714285
178413.0,35,5097.5142857142855
266552.0,35,7615.771428571428
276838.0,35,7909.657142857143
283743.0,35,8106.942857142857
279988.0,35,7999.657142857143
295349.0,35,8438.542857142857
250889.0,35,7168.257142857143
171406.0,35,4897.314285714286
272079.0,35,7773.685714285714
280522.0,35,8014.914285714286
290099.0,35,8288.542857142857
295646.0,35,8447.028571428571
313388.0,35,8953.942857142858
258955.0,35,7398.714285714285
188980.0,35,5399.428571428572
281004.0,35,8028.685714285714
265791.0,35,7594.028571428571
285847.0,35,8167.057142857143
293168.0,35,8376.228571428572
302225.0,35,8635.0
245137.0,35,7003.914285714286
177887.0,35,5082.4857142857145
274382.0,35,7839.4857142857145
289410.0,35,8268.857142857143
279318.0,35,7980.5142857142855
289941.0,35,8284.028571428571
305726.0,35,8735.028571428571
229264.0,35,6550.4
152249.0,35,4349.971428571429
273064.0,35,7801.828571428571
284048.0,35,8115.657142857143
294529.0,36,8181.361111111111
298064.0,36,8279.555555555555
303131.0,36,8420.305555555555
232054.0,36,6445.944444444444
146767.0,36,4076.8611111111113
272048.0,36,7556.888888888889
262874.0,36,7302.055555555556
263614.0,36,7322.611111111111
217818.0,36,6050.5
129289.0,36,3591.3611111111113
140443.0,36,3901.1944444444443
129109.0,36,3586.3611111111113
208930.0,36,5803.611111111111
214120.0,36,5947.777777777777
217028.0,36,6028.555555555556
189837.0,36,5273.25
113405.0,36,3150.1388888888887
167051.0,36,4640.305555555556
130134.0,36,3614.8333333333335
229266.0,36,6368.5
239441.0,36,6651.138888888889
242858.0,36,6746.055555555556
246635.0,36,6850.972222222223
257414.0,36,7150.388888888889
217600.0,36,6044.444444444444
146533.0,36,4070.3611111111113
251738.0,36,6992.722222222223
239743.0,36,6659.527777777777
249133.0,35,7118.085714285714
219755.0,35,6278.714285714285
190893.0,35,5454.085714285714
188569.0,35,5387.685714285714
109094.0,35,3116.9714285714285
218540.0,36,6070.555555555556
233415.0,36,6483.75
239733.0,36,6659.25
238699.0,36,6630.527777777777
250623.0,36,6961.75
190978.0,36,5304.944444444444
151169.0,36,4199.138888888889
220884.0,36,6135.666666666667
241306.0,36,6702.944444444444
229026.0,36,6361.833333333333
243639.0,36,6767.75
258150.0,36,7170.833333333333
193565.0,36,5376.805555555556
142291.0,36,3952.527777777778
235306.0,36,6536.277777777777
242216.0,36,6728.222222222223
247864.0,36,6885.111111111111
250648.0,36,6962.444444444444
265099.0,36,7363.861111111111
206692.0,36,5741.444444444444
140176.0,36,3893.777777777778
236196.0,36,6561.0
239485.0,36,6652.361111111111
239583.0,36,6655.083333333333
241117.0,36,6697.694444444444
259224.0,36,7200.666666666667
194840.0,36,5412.222222222223
151955.0,36,4220.972222222223
225385.0,36,6260.694444444444
234825.0,36,6522.916666666667
243157.0,36,6754.361111111111
243148.0,36,6754.111111111111
255761.0,36,7104.472222222223
208707.0,36,5797.416666666667
164670.0,36,4574.166666666667
232953.0,36,6470.916666666667
238418.0,36,6622.722222222223
246528.0,36,6848.0
253198.0,36,7033.277777777777
264817.0,36,7356.027777777777
209492.0,36,5819.222222222223
163800.0,36,4550.0
261361.0,36,7260.027777777777
265554.0,36,7376.5
268619.0,36,7461.638888888889
267627.0,36,7434.083333333333
288485.0,36,8013.472222222223
242980.0,36,6749.444444444444
158497.0,36,4402.694444444444
260270.0,36,7229.722222222223
266990.0,36,7416.388888888889
277840.0,36,7717.777777777777
269325.0,36,7481.25
286189.0,36,7949.694444444444
234415.0,36,6511.527777777777
150415.0,36,4178.194444444444
255704.0,36,7102.888888888889
265442.0,36,7373.388888888889
269408.0,36,7483.555555555556
269032.0,36,7473.111111111111
289115.0,36,8030.972222222223
243229.0,36,6756.361111111111
160573.0,36,4460.361111111111
255872.0,36,7107.555555555556
271282.0,36,7535.611111111111
280707.0,36,7797.416666666667
281040.0,36,7806.666666666667
293854.0,36,8162.611111111111
250017.0,36,6944.916666666667
182568.0,36,5071.333333333333
263008.0,36,7305.777777777777
281045.0,36,7806.805555555556
293504.0,36,8152.888888888889
296063.0,36,8223.972222222223
174419.0,36,4844.972222222223
224074.0,36,6224.277777777777
176357.0,36,4898.805555555556
160487.0,36,4457.972222222223
257349.0,36,7148.583333333333
256524.0,36,7125.666666666667
272665.0,35,7790.428571428572
285747.0,35,8164.2
242341.0,35,6924.028571428571
173183.0,35,4948.085714285714
250940.0,35,7169.714285714285
263809.0,35,7537.4
273086.0,35,7802.457142857143
276032.0,36,7667.555555555556
290159.0,36,8059.972222222223
240591.0,36,6683.083333333333
160319.0,36,4453.305555555556
264392.0,36,7344.222222222223
272273.0,35,7779.228571428572
281218.0,35,8034.8
277469.0,35,7927.685714285714
309987.0,36,8610.75
263469.0,36,7318.583333333333
193223.0,36,5367.305555555556
271685.0,36,7546.805555555556
277570.0,36,7710.277777777777
277935.0,36,7720.416666666667
286063.0,36,7946.194444444444
300549.0,36,8348.583333333334
182017.0,36,5056.027777777777
163405.0,36,4539.027777777777
277965.0,36,7721.25
274048.0,36,7612.444444444444
276489.0,36,7680.25
275982.0,36,7666.166666666667
290484.0,36,8069.0
262548.0,36,7293.0
214133.0,36,5948.138888888889
275191.0,36,7644.194444444444
284525.0,36,7903.472222222223
306912.0,36,8525.333333333334
172284.0,36,4785.666666666667
277049.0,36,7695.805555555556
233165.0,36,6476.805555555556
166253.0,36,4618.138888888889
271557.0,36,7543.25
277763.0,36,7715.638888888889
287364.0,36,7982.333333333333
291130.0,36,8086.944444444444
296376.0,36,8232.666666666666
250257.0,36,6951.583333333333
181847.0,36,5051.305555555556
169452.0,36,4707.0
291507.0,36,8097.416666666667
292444.0,36,8123.444444444444
293626.0,36,8156.277777777777
315710.0,36,8769.722222222223
259789.0,36,7216.361111111111
201619.0,36,5600.527777777777
283454.0,36,7873.722222222223
295001.0,36,8194.472222222223
300539.0,36,8348.305555555555
313163.0,36,8698.972222222223
313873.0,36,8718.694444444445
264111.0,36,7336.416666666667
191069.0,36,5307.472222222223
277405.0,36,7705.694444444444
288533.0,36,8014.805555555556
294959.0,36,8193.305555555555
298250.0,36,8284.722222222223
310351.0,36,8620.861111111111
260897.0,36,7247.138888888889
203150.0,36,5643.055555555556
282078.0,36,7835.5
288780.0,36,8021.666666666667
294404.0,36,8177.888888888889
295076.0,36,8196.555555555555
305054.0,36,8473.722222222223
257446.0,36,7151.277777777777
181042.0,36,5028.944444444444
276506.0,36,7680.722222222223
289909.0,36,8053.027777777777
296323.0,36,8231.194444444445
298070.0,36,8279.722222222223
314359.0,36,8732.194444444445
269782.0,36,7493.944444444444
205442.0,36,5706.722222222223
277667.0,36,7712.972222222223
295077.0,36,8196.583333333334
305309.0,36,8480.805555555555
305530.0,36,8486.944444444445
307981.0,36,8555.027777777777
264087.0,36,7335.75
192274.0,36,5340.944444444444
283232.0,36,7867.555555555556
292872.0,36,8135.333333333333
303497.0,36,8430.472222222223
301570.0,36,8376.944444444445
314176.0,36,8727.111111111111
266652.0,36,7407.0
199394.0,36,5538.722222222223
289822.0,36,8050.611111111111
293318.0,36,8147.722222222223
303139.0,36,8420.527777777777
297667.0,36,8268.527777777777
304512.0,36,8458.666666666666
242817.0,36,6744.916666666667
182250.0,36,5062.5
263558.0,36,7321.055555555556
274503.0,36,7625.083333333333
268250.0,36,7451.388888888889
278697.0,36,7741.583333333333
269211.0,36,7478.083333333333
213160.0,36,5921.111111111111
154476.0,36,4291.0
232284.0,36,6452.333333333333
243488.0,36,6763.555555555556
244354.0,36,6787.611111111111
241522.0,35,6900.628571428571
244481.0,35,6985.171428571429
204670.0,35,5847.714285714285
148548.0,35,4244.228571428572
230017.0,35,6571.914285714286
234905.0,36,6525.138888888889
239002.0,36,6638.944444444444
243290.0,36,6758.055555555556
248203.0,35,7091.5142857142855
204857.0,35,5853.057142857143
168502.0,35,4814.342857142857
241098.0,35,6888.5142857142855
253612.0,35,7246.057142857143
258236.0,36,7173.222222222223
260824.0,36,7245.111111111111
265495.0,36,7374.861111111111
224684.0,36,6241.222222222223
182022.0,36,5056.166666666667
262140.0,36,7281.666666666667
270459.0,36,7512.75
284017.0,36,7889.361111111111
286643.0,36,7962.305555555556
296612.0,36,8239.222222222223
258408.0,36,7178.0
190450.0,36,5290.277777777777
274006.0,36,7611.277777777777
287156.0,36,7976.555555555556
299270.0,36,8313.055555555555
300330.0,36,8342.5
311263.0,36,8646.194444444445
265048.0,36,7362.444444444444
198251.0,36,5506.972222222223
281629.0,36,7823.027777777777
294566.0,36,8182.388888888889
298102.0,36,8280.611111111111
297172.0,36,8254.777777777777
304571.0,36,8460.305555555555
268788.0,36,7466.333333333333
218740.0,36,6076.111111111111
275814.0,36,7661.5
276365.0,36,7676.805555555556
293862.0,36,8162.833333333333
297280.0,36,8257.777777777777
303706.0,36,8436.277777777777
263578.0,36,7321.611111111111
206647.0,36,5740.194444444444
267642.0,36,7434.5
285474.0,36,7929.833333333333
286919.0,35,8197.685714285713
284128.0,35,8117.942857142857
298431.0,35,8526.6
263729.0,35,7535.114285714286
180668.0,35,5161.942857142857
271249.0,35,7749.971428571429
283836.0,35,8109.6
287233.0,35,8206.657142857142
292191.0,35,8348.314285714287
304980.0,35,8713.714285714286
272293.0,35,7779.8
199504.0,35,5700.114285714286
278011.0,35,7943.171428571429
289360.0,35,8267.42857142857
297300.0,35,8494.285714285714
301931.0,35,8626.6
309365.0,35,8839.0
272524.0,35,7786.4
201802.0,35,5765.771428571428
269605.0,35,7703.0
283514.0,35,8100.4
288206.0,35,8234.457142857143
290677.0,35,8305.057142857142
296778.0,35,8479.371428571429
254369.0,35,7267.685714285714
190836.0,35,5452.457142857143
257075.0,35,7345.0
259265.0,35,7407.571428571428
265450.0,35,7584.285714285715
271011.0,35,7743.171428571429
275396.0,35,7868.457142857143
239145.0,35,6832.714285714285
183818.0,35,5251.942857142857
258616.0,35,7389.028571428571
270047.0,35,7715.628571428571
277062.0,35,7916.057142857143
280753.0,35,8021.5142857142855
290422.0,35,8297.771428571428
255822.0,35,7309.2
198652.0,35,5675.771428571428
281647.0,35,8047.057142857143
294452.0,35,8412.914285714285
300136.0,35,8575.314285714287
303207.0,35,8663.057142857142
317312.0,35,9066.057142857142
275368.0,35,7867.657142857143
217988.0,35,6228.228571428572
288473.0,35,8242.085714285715
289394.0,35,8268.4
295768.0,35,8450.514285714286
295307.0,35,8437.342857142858
308421.0,35,8812.028571428571
271049.0,35,7744.257142857143
208685.0,35,5962.428571428572
277028.0,35,7915.085714285714
291002.0,35,8314.342857142858
296910.0,35,8483.142857142857
303260.0,35,8664.57142857143
302168.0,35,8633.371428571429
255676.0,35,7305.028571428571
183169.0,35,5233.4
272046.0,35,7772.742857142857
249486.0,35,7128.171428571429
252387.0,32,7887.09375
252626.0,32,7894.5625
265084.0,32,8283.875
219456.0,32,6858.0
168156.0,32,5254.875
237187.0,32,7412.09375
250202.0,32,7818.8125
254103.0,32,7940.71875
263013.0,32,8219.15625
270022.0,32,8438.1875
230062.0,32,7189.4375
172793.0,32,5399.78125
234569.0,32,7330.28125
246917.0,32,7716.15625
252981.0,32,7905.65625
249448.0,32,7795.25
265061.0,32,8283.15625
191738.0,32,5991.8125
168261.0,32,5258.15625
235757.0,32,7367.40625
242890.0,32,7590.3125
244806.0,32,7650.1875
245428.0,32,7669.625
272772.0,35,7793.4857142857145
253595.0,35,7245.571428571428
193251.0,35,5521.457142857143
249518.0,35,7129.085714285714
285305.0,35,8151.571428571428
295059.0,35,8430.257142857143
298941.0,35,8541.171428571428
308185.0,35,8805.285714285714
254577.0,35,7273.628571428571
193762.0,35,5536.057142857143
259266.0,35,7407.6
264818.0,35,7566.228571428572
271007.0,35,7743.057142857143
267258.0,35,7635.942857142857
225919.0,35,6454.828571428571
150277.0,35,4293.628571428571
147869.0,35,4224.828571428571
204578.0,35,5845.085714285714
205929.0,35,5883.685714285714
206765.0,35,5907.571428571428
149200.0,35,4262.857142857143
165464.0,35,4727.542857142857
218495.0,35,6242.714285714285
228251.0,35,6521.457142857143
238101.0,35,6802.885714285714
240216.0,35,6863.314285714286
246518.0,35,7043.371428571429
218160.0,35,6233.142857142857
155348.0,35,4438.5142857142855
239093.0,35,6831.228571428572
251199.0,35,7177.114285714286
256773.0,35,7336.371428571429
258125.0,35,7375.0
271342.0,35,7752.628571428571
230863.0,35,6596.085714285714
174692.0,35,4991.2
250333.0,35,7152.371428571429
260941.0,35,7455.457142857143
266907.0,35,7625.914285714286
262184.0,35,7490.971428571429
275411.0,35,7868.885714285714
234599.0,35,6702.828571428571
174253.0,35,4978.657142857143
251589.0,35,7188.257142857143
265030.0,35,7572.285714285715
271010.0,35,7743.142857142857
272965.0,35,7799.0
282582.0,35,8073.771428571428
248379.0,35,7096.542857142857
177944.0,35,5084.114285714286
257036.0,35,7343.885714285714
262318.0,35,7494.8
270007.0,35,7714.4857142857145
272757.0,35,7793.057142857143
286191.0,35,8176.885714285714
255114.0,35,7288.971428571429
174950.0,35,4998.571428571428
261051.0,35,7458.6
274172.0,35,7833.4857142857145
281079.0,35,8030.828571428571
280624.0,35,8017.828571428571
287275.0,35,8207.857142857143
240104.0,35,6860.114285714286
189313.0,35,5408.942857142857
254660.0,35,7276.0
259257.0,35,7407.342857142857
260314.0,35,7437.542857142857
264628.0,35,7560.8
275789.0,35,7879.685714285714
236292.0,35,6751.2
179037.0,35,5115.342857142857
249344.0,35,7124.114285714286
264874.0,35,7567.828571428571
270406.0,35,7725.885714285714
272606.0,35,7788.742857142857
290643.0,35,8304.085714285715
250457.0,35,7155.914285714286
202106.0,35,5774.457142857143
274061.0,35,7830.314285714286
283725.0,35,8106.428571428572
285406.0,35,8154.457142857143
289553.0,35,8272.942857142858
297988.0,35,8513.942857142858
255785.0,35,7308.142857142857
198211.0,35,5663.171428571429
272851.0,35,7795.742857142857
286040.0,35,8172.571428571428
290149.0,35,8289.971428571429
284791.0,35,8136.885714285714
290543.0,35,8301.228571428572
253262.0,35,7236.057142857143
197709.0,35,5648.828571428571
266841.0,35,7624.028571428571
276481.0,35,7899.457142857143
282383.0,35,8068.085714285714
282608.0,35,8074.5142857142855
289786.0,35,8279.6
248931.0,34,7321.5
199402.0,34,5864.764705882353
265461.0,34,7807.676470588235
278084.0,34,8178.941176470588
288250.0,34,8477.941176470587
285259.0,34,8389.970588235294
295821.0,34,8700.617647058823
262134.0,34,7709.823529411765
205758.0,34,6051.705882352941
274466.0,34,8072.529411764706
287921.0,34,8468.264705882353
288606.0,34,8488.411764705883
291182.0,34,8564.176470588236
295751.0,34,8698.558823529413
242039.0,34,7118.794117647059
186457.0,34,5484.029411764706
277630.0,34,8165.588235294118
283700.0,34,8344.117647058823
293167.0,34,8622.558823529413
289495.0,34,8514.558823529413
300468.0,34,8837.29411764706
258701.0,34,7608.85294117647
194536.0,34,5721.64705882353
275761.0,34,8110.617647058823
285638.0,34,8401.117647058823
293658.0,34,8637.0
290568.0,34,8546.117647058823
169576.0,34,4987.529411764706
209867.0,34,6172.558823529412
168870.0,34,4966.764705882353
168955.0,34,4969.264705882353
256776.0,34,7552.235294117647
265987.0,34,7823.14705882353
266925.0,34,7850.735294117647
275962.0,34,8116.529411764706
232452.0,34,6836.823529411765
171071.0,34,5031.5
243259.0,35,6950.257142857143
276786.0,35,7908.171428571429
282712.0,35,8077.4857142857145
287742.0,35,8221.2
293843.0,35,8395.514285714286
250174.0,35,7147.828571428571
183351.0,35,5238.6
282050.0,35,8058.571428571428
287436.0,35,8212.457142857143
289774.0,34,8522.764705882353
290773.0,34,8552.14705882353
297034.0,34,8736.29411764706
266408.0,34,7835.529411764706
212996.0,34,6264.588235294118
273149.0,34,8033.794117647059
286858.0,34,8437.0
294826.0,34,8671.35294117647
296207.0,34,8711.970588235294
296456.0,34,8719.29411764706
261448.0,34,7689.64705882353
207113.0,34,6091.558823529412
276989.0,34,8146.735294117647
293749.0,35,8392.828571428572
298574.0,35,8530.685714285713
300065.0,35,8573.285714285714
306192.0,35,8748.342857142858
258748.0,35,7392.8
199120.0,35,5689.142857142857
279271.0,35,7979.171428571429
291416.0,34,8571.058823529413
306499.0,34,9014.676470588236
189739.0,34,5580.558823529412
255070.0,34,7502.058823529412
225200.0,34,6623.529411764706
193494.0,34,5691.0
282976.0,34,8322.823529411764
288316.0,34,8479.882352941177
284165.0,33,8611.060606060606
285730.0,34,8403.823529411764
290696.0,34,8549.882352941177
243213.0,34,7153.323529411765
174056.0,34,5119.294117647059
181661.0,34,5342.970588235294
286134.0,34,8415.70588235294
290793.0,34,8552.735294117647
289429.0,34,8512.617647058823
299895.0,34,8820.441176470587
256000.0,34,7529.411764705882
205156.0,34,6034.0
275477.0,34,8102.264705882353
284239.0,34,8359.970588235294
292212.0,34,8594.470588235294
297451.0,34,8748.558823529413
295891.0,34,8702.676470588236
243243.0,34,7154.205882352941
195456.0,34,5748.705882352941
271926.0,34,7997.823529411765
282645.0,34,8313.088235294117
287532.0,34,8456.823529411764
293707.0,34,8638.441176470587
295004.0,34,8676.588235294117
251132.0,34,7386.235294117647
197861.0,34,5819.441176470588
274837.0,34,8083.441176470588
287966.0,34,8469.588235294117
292631.0,34,8606.79411764706
291519.0,34,8574.088235294117
297102.0,34,8738.29411764706
255522.0,34,7515.35294117647
201009.0,34,5912.029411764706
270627.0,34,7959.617647058823
285427.0,34,8394.911764705883
289351.0,34,8510.323529411764
288856.0,34,8495.764705882353
291184.0,34,8564.235294117647
245811.0,34,7229.735294117647
197092.0,34,5796.823529411765
287702.0,34,8461.823529411764
284856.0,34,8378.117647058823
283226.0,34,8330.176470588236
283211.0,34,8329.735294117647
281551.0,34,8280.911764705883
226807.0,34,6670.794117647059
177111.0,34,5209.14705882353
248409.0,34,7306.14705882353
255236.0,34,7506.941176470588
250956.0,34,7381.058823529412
251444.0,34,7395.411764705882
251925.0,34,7409.558823529412
201810.0,34,5935.588235294118
157055.0,34,4619.264705882353
224885.0,34,6614.264705882353
238301.0,34,7008.85294117647
237070.0,34,6972.64705882353
233569.0,34,6869.676470588235
231540.0,34,6810.0
188990.0,34,5558.529411764706
145494.0,34,4279.235294117647
145402.0,34,4276.529411764706
226170.0,34,6652.058823529412
225428.0,34,6630.235294117647
225161.0,34,6622.382352941177
222755.0,34,6551.617647058823
197282.0,34,5802.411764705882
157688.0,34,4637.882352941177
232132.0,34,6827.411764705882
243480.0,34,7161.176470588235
247711.0,34,7285.617647058823
250729.0,34,7374.382352941177
256496.0,34,7544.0
190952.0,34,5616.235294117647
175094.0,34,5149.823529411765
258497.0,34,7602.85294117647
264975.0,34,7793.382352941177
266801.0,34,7847.088235294118
270536.0,34,7956.941176470588
283176.0,34,8328.70588235294
239838.0,34,7054.058823529412
191798.0,34,5641.117647058823
264724.0,34,7786.0
279437.0,34,8218.735294117647
285660.0,34,8401.764705882353
290366.0,34,8540.176470588236
292401.0,34,8600.029411764706
251197.0,34,7388.14705882353
198384.0,34,5834.823529411765
272792.0,35,7794.057142857143
282820.0,35,8080.571428571428
289397.0,35,8268.485714285714
287618.0,35,8217.657142857142
290461.0,35,8298.885714285714
249418.0,35,7126.228571428572
203371.0,35,5810.6
261482.0,35,7470.914285714286
272682.0,34,8020.058823529412
276465.0,34,8131.323529411765
282302.0,34,8303.0
279407.0,34,8217.85294117647
245615.0,34,7223.970588235294
197850.0,34,5819.117647058823
249602.0,34,7341.235294117647
269603.0,34,7929.5
275779.0,34,8111.14705882353
277600.0,34,8164.705882352941
290352.0,34,8539.764705882353
253030.0,34,7442.058823529412
195799.0,34,5758.794117647059
262468.0,34,7719.64705882353
272076.0,34,8002.235294117647
281735.0,34,8286.323529411764
280359.0,34,8245.85294117647
286636.0,34,8430.470588235294
250194.0,34,7358.64705882353
190542.0,34,5604.176470588235
267841.0,34,7877.676470588235
274936.0,34,8086.35294117647
285800.0,34,8405.882352941177
282580.0,34,8311.176470588236
292065.0,34,8590.14705882353
259990.0,34,7646.764705882353
194269.0,34,5713.794117647059
267993.0,34,7882.14705882353
274271.0,34,8066.794117647059
278953.0,34,8204.5
281984.0,34,8293.64705882353
283271.0,34,8331.5
238306.0,34,7009.0
176953.0,34,5204.5
246774.0,34,7258.058823529412
253722.0,34,7462.411764705882
244303.0,34,7185.382352941177
253420.0,34,7453.529411764706
261854.0,34,7701.588235294118
223366.0,34,6569.588235294118
182237.0,34,5359.911764705882
244840.0,34,7201.176470588235
260369.0,34,7657.911764705882
266110.0,34,7826.764705882353
268171.0,34,7887.382352941177
274194.0,34,8064.529411764706
239666.0,34,7049.0
189297.0,34,5567.558823529412
273215.0,34,8035.735294117647
289482.0,34,8514.176470588236
287497.0,33,8712.030303030304
293343.0,33,8889.181818181818
293831.0,33,8903.969696969696
262820.0,33,7964.242424242424
209796.0,33,6357.454545454545
271535.0,33,8228.333333333334
283050.0,33,8577.272727272728
279252.0,33,8462.181818181818
277046.0,33,8395.333333333334
288230.0,33,8734.242424242424
251137.0,33,7610.212121212121
186390.0,33,5648.181818181818
264512.0,33,8015.515151515152
278088.0,33,8426.90909090909
279561.0,33,8471.545454545454
287798.0,33,8721.151515151516
289495.0,33,8772.575757575758
255278.0,33,7735.69696969697
193622.0,33,5867.333333333333
261095.0,33,7911.969696969697
269287.0,33,8160.212121212121
276532.0,33,8379.757575757576
278455.0,33,8438.030303030304
285166.0,32,8911.4375
247495.0,32,7734.21875
180539.0,32,5641.84375
257163.0,32,8036.34375
271831.0,32,8494.71875
275655.0,32,8614.21875
276181.0,32,8630.65625
295445.0,32,9232.65625
255358.0,32,7979.9375
200843.0,32,6276.34375
258953.0,32,8092.28125
272122.0,32,8503.8125
281278.0,32,8789.9375
279339.0,32,8729.34375
286723.0,32,8960.09375
250283.0,32,7821.34375
189703.0,32,5928.21875
262796.0,32,8212.375
274474.0,32,8577.3125
282558.0,33,8562.363636363636
281076.0,33,8517.454545454546
285212.0,33,8642.787878787878
237316.0,33,7191.393939393939
194488.0,33,5893.575757575758
269032.0,34,7912.705882352941
280975.0,34,8263.970588235294
277425.0,34,8159.558823529412
289868.0,34,8525.529411764706
288383.0,34,8481.85294117647
254494.0,34,7485.117647058823
193123.0,34,5680.088235294118
271571.0,34,7987.382352941177
283401.0,34,8335.323529411764
284259.0,34,8360.558823529413
282435.0,34,8306.911764705883
274829.0,34,8083.205882352941
203785.0,34,5993.676470588235
159632.0,34,4695.058823529412
145933.0,34,4292.14705882353
207219.0,34,6094.676470588235
209698.0,34,6167.588235294118
209735.0,34,6168.676470588235
